date,load
2018/01/01 00:00,0
2018/01/01 01:00,0
2018/01/01 02:00,0
2018/01/01 03:00,0
2018/01/01 04:00,0
2018/01/01 05:00,0
2018/01/01 06:00,0
2018/01/01 07:00,0
2018/01/01 08:00,0
2018/01/01 09:00,0
2018/01/01 10:00,0
2018/01/01 11:00,0
2018/01/01 12:00,0
2018/01/01 13:00,0
2018/01/01 14:00,0
2018/01/01 15:00,0
2018/01/01 16:00,0
2018/01/01 17:00,0.581300813
2018/01/01 18:00,3.170731707
2018/01/01 19:00,2.74796748
2018/01/01 20:00,0
2018/01/01 21:00,0
2018/01/01 22:00,0
2018/01/01 23:00,0
2018/01/02 00:00,0
2018/01/02 01:00,0
2018/01/02 02:00,0
2018/01/02 03:00,0
2018/01/02 04:00,0
2018/01/02 05:00,0
2018/01/02 06:00,0
2018/01/02 07:00,0
2018/01/02 08:00,0.826666667
2018/01/02 09:00,1.653333333
2018/01/02 10:00,0
2018/01/02 11:00,0
2018/01/02 12:00,0
2018/01/02 13:00,0
2018/01/02 14:00,0
2018/01/02 15:00,0
2018/01/02 16:00,0
2018/01/02 17:00,0
2018/01/02 18:00,0
2018/01/02 19:00,0
2018/01/02 20:00,0
2018/01/02 21:00,3.336877828
2018/01/02 22:00,4.085972851
2018/01/02 23:00,4.085972851
2018/01/03 00:00,3.541176471
2018/01/03 01:00,0
2018/01/03 02:00,0
2018/01/03 03:00,0
2018/01/03 04:00,0
2018/01/03 05:00,0
2018/01/03 06:00,0
2018/01/03 07:00,0
2018/01/03 08:00,0
2018/01/03 09:00,2.499561404
2018/01/03 10:00,3.657894737
2018/01/03 11:00,0.79254386
2018/01/03 12:00,0
2018/01/03 13:00,0
2018/01/03 14:00,2.376666667
2018/01/03 15:00,0.103333333
2018/01/03 16:00,0
2018/01/03 17:00,0
2018/01/03 18:00,0
2018/01/03 19:00,0
2018/01/03 20:00,0
2018/01/03 21:00,0
2018/01/03 22:00,0
2018/01/03 23:00,0
2018/01/04 00:00,0
2018/01/04 01:00,0
2018/01/04 02:00,0
2018/01/04 03:00,0
2018/01/04 04:00,0
2018/01/04 05:00,0
2018/01/04 06:00,0
2018/01/04 07:00,0
2018/01/04 08:00,0
2018/01/04 09:00,1.027164179
2018/01/04 10:00,1.988059701
2018/01/04 11:00,1.424776119
2018/01/04 12:00,3.793214286
2018/01/04 13:00,5.823965201
2018/01/04 14:00,3.617948718
2018/01/04 15:00,3.617948718
2018/01/04 16:00,3.617948718
2018/01/04 17:00,1.808974359
2018/01/04 18:00,0
2018/01/04 19:00,0
2018/01/04 20:00,3.018688525
2018/01/04 21:00,4.116393443
2018/01/04 22:00,4.116393443
2018/01/04 23:00,4.116393443
2018/01/05 00:00,1.372131148
2018/01/05 01:00,0
2018/01/05 02:00,0
2018/01/05 03:00,0
2018/01/05 04:00,0
2018/01/05 05:00,0
2018/01/05 06:00,0
2018/01/05 07:00,0
2018/01/05 08:00,0
2018/01/05 09:00,0
2018/01/05 10:00,0
2018/01/05 11:00,0
2018/01/05 12:00,0
2018/01/05 13:00,0
2018/01/05 14:00,0
2018/01/05 15:00,0
2018/01/05 16:00,2.178947368
2018/01/05 17:00,0.121052632
2018/01/05 18:00,0
2018/01/05 19:00,0
2018/01/05 20:00,0
2018/01/05 21:00,0
2018/01/05 22:00,0
2018/01/05 23:00,0
2018/01/06 00:00,0
2018/01/06 01:00,0
2018/01/06 02:00,0
2018/01/06 03:00,0
2018/01/06 04:00,0
2018/01/06 05:00,0
2018/01/06 06:00,0
2018/01/06 07:00,0.622439024
2018/01/06 08:00,5.822435384
2018/01/06 09:00,2.771891761
2018/01/06 10:00,3.050746269
2018/01/06 11:00,3.050746269
2018/01/06 12:00,3.050746269
2018/01/06 13:00,0.660995025
2018/01/06 14:00,0.415298507
2018/01/06 15:00,4.98358209
2018/01/06 16:00,4.98358209
2018/01/06 17:00,0.747537313
2018/01/06 18:00,0
2018/01/06 19:00,0
2018/01/06 20:00,0
2018/01/06 21:00,0
2018/01/06 22:00,0
2018/01/06 23:00,0
2018/01/07 00:00,0
2018/01/07 01:00,0
2018/01/07 02:00,0
2018/01/07 03:00,0
2018/01/07 04:00,0
2018/01/07 05:00,0
2018/01/07 06:00,0
2018/01/07 07:00,0
2018/01/07 08:00,0
2018/01/07 09:00,0.569722222
2018/01/07 10:00,2.360277778
2018/01/07 11:00,0.554347826
2018/01/07 12:00,3.695652174
2018/01/07 13:00,3.695652174
2018/01/07 14:00,3.925458937
2018/01/07 15:00,5.466666667
2018/01/07 16:00,9.323333333
2018/01/07 17:00,1.018888889
2018/01/07 18:00,0
2018/01/07 19:00,0
2018/01/07 20:00,0
2018/01/07 21:00,0
2018/01/07 22:00,0
2018/01/07 23:00,0
2018/01/08 00:00,0
2018/01/08 01:00,0
2018/01/08 02:00,0
2018/01/08 03:00,0
2018/01/08 04:00,0
2018/01/08 05:00,0
2018/01/08 06:00,0
2018/01/08 07:00,0
2018/01/08 08:00,0
2018/01/08 09:00,0
2018/01/08 10:00,1.034224138
2018/01/08 11:00,4.164144229
2018/01/08 12:00,6.475147615
2018/01/08 13:00,5.64109589
2018/01/08 14:00,5.64109589
2018/01/08 15:00,1.504292237
2018/01/08 16:00,0
2018/01/08 17:00,0
2018/01/08 18:00,0
2018/01/08 19:00,0
2018/01/08 20:00,0
2018/01/08 21:00,0
2018/01/08 22:00,0
2018/01/08 23:00,0
2018/01/09 00:00,0
2018/01/09 01:00,0
2018/01/09 02:00,0
2018/01/09 03:00,0
2018/01/09 04:00,0
2018/01/09 05:00,0
2018/01/09 06:00,0
2018/01/09 07:00,0
2018/01/09 08:00,0.715
2018/01/09 09:00,2.475
2018/01/09 10:00,1.548598131
2018/01/09 11:00,8.093990802
2018/01/09 12:00,9.06420601
2018/01/09 13:00,6.664980759
2018/01/09 14:00,6.862963952
2018/01/09 15:00,8.66927564
2018/01/09 16:00,1.705984707
2018/01/09 17:00,0
2018/01/09 18:00,0
2018/01/09 19:00,0
2018/01/09 20:00,0
2018/01/09 21:00,0
2018/01/09 22:00,0
2018/01/09 23:00,0
2018/01/10 00:00,0
2018/01/10 01:00,0
2018/01/10 02:00,0
2018/01/10 03:00,0
2018/01/10 04:00,0
2018/01/10 05:00,0
2018/01/10 06:00,0
2018/01/10 07:00,0
2018/01/10 08:00,0
2018/01/10 09:00,3.577916084
2018/01/10 10:00,3.338391608
2018/01/10 11:00,0.803692308
2018/01/10 12:00,0.216603774
2018/01/10 13:00,5.83415572
2018/01/10 14:00,5.999692436
2018/01/10 15:00,10.85396675
2018/01/10 16:00,11.04829977
2018/01/10 17:00,1.507281553
2018/01/10 18:00,0
2018/01/10 19:00,0
2018/01/10 20:00,0
2018/01/10 21:00,0
2018/01/10 22:00,0
2018/01/10 23:00,0
2018/01/11 00:00,0
2018/01/11 01:00,0
2018/01/11 02:00,0
2018/01/11 03:00,0
2018/01/11 04:00,0
2018/01/11 05:00,0
2018/01/11 06:00,0
2018/01/11 07:00,0
2018/01/11 08:00,7.952556107
2018/01/11 09:00,9.967864945
2018/01/11 10:00,5.318837093
2018/01/11 11:00,11.93674185
2018/01/11 12:00,7.154
2018/01/11 13:00,0
2018/01/11 14:00,6.399259259
2018/01/11 15:00,0.120740741
2018/01/11 16:00,6.03808689
2018/01/11 17:00,2.97191311
2018/01/11 18:00,0
2018/01/11 19:00,0
2018/01/11 20:00,0
2018/01/11 21:00,0
2018/01/11 22:00,0
2018/01/11 23:00,0
2018/01/12 00:00,0
2018/01/12 01:00,0
2018/01/12 02:00,0
2018/01/12 03:00,0
2018/01/12 04:00,0
2018/01/12 05:00,0
2018/01/12 06:00,0
2018/01/12 07:00,0
2018/01/12 08:00,0.4575
2018/01/12 09:00,7.451987448
2018/01/12 10:00,6.472479079
2018/01/12 11:00,4.794979079
2018/01/12 12:00,4.794979079
2018/01/12 13:00,4.971030058
2018/01/12 14:00,9.671667614
2018/01/12 15:00,9.095377641
2018/01/12 16:00,0
2018/01/12 17:00,0
2018/01/12 18:00,0
2018/01/12 19:00,0
2018/01/12 20:00,0
2018/01/12 21:00,0
2018/01/12 22:00,0
2018/01/12 23:00,0
2018/01/13 00:00,0
2018/01/13 01:00,0
2018/01/13 02:00,0
2018/01/13 03:00,0
2018/01/13 04:00,0
2018/01/13 05:00,0
2018/01/13 06:00,3.946909091
2018/01/13 07:00,6.578181818
2018/01/13 08:00,1.534909091
2018/01/13 09:00,3.799576271
2018/01/13 10:00,6.513559322
2018/01/13 11:00,2.496864407
2018/01/13 12:00,0
2018/01/13 13:00,0
2018/01/13 14:00,0
2018/01/13 15:00,0.596666667
2018/01/13 16:00,2.983333333
2018/01/13 17:00,0
2018/01/13 18:00,0
2018/01/13 19:00,0
2018/01/13 20:00,0
2018/01/13 21:00,0
2018/01/13 22:00,0
2018/01/13 23:00,0
2018/01/14 00:00,0
2018/01/14 01:00,0
2018/01/14 02:00,0
2018/01/14 03:00,0
2018/01/14 04:00,0
2018/01/14 05:00,0
2018/01/14 06:00,0
2018/01/14 07:00,0
2018/01/14 08:00,0
2018/01/14 09:00,0
2018/01/14 10:00,0
2018/01/14 11:00,0.544634146
2018/01/14 12:00,0
2018/01/14 13:00,0
2018/01/14 14:00,4.133088235
2018/01/14 15:00,3.896911765
2018/01/14 16:00,0
2018/01/14 17:00,0
2018/01/14 18:00,0
2018/01/14 19:00,0
2018/01/14 20:00,0
2018/01/14 21:00,0
2018/01/14 22:00,0
2018/01/14 23:00,0
2018/01/15 00:00,0
2018/01/15 01:00,0
2018/01/15 02:00,0
2018/01/15 03:00,0
2018/01/15 04:00,0
2018/01/15 05:00,0
2018/01/15 06:00,0
2018/01/15 07:00,0
2018/01/15 08:00,0
2018/01/15 09:00,2.087962963
2018/01/15 10:00,2.012037037
2018/01/15 11:00,0
2018/01/15 12:00,0
2018/01/15 13:00,0
2018/01/15 14:00,0
2018/01/15 15:00,0
2018/01/15 16:00,0
2018/01/15 17:00,0
2018/01/15 18:00,0
2018/01/15 19:00,0
2018/01/15 20:00,0
2018/01/15 21:00,0
2018/01/15 22:00,0
2018/01/15 23:00,0
2018/01/16 00:00,0
2018/01/16 01:00,0
2018/01/16 02:00,0
2018/01/16 03:00,0
2018/01/16 04:00,0
2018/01/16 05:00,0
2018/01/16 06:00,0.300638298
2018/01/16 07:00,5.45991365
2018/01/16 08:00,7.466757748
2018/01/16 09:00,14.8155447
2018/01/16 10:00,11.19720179
2018/01/16 11:00,15.00979757
2018/01/16 12:00,10.23014624
2018/01/16 13:00,0
2018/01/16 14:00,1.974642857
2018/01/16 15:00,3.845357143
2018/01/16 16:00,0
2018/01/16 17:00,0
2018/01/16 18:00,0
2018/01/16 19:00,0
2018/01/16 20:00,0
2018/01/16 21:00,0
2018/01/16 22:00,0
2018/01/16 23:00,0
2018/01/17 00:00,0
2018/01/17 01:00,0
2018/01/17 02:00,0
2018/01/17 03:00,0
2018/01/17 04:00,0
2018/01/17 05:00,0
2018/01/17 06:00,0
2018/01/17 07:00,0
2018/01/17 08:00,2.9088
2018/01/17 09:00,9.226664748
2018/01/17 10:00,6.920218705
2018/01/17 11:00,1.234316547
2018/01/17 12:00,1.818848168
2018/01/17 13:00,2.42513089
2018/01/17 14:00,2.42513089
2018/01/17 15:00,3.450890052
2018/01/17 16:00,0.956
2018/01/17 17:00,4.25437037
2018/01/17 18:00,5.835555556
2018/01/17 19:00,3.404074074
2018/01/17 20:00,0
2018/01/17 21:00,0
2018/01/17 22:00,0
2018/01/17 23:00,0
2018/01/18 00:00,0
2018/01/18 01:00,0
2018/01/18 02:00,0
2018/01/18 03:00,0
2018/01/18 04:00,0
2018/01/18 05:00,0
2018/01/18 06:00,0
2018/01/18 07:00,0
2018/01/18 08:00,2.34025
2018/01/18 09:00,5.79975
2018/01/18 10:00,2.400465863
2018/01/18 11:00,4.21186747
2018/01/18 12:00,1.397666667
2018/01/18 13:00,4.339728353
2018/01/18 14:00,2.98672326
2018/01/18 15:00,3.477931949
2018/01/18 16:00,2.465616438
2018/01/18 17:00,0
2018/01/18 18:00,0
2018/01/18 19:00,3.557740586
2018/01/18 20:00,3.881171548
2018/01/18 21:00,3.881171548
2018/01/18 22:00,3.881171548
2018/01/18 23:00,0.25874477
2018/01/19 00:00,0
2018/01/19 01:00,0
2018/01/19 02:00,0
2018/01/19 03:00,0
2018/01/19 04:00,0
2018/01/19 05:00,0
2018/01/19 06:00,0
2018/01/19 07:00,0
2018/01/19 08:00,0
2018/01/19 09:00,0
2018/01/19 10:00,0.40798213
2018/01/19 11:00,7.976574832
2018/01/19 12:00,3.695443038
2018/01/19 13:00,1.511662519
2018/01/19 14:00,6.468337481
2018/01/19 15:00,0
2018/01/19 16:00,3.672
2018/01/19 17:00,3.799717172
2018/01/19 18:00,5.406060606
2018/01/19 19:00,1.982222222
2018/01/19 20:00,0
2018/01/19 21:00,0
2018/01/19 22:00,0
2018/01/19 23:00,0
2018/01/20 00:00,0
2018/01/20 01:00,0
2018/01/20 02:00,0
2018/01/20 03:00,0
2018/01/20 04:00,0
2018/01/20 05:00,0
2018/01/20 06:00,0
2018/01/20 07:00,1.264690265
2018/01/20 08:00,2.447787611
2018/01/20 09:00,0.897522124
2018/01/20 10:00,0
2018/01/20 11:00,1.819939638
2018/01/20 12:00,7.948370221
2018/01/20 13:00,3.714084507
2018/01/20 14:00,0.560019427
2018/01/20 15:00,2.707586207
2018/01/20 16:00,0
2018/01/20 17:00,0
2018/01/20 18:00,0
2018/01/20 19:00,0
2018/01/20 20:00,1.803492063
2018/01/20 21:00,2.774603175
2018/01/20 22:00,2.774603175
2018/01/20 23:00,1.387301587
2018/01/21 00:00,0
2018/01/21 01:00,0
2018/01/21 02:00,0
2018/01/21 03:00,0
2018/01/21 04:00,0
2018/01/21 05:00,0
2018/01/21 06:00,0
2018/01/21 07:00,0
2018/01/21 08:00,0
2018/01/21 09:00,0
2018/01/21 10:00,0
2018/01/21 11:00,0
2018/01/21 12:00,0
2018/01/21 13:00,0
2018/01/21 14:00,4.114513274
2018/01/21 15:00,6.021238938
2018/01/21 16:00,1.204247788
2018/01/21 17:00,2.250307167
2018/01/21 18:00,4.091467577
2018/01/21 19:00,4.091467577
2018/01/21 20:00,4.091467577
2018/01/21 21:00,4.091467577
2018/01/21 22:00,1.363822526
2018/01/21 23:00,0
2018/01/22 00:00,0
2018/01/22 01:00,0
2018/01/22 02:00,0
2018/01/22 03:00,0
2018/01/22 04:00,0
2018/01/22 05:00,0
2018/01/22 06:00,0
2018/01/22 07:00,0
2018/01/22 08:00,0
2018/01/22 09:00,0
2018/01/22 10:00,2.919055118
2018/01/22 11:00,4.485917264
2018/01/22 12:00,3.145595574
2018/01/22 13:00,4.950582486
2018/01/22 14:00,2.808849558
2018/01/22 15:00,2.905306528
2018/01/22 16:00,2.847058824
2018/01/22 17:00,2.847058824
2018/01/22 18:00,2.230196078
2018/01/22 19:00,0
2018/01/22 20:00,0
2018/01/22 21:00,0
2018/01/22 22:00,0
2018/01/22 23:00,0
2018/01/23 00:00,0
2018/01/23 01:00,0
2018/01/23 02:00,0
2018/01/23 03:00,0
2018/01/23 04:00,0
2018/01/23 05:00,0
2018/01/23 06:00,0
2018/01/23 07:00,0
2018/01/23 08:00,3.331917808
2018/01/23 09:00,3.844520548
2018/01/23 10:00,3.844520548
2018/01/23 11:00,3.844520548
2018/01/23 12:00,1.19375
2018/01/23 13:00,5.466340909
2018/01/23 14:00,4.814654854
2018/01/23 15:00,0.265254237
2018/01/23 16:00,0
2018/01/23 17:00,8.315676446
2018/01/23 18:00,24.54704551
2018/01/23 19:00,8.974315084
2018/01/23 20:00,7.162393015
2018/01/23 21:00,3.547150259
2018/01/23 22:00,3.547150259
2018/01/23 23:00,3.547150259
2018/01/24 00:00,0.059119171
2018/01/24 01:00,0
2018/01/24 02:00,0
2018/01/24 03:00,0
2018/01/24 04:00,0
2018/01/24 05:00,0
2018/01/24 06:00,0
2018/01/24 07:00,0
2018/01/24 08:00,0
2018/01/24 09:00,3.1875
2018/01/24 10:00,9.688590035
2018/01/24 11:00,15.12780824
2018/01/24 12:00,16.34839306
2018/01/24 13:00,12.12260766
2018/01/24 14:00,12.26429061
2018/01/24 15:00,12.26429061
2018/01/24 16:00,10.50566786
2018/01/24 17:00,9.384698071
2018/01/24 18:00,5.956153846
2018/01/24 19:00,0
2018/01/24 20:00,0
2018/01/24 21:00,0
2018/01/24 22:00,4.244813278
2018/01/24 23:00,4.244813278
2018/01/25 00:00,4.244813278
2018/01/25 01:00,0.070746888
2018/01/25 02:00,0
2018/01/25 03:00,0
2018/01/25 04:00,0
2018/01/25 05:00,0
2018/01/25 06:00,0
2018/01/25 07:00,0
2018/01/25 08:00,0
2018/01/25 09:00,0
2018/01/25 10:00,3.852142857
2018/01/25 11:00,4.087857143
2018/01/25 12:00,0.818235294
2018/01/25 13:00,1.012948916
2018/01/25 14:00,4.267602339
2018/01/25 15:00,1.36121345
2018/01/25 16:00,1.570612245
2018/01/25 17:00,1.389387755
2018/01/25 18:00,6.157238395
2018/01/25 19:00,10.92878201
2018/01/25 20:00,4.723979592
2018/01/25 21:00,0
2018/01/25 22:00,0
2018/01/25 23:00,0
2018/01/26 00:00,0
2018/01/26 01:00,0
2018/01/26 02:00,0
2018/01/26 03:00,0
2018/01/26 04:00,0
2018/01/26 05:00,0
2018/01/26 06:00,3.993442623
2018/01/26 07:00,5.79191452
2018/01/26 08:00,10.51607143
2018/01/26 09:00,4.468571429
2018/01/26 10:00,0
2018/01/26 11:00,0.885283784
2018/01/26 12:00,6.682631274
2018/01/26 13:00,5.431274131
2018/01/26 14:00,8.178841528
2018/01/26 15:00,7.325234589
2018/01/26 16:00,2.646734694
2018/01/26 17:00,1.542413793
2018/01/26 18:00,4.847586207
2018/01/26 19:00,0
2018/01/26 20:00,0
2018/01/26 21:00,0
2018/01/26 22:00,0
2018/01/26 23:00,0
2018/01/27 00:00,0
2018/01/27 01:00,0
2018/01/27 02:00,0
2018/01/27 03:00,0
2018/01/27 04:00,0
2018/01/27 05:00,0
2018/01/27 06:00,0
2018/01/27 07:00,0
2018/01/27 08:00,0
2018/01/27 09:00,0
2018/01/27 10:00,6.18372093
2018/01/27 11:00,7.02627907
2018/01/27 12:00,3.33
2018/01/27 13:00,2.85721519
2018/01/27 14:00,3.247051477
2018/01/27 15:00,3.06287619
2018/01/27 16:00,1.295388788
2018/01/27 17:00,6.151898734
2018/01/27 18:00,1.84556962
2018/01/27 19:00,0
2018/01/27 20:00,4.238019802
2018/01/27 21:00,3.141980198
2018/01/27 22:00,0
2018/01/27 23:00,0
2018/01/28 00:00,0
2018/01/28 01:00,0
2018/01/28 02:00,0
2018/01/28 03:00,0
2018/01/28 04:00,0
2018/01/28 05:00,0
2018/01/28 06:00,0
2018/01/28 07:00,2.368837209
2018/01/28 08:00,7.576207038
2018/01/28 09:00,6.132743363
2018/01/28 10:00,6.646108493
2018/01/28 11:00,2.296103896
2018/01/28 12:00,0
2018/01/28 13:00,3.338181818
2018/01/28 14:00,2.061818182
2018/01/28 15:00,6.21
2018/01/28 16:00,1.428631579
2018/01/28 17:00,2.917894737
2018/01/28 18:00,1.653473684
2018/01/28 19:00,0
2018/01/28 20:00,0
2018/01/28 21:00,0
2018/01/28 22:00,0
2018/01/28 23:00,0
2018/01/29 00:00,0
2018/01/29 01:00,0
2018/01/29 02:00,0
2018/01/29 03:00,0
2018/01/29 04:00,0
2018/01/29 05:00,0.659
2018/01/29 06:00,5.931
2018/01/29 07:00,0
2018/01/29 08:00,0
2018/01/29 09:00,3.562394958
2018/01/29 10:00,6.894957983
2018/01/29 11:00,6.894957983
2018/01/29 12:00,7.885727214
2018/01/29 13:00,4.410063127
2018/01/29 14:00,6.258006329
2018/01/29 15:00,1.013892405
2018/01/29 16:00,0
2018/01/29 17:00,0
2018/01/29 18:00,0
2018/01/29 19:00,0
2018/01/29 20:00,0
2018/01/29 21:00,0
2018/01/29 22:00,0
2018/01/29 23:00,0
2018/01/30 00:00,0
2018/01/30 01:00,0
2018/01/30 02:00,0
2018/01/30 03:00,0
2018/01/30 04:00,0
2018/01/30 05:00,0
2018/01/30 06:00,8.31684435
2018/01/30 07:00,3.22315565
2018/01/30 08:00,0
2018/01/30 09:00,0
2018/01/30 10:00,0.973130435
2018/01/30 11:00,3.073043478
2018/01/30 12:00,1.843826087
2018/01/30 13:00,0.369444444
2018/01/30 14:00,4.276666667
2018/01/30 15:00,2.483888889
2018/01/30 16:00,4.465172414
2018/01/30 17:00,1.464827586
2018/01/30 18:00,1
2018/01/30 19:00,0
2018/01/30 20:00,0
2018/01/30 21:00,0
2018/01/30 22:00,0
2018/01/30 23:00,0
2018/01/31 00:00,0
2018/01/31 01:00,0
2018/01/31 02:00,0
2018/01/31 03:00,0
2018/01/31 04:00,0
2018/01/31 05:00,0
2018/01/31 06:00,0
2018/01/31 07:00,0
2018/01/31 08:00,0.827697842
2018/01/31 09:00,6.328973185
2018/01/31 10:00,3.310791367
2018/01/31 11:00,1.20643371
2018/01/31 12:00,3.614285714
2018/01/31 13:00,1.094780822
2018/01/31 14:00,6.995356164
2018/01/31 15:00,0.269863014
2018/01/31 16:00,0
2018/01/31 17:00,4.039540441
2018/01/31 18:00,3.328897059
2018/01/31 19:00,1.1315625
2018/01/31 20:00,0
2018/01/31 21:00,0
2018/01/31 22:00,2.96
2018/01/31 23:00,3.7
2018/02/01 00:00,0.74
2018/02/01 01:00,0
2018/02/01 02:00,0
2018/02/01 03:00,0
2018/02/01 04:00,0
2018/02/01 05:00,0
2018/02/01 06:00,0
2018/02/01 07:00,1.64835443
2018/02/01 08:00,9.514663668
2018/02/01 09:00,6.188965373
2018/02/01 10:00,2.398016529
2018/02/01 11:00,4.842842375
2018/02/01 12:00,9.487570649
2018/02/01 13:00,9.487570649
2018/02/01 14:00,6.97327617
2018/02/01 15:00,5.358740157
2018/02/01 16:00,0
2018/02/01 17:00,8.770080078
2018/02/01 18:00,16.0721071
2018/02/01 19:00,12.37049575
2018/02/01 20:00,5.871728838
2018/02/01 21:00,0.895588235
2018/02/01 22:00,0
2018/02/01 23:00,0
2018/02/02 00:00,0
2018/02/02 01:00,0
2018/02/02 02:00,0
2018/02/02 03:00,0
2018/02/02 04:00,0
2018/02/02 05:00,0
2018/02/02 06:00,3.562099502
2018/02/02 07:00,8.070567164
2018/02/02 08:00,4.954688705
2018/02/02 09:00,6.119008264
2018/02/02 10:00,2.243636364
2018/02/02 11:00,1.602372881
2018/02/02 12:00,6.784217913
2018/02/02 13:00,11.8200885
2018/02/02 14:00,13.00073902
2018/02/02 15:00,8.802740414
2018/02/02 16:00,9.298412698
2018/02/02 17:00,7.631024932
2018/02/02 18:00,13.75502519
2018/02/02 19:00,12.48208813
2018/02/02 20:00,4.015522465
2018/02/02 21:00,6.005357143
2018/02/02 22:00,2.702410714
2018/02/02 23:00,0
2018/02/03 00:00,0
2018/02/03 01:00,0
2018/02/03 02:00,0
2018/02/03 03:00,0
2018/02/03 04:00,0
2018/02/03 05:00,0
2018/02/03 06:00,0
2018/02/03 07:00,0
2018/02/03 08:00,0
2018/02/03 09:00,0
2018/02/03 10:00,4.73097561
2018/02/03 11:00,12.7502265
2018/02/03 12:00,8.845161526
2018/02/03 13:00,0.513636364
2018/02/03 14:00,1.597265625
2018/02/03 15:00,3.3046875
2018/02/03 16:00,2.358046875
2018/02/03 17:00,3.15
2018/02/03 18:00,0.42
2018/02/03 19:00,2.74712766
2018/02/03 20:00,9.251931053
2018/02/03 21:00,5.495728521
2018/02/03 22:00,1.065212766
2018/02/03 23:00,0
2018/02/04 00:00,0
2018/02/04 01:00,0
2018/02/04 02:00,0
2018/02/04 03:00,0
2018/02/04 04:00,0
2018/02/04 05:00,0
2018/02/04 06:00,0
2018/02/04 07:00,0
2018/02/04 08:00,0
2018/02/04 09:00,2.846984127
2018/02/04 10:00,2.996825397
2018/02/04 11:00,2.996825397
2018/02/04 12:00,0.599365079
2018/02/04 13:00,0
2018/02/04 14:00,5.568648649
2018/02/04 15:00,0
2018/02/04 16:00,0
2018/02/04 17:00,0
2018/02/04 18:00,0
2018/02/04 19:00,0
2018/02/04 20:00,0
2018/02/04 21:00,0
2018/02/04 22:00,0
2018/02/04 23:00,0
2018/02/05 00:00,0
2018/02/05 01:00,0
2018/02/05 02:00,0
2018/02/05 03:00,0
2018/02/05 04:00,0
2018/02/05 05:00,0
2018/02/05 06:00,0
2018/02/05 07:00,0
2018/02/05 08:00,0.55625
2018/02/05 09:00,2.225
2018/02/05 10:00,2.225
2018/02/05 11:00,2.225
2018/02/05 12:00,4.18875
2018/02/05 13:00,6.75
2018/02/05 14:00,4.166206897
2018/02/05 15:00,1.813793103
2018/02/05 16:00,0
2018/02/05 17:00,3.444558824
2018/02/05 18:00,0.525441176
2018/02/05 19:00,0
2018/02/05 20:00,0
2018/02/05 21:00,3.874123223
2018/02/05 22:00,5.960189573
2018/02/05 23:00,5.960189573
2018/02/06 00:00,5.16549763
2018/02/06 01:00,0
2018/02/06 02:00,0
2018/02/06 03:00,0
2018/02/06 04:00,0
2018/02/06 05:00,0
2018/02/06 06:00,3.223870968
2018/02/06 07:00,2.036129032
2018/02/06 08:00,0
2018/02/06 09:00,3.869724771
2018/02/06 10:00,6.275229358
2018/02/06 11:00,1.255045872
2018/02/06 12:00,7.101200717
2018/02/06 13:00,2.458799283
2018/02/06 14:00,7.192894625
2018/02/06 15:00,3.682014388
2018/02/06 16:00,2.209208633
2018/02/06 17:00,0
2018/02/06 18:00,0
2018/02/06 19:00,0
2018/02/06 20:00,0
2018/02/06 21:00,0
2018/02/06 22:00,0
2018/02/06 23:00,0
2018/02/07 00:00,0
2018/02/07 01:00,0
2018/02/07 02:00,0
2018/02/07 03:00,0
2018/02/07 04:00,0
2018/02/07 05:00,0
2018/02/07 06:00,0
2018/02/07 07:00,0
2018/02/07 08:00,0
2018/02/07 09:00,5.882004505
2018/02/07 10:00,9.078402948
2018/02/07 11:00,6.768781736
2018/02/07 12:00,6.84460233
2018/02/07 13:00,12.33539048
2018/02/07 14:00,14.59074389
2018/02/07 15:00,8.912831046
2018/02/07 16:00,6.465791448
2018/02/07 17:00,3.626251613
2018/02/07 18:00,6.084
2018/02/07 19:00,5.8812
2018/02/07 20:00,0
2018/02/07 21:00,0
2018/02/07 22:00,0
2018/02/07 23:00,0
2018/02/08 00:00,0
2018/02/08 01:00,0
2018/02/08 02:00,0
2018/02/08 03:00,0
2018/02/08 04:00,0
2018/02/08 05:00,0
2018/02/08 06:00,3.215238095
2018/02/08 07:00,3.114761905
2018/02/08 08:00,2.262972222
2018/02/08 09:00,8.162777778
2018/02/08 10:00,4.925647551
2018/02/08 11:00,8.052922449
2018/02/08 12:00,3.318305
2018/02/08 13:00,8.172896472
2018/02/08 14:00,6.320245399
2018/02/08 15:00,6.004233129
2018/02/08 16:00,10.9898904
2018/02/08 17:00,13.45874765
2018/02/08 18:00,6.09906341
2018/02/08 19:00,5.370879121
2018/02/08 20:00,3.922188645
2018/02/08 21:00,3.349450549
2018/02/08 22:00,1.33978022
2018/02/08 23:00,0
2018/02/09 00:00,0
2018/02/09 01:00,0
2018/02/09 02:00,0
2018/02/09 03:00,0
2018/02/09 04:00,0
2018/02/09 05:00,0
2018/02/09 06:00,0
2018/02/09 07:00,0.083859649
2018/02/09 08:00,12.01826709
2018/02/09 09:00,13.44993146
2018/02/09 10:00,10.5189457
2018/02/09 11:00,5.54917154
2018/02/09 12:00,4.967324561
2018/02/09 13:00,0.1825
2018/02/09 14:00,0
2018/02/09 15:00,4.499912281
2018/02/09 16:00,6.959839796
2018/02/09 17:00,8.224906065
2018/02/09 18:00,10.20494992
2018/02/09 19:00,4.328667795
2018/02/09 20:00,0.811724138
2018/02/09 21:00,0
2018/02/09 22:00,0
2018/02/09 23:00,0
2018/02/10 00:00,0
2018/02/10 01:00,0
2018/02/10 02:00,0
2018/02/10 03:00,0
2018/02/10 04:00,0
2018/02/10 05:00,0
2018/02/10 06:00,0
2018/02/10 07:00,0
2018/02/10 08:00,0
2018/02/10 09:00,0
2018/02/10 10:00,0
2018/02/10 11:00,5.796556291
2018/02/10 12:00,6.210596026
2018/02/10 13:00,5.580200623
2018/02/10 14:00,2.669117647
2018/02/10 15:00,1.423529412
2018/02/10 16:00,1.316545455
2018/02/10 17:00,6.425842605
2018/02/10 18:00,1.37761194
2018/02/10 19:00,0
2018/02/10 20:00,0
2018/02/10 21:00,0
2018/02/10 22:00,0
2018/02/10 23:00,0
2018/02/11 00:00,0
2018/02/11 01:00,0
2018/02/11 02:00,0
2018/02/11 03:00,0
2018/02/11 04:00,0
2018/02/11 05:00,0
2018/02/11 06:00,0
2018/02/11 07:00,0
2018/02/11 08:00,2.061818182
2018/02/11 09:00,4.212946331
2018/02/11 10:00,3.480098875
2018/02/11 11:00,2.003278689
2018/02/11 12:00,2.003278689
2018/02/11 13:00,1.168579235
2018/02/11 14:00,4.620735586
2018/02/11 15:00,12.12936376
2018/02/11 16:00,16.24744385
2018/02/11 17:00,8.994418953
2018/02/11 18:00,4.045074889
2018/02/11 19:00,2.422222222
2018/02/11 20:00,1.170740741
2018/02/11 21:00,0
2018/02/11 22:00,0
2018/02/11 23:00,0
2018/02/12 00:00,0
2018/02/12 01:00,0
2018/02/12 02:00,0
2018/02/12 03:00,0
2018/02/12 04:00,0
2018/02/12 05:00,0
2018/02/12 06:00,0
2018/02/12 07:00,4.920146612
2018/02/12 08:00,11.21168539
2018/02/12 09:00,11.91043324
2018/02/12 10:00,9.63733045
2018/02/12 11:00,8.549784367
2018/02/12 12:00,9.279760317
2018/02/12 13:00,16.19835486
2018/02/12 14:00,15.89911382
2018/02/12 15:00,8.830459357
2018/02/12 16:00,4.104234528
2018/02/12 17:00,4.104234528
2018/02/12 18:00,5.291605398
2018/02/12 19:00,0.322857143
2018/02/12 20:00,0
2018/02/12 21:00,0
2018/02/12 22:00,0
2018/02/12 23:00,0
2018/02/13 00:00,0
2018/02/13 01:00,0
2018/02/13 02:00,0
2018/02/13 03:00,0
2018/02/13 04:00,0
2018/02/13 05:00,0
2018/02/13 06:00,0
2018/02/13 07:00,0
2018/02/13 08:00,6.390491518
2018/02/13 09:00,10.58338443
2018/02/13 10:00,10.58338443
2018/02/13 11:00,10.58338443
2018/02/13 12:00,8.327519307
2018/02/13 13:00,15.50009618
2018/02/13 14:00,15.44882396
2018/02/13 15:00,9.696483516
2018/02/13 16:00,0.646432234
2018/02/13 17:00,0
2018/02/13 18:00,0
2018/02/13 19:00,0
2018/02/13 20:00,0
2018/02/13 21:00,0
2018/02/13 22:00,0
2018/02/13 23:00,0
2018/02/14 00:00,0
2018/02/14 01:00,0
2018/02/14 02:00,0
2018/02/14 03:00,0
2018/02/14 04:00,0
2018/02/14 05:00,0
2018/02/14 06:00,5.124637681
2018/02/14 07:00,1.675362319
2018/02/14 08:00,0
2018/02/14 09:00,0
2018/02/14 10:00,0
2018/02/14 11:00,3.958079242
2018/02/14 12:00,6.97899537
2018/02/14 13:00,6.600286565
2018/02/14 14:00,3.440816327
2018/02/14 15:00,1.146938776
2018/02/14 16:00,0
2018/02/14 17:00,0.91832
2018/02/14 18:00,2.808
2018/02/14 19:00,3.029991011
2018/02/14 20:00,3.189194607
2018/02/14 21:00,0.944494382
2018/02/14 22:00,0
2018/02/14 23:00,0
2018/02/15 00:00,0
2018/02/15 01:00,0
2018/02/15 02:00,0
2018/02/15 03:00,0
2018/02/15 04:00,0
2018/02/15 05:00,0
2018/02/15 06:00,0
2018/02/15 07:00,0
2018/02/15 08:00,0
2018/02/15 09:00,0
2018/02/15 10:00,8.428785861
2018/02/15 11:00,14.88695606
2018/02/15 12:00,11.66821781
2018/02/15 13:00,6.177181208
2018/02/15 14:00,0.30885906
2018/02/15 15:00,5.011897266
2018/02/15 16:00,12.23023241
2018/02/15 17:00,9.18735581
2018/02/15 18:00,5.966432883
2018/02/15 19:00,5.865306122
2018/02/15 20:00,0.48877551
2018/02/15 21:00,0
2018/02/15 22:00,0.643162055
2018/02/15 23:00,4.287747036
2018/02/16 00:00,4.287747036
2018/02/16 01:00,4.287747036
2018/02/16 02:00,4.287747036
2018/02/16 03:00,0.285849802
2018/02/16 04:00,0
2018/02/16 05:00,0
2018/02/16 06:00,3.5775
2018/02/16 07:00,2.7825
2018/02/16 08:00,0.601071429
2018/02/16 09:00,8.187435065
2018/02/16 10:00,6.151948052
2018/02/16 11:00,7.092246559
2018/02/16 12:00,8.083454119
2018/02/16 13:00,8.523621622
2018/02/16 14:00,7.349640041
2018/02/16 15:00,3.592001876
2018/02/16 16:00,10.49562249
2018/02/16 17:00,13.11209496
2018/02/16 18:00,4.689435216
2018/02/16 19:00,1.131428571
2018/02/16 20:00,0
2018/02/16 21:00,0
2018/02/16 22:00,0
2018/02/16 23:00,0
2018/02/17 00:00,0
2018/02/17 01:00,0
2018/02/17 02:00,0
2018/02/17 03:00,0
2018/02/17 04:00,0
2018/02/17 05:00,0
2018/02/17 06:00,0
2018/02/17 07:00,0
2018/02/17 08:00,0
2018/02/17 09:00,2.041948052
2018/02/17 10:00,10.62477961
2018/02/17 11:00,13.90705079
2018/02/17 12:00,7.942059699
2018/02/17 13:00,6.111272961
2018/02/17 14:00,6.324444444
2018/02/17 15:00,3.478444444
2018/02/17 16:00,0.215625
2018/02/17 17:00,4.3125
2018/02/17 18:00,2.300729962
2018/02/17 19:00,3.082442748
2018/02/17 20:00,2.56870229
2018/02/17 21:00,0.374264706
2018/02/17 22:00,4.491176471
2018/02/17 23:00,4.491176471
2018/02/18 00:00,4.491176471
2018/02/18 01:00,4.491176471
2018/02/18 02:00,2.021029412
2018/02/18 03:00,0
2018/02/18 04:00,0
2018/02/18 05:00,0
2018/02/18 06:00,0
2018/02/18 07:00,0
2018/02/18 08:00,4.056744186
2018/02/18 09:00,4.96744186
2018/02/18 10:00,1.655813953
2018/02/18 11:00,2.844955875
2018/02/18 12:00,17.25119765
2018/02/18 13:00,17.0568164
2018/02/18 14:00,11.23792894
2018/02/18 15:00,8.617064091
2018/02/18 16:00,0.202037037
2018/02/18 17:00,0
2018/02/18 18:00,0.916083916
2018/02/18 19:00,2.198601399
2018/02/18 20:00,2.125314685
2018/02/18 21:00,3.63989418
2018/02/18 22:00,4.120634921
2018/02/18 23:00,4.120634921
2018/02/19 00:00,1.098835979
2018/02/19 01:00,0
2018/02/19 02:00,0
2018/02/19 03:00,0
2018/02/19 04:00,0
2018/02/19 05:00,0
2018/02/19 06:00,0
2018/02/19 07:00,1.555757576
2018/02/19 08:00,1.464242424
2018/02/19 09:00,0
2018/02/19 10:00,5.281954887
2018/02/19 11:00,6.338345865
2018/02/19 12:00,3.739484194
2018/02/19 13:00,6.04516129
2018/02/19 14:00,2.015053763
2018/02/19 15:00,0
2018/02/19 16:00,0
2018/02/19 17:00,0
2018/02/19 18:00,0
2018/02/19 19:00,4.957932361
2018/02/19 20:00,4.99837286
2018/02/19 21:00,2.687951807
2018/02/19 22:00,2.687951807
2018/02/19 23:00,2.687951807
2018/02/20 00:00,2.687951807
2018/02/20 01:00,2.687951807
2018/02/20 02:00,2.687951807
2018/02/20 03:00,0.895983936
2018/02/20 04:00,0
2018/02/20 05:00,0
2018/02/20 06:00,0
2018/02/20 07:00,0
2018/02/20 08:00,0
2018/02/20 09:00,4.27542826
2018/02/20 10:00,8.462235818
2018/02/20 11:00,12.31593676
2018/02/20 12:00,15.94193109
2018/02/20 13:00,9.081709443
2018/02/20 14:00,4.536489964
2018/02/20 15:00,3.331343284
2018/02/20 16:00,1.054925373
2018/02/20 17:00,2.891212121
2018/02/20 18:00,4.655116993
2018/02/20 19:00,5.270886076
2018/02/20 20:00,5.270886076
2018/02/20 21:00,2.371898734
2018/02/20 22:00,0
2018/02/20 23:00,0
2018/02/21 00:00,0
2018/02/21 01:00,0
2018/02/21 02:00,0
2018/02/21 03:00,0
2018/02/21 04:00,0
2018/02/21 05:00,0
2018/02/21 06:00,0
2018/02/21 07:00,1.906060606
2018/02/21 08:00,2.484046346
2018/02/21 09:00,6.41071347
2018/02/21 10:00,12.46786484
2018/02/21 11:00,4.632278592
2018/02/21 12:00,4.470508119
2018/02/21 13:00,6.339941069
2018/02/21 14:00,4.152413043
2018/02/21 15:00,6.833305217
2018/02/21 16:00,8.197945619
2018/02/21 17:00,0.654923077
2018/02/21 18:00,0
2018/02/21 19:00,3.873539823
2018/02/21 20:00,6.281415929
2018/02/21 21:00,6.281415929
2018/02/21 22:00,6.281415929
2018/02/21 23:00,0.942212389
2018/02/22 00:00,0
2018/02/22 01:00,0
2018/02/22 02:00,0
2018/02/22 03:00,0
2018/02/22 04:00,0
2018/02/22 05:00,0
2018/02/22 06:00,2.213854347
2018/02/22 07:00,8.540705239
2018/02/22 08:00,8.580861661
2018/02/22 09:00,19.80289072
2018/02/22 10:00,17.05427982
2018/02/22 11:00,13.47494639
2018/02/22 12:00,17.90356193
2018/02/22 13:00,9.481178381
2018/02/22 14:00,6.91355009
2018/02/22 15:00,8.852268908
2018/02/22 16:00,4.917868908
2018/02/22 17:00,3.272268908
2018/02/22 18:00,0.381764706
2018/02/22 19:00,0
2018/02/22 20:00,0
2018/02/22 21:00,0
2018/02/22 22:00,0
2018/02/22 23:00,0
2018/02/23 00:00,0
2018/02/23 01:00,0
2018/02/23 02:00,0
2018/02/23 03:00,0
2018/02/23 04:00,0
2018/02/23 05:00,0
2018/02/23 06:00,0
2018/02/23 07:00,0.255268817
2018/02/23 08:00,7.714692635
2018/02/23 09:00,13.7074432
2018/02/23 10:00,9.604960941
2018/02/23 11:00,3.829032258
2018/02/23 12:00,10.54350233
2018/02/23 13:00,9.62738294
2018/02/23 14:00,7.56161688
2018/02/23 15:00,2.804867123
2018/02/23 16:00,3.131506849
2018/02/23 17:00,4.899526027
2018/02/23 18:00,5.2002
2018/02/23 19:00,6.231645781
2018/02/23 20:00,12.62055138
2018/02/23 21:00,8.40780284
2018/02/23 22:00,0
2018/02/23 23:00,2.851376147
2018/02/24 00:00,6.110091743
2018/02/24 01:00,2.13853211
2018/02/24 02:00,0
2018/02/24 03:00,0
2018/02/24 04:00,0
2018/02/24 05:00,0
2018/02/24 06:00,0
2018/02/24 07:00,0
2018/02/24 08:00,0
2018/02/24 09:00,0
2018/02/24 10:00,2.87
2018/02/24 11:00,7.826234818
2018/02/24 12:00,12.45491903
2018/02/24 13:00,6.967482517
2018/02/24 14:00,6.68736442
2018/02/24 15:00,11.03399922
2018/02/24 16:00,1.46
2018/02/24 17:00,5.431710183
2018/02/24 18:00,12.16157908
2018/02/24 19:00,13.50178316
2018/02/24 20:00,11.51178316
2018/02/24 21:00,5.745529237
2018/02/24 22:00,5.154471545
2018/02/24 23:00,2.663143631
2018/02/25 00:00,0
2018/02/25 01:00,0
2018/02/25 02:00,0
2018/02/25 03:00,0
2018/02/25 04:00,0
2018/02/25 05:00,0
2018/02/25 06:00,0
2018/02/25 07:00,0
2018/02/25 08:00,3.273577982
2018/02/25 09:00,5.395239223
2018/02/25 10:00,10.13432711
2018/02/25 11:00,9.772504153
2018/02/25 12:00,11.48541885
2018/02/25 13:00,3.342800158
2018/02/25 14:00,4.940740741
2018/02/25 15:00,2.43161323
2018/02/25 16:00,9.079330932
2018/02/25 17:00,14.05681113
2018/02/25 18:00,12.42630767
2018/02/25 19:00,14.79066262
2018/02/25 20:00,6.097767959
2018/02/25 21:00,3.429370182
2018/02/25 22:00,4.179923682
2018/02/25 23:00,4.123913043
2018/02/26 00:00,4.123913043
2018/02/26 01:00,4.123913043
2018/02/26 02:00,2.405615942
2018/02/26 03:00,0
2018/02/26 04:00,0
2018/02/26 05:00,0
2018/02/26 06:00,0
2018/02/26 07:00,0
2018/02/26 08:00,0
2018/02/26 09:00,0
2018/02/26 10:00,0
2018/02/26 11:00,0
2018/02/26 12:00,0
2018/02/26 13:00,0.666225641
2018/02/26 14:00,5.797538462
2018/02/26 15:00,1.856235897
2018/02/26 16:00,5.334616652
2018/02/26 17:00,12.33192035
2018/02/26 18:00,16.44603657
2018/02/26 19:00,15.25571472
2018/02/26 20:00,2.021711712
2018/02/26 21:00,0
2018/02/26 22:00,0
2018/02/26 23:00,0
2018/02/27 00:00,0
2018/02/27 01:00,0
2018/02/27 02:00,0
2018/02/27 03:00,0
2018/02/27 04:00,0
2018/02/27 05:00,0
2018/02/27 06:00,0
2018/02/27 07:00,0
2018/02/27 08:00,2.296875
2018/02/27 09:00,8.082305328
2018/02/27 10:00,7.344541591
2018/02/27 11:00,1.126278081
2018/02/27 12:00,3.379375
2018/02/27 13:00,10.69623962
2018/02/27 14:00,8.846171096
2018/02/27 15:00,3.738214286
2018/02/27 16:00,0
2018/02/27 17:00,1.310769231
2018/02/27 18:00,2.239230769
2018/02/27 19:00,0
2018/02/27 20:00,0
2018/02/27 21:00,0
2018/02/27 22:00,0
2018/02/27 23:00,0
2018/02/28 00:00,0
2018/02/28 01:00,0
2018/02/28 02:00,0
2018/02/28 03:00,0
2018/02/28 04:00,0
2018/02/28 05:00,0
2018/02/28 06:00,0
2018/02/28 07:00,2.308955224
2018/02/28 08:00,2.981221767
2018/02/28 09:00,6.546767309
2018/02/28 10:00,6.595002603
2018/02/28 11:00,4.520884956
2018/02/28 12:00,3.644536563
2018/02/28 13:00,7.145929192
2018/02/28 14:00,5.529790622
2018/02/28 15:00,12.02388655
2018/02/28 16:00,8.02318826
2018/02/28 17:00,3.898298488
2018/02/28 18:00,5.441538462
2018/02/28 19:00,3.68952381
2018/02/28 20:00,5.676190476
2018/02/28 21:00,5.676190476
2018/02/28 22:00,5.676190476
2018/02/28 23:00,3.121904762
2018/03/01 00:00,0
2018/03/01 01:00,0
2018/03/01 02:00,0
2018/03/01 03:00,0
2018/03/01 04:00,0
2018/03/01 05:00,0
2018/03/01 06:00,2.888027523
2018/03/01 07:00,7.062408845
2018/03/01 08:00,10.05215243
2018/03/01 09:00,10.05215243
2018/03/01 10:00,2.255258763
2018/03/01 11:00,1.185679012
2018/03/01 12:00,0.774320988
2018/03/01 13:00,2.301439563
2018/03/01 14:00,6.178560437
2018/03/01 15:00,0
2018/03/01 16:00,0
2018/03/01 17:00,1.537977528
2018/03/01 18:00,8.188526786
2018/03/01 19:00,12.10126352
2018/03/01 20:00,8.377090433
2018/03/01 21:00,2.633119266
2018/03/01 22:00,0
2018/03/01 23:00,0
2018/03/02 00:00,0
2018/03/02 01:00,0
2018/03/02 02:00,0
2018/03/02 03:00,0
2018/03/02 04:00,0
2018/03/02 05:00,0
2018/03/02 06:00,0
2018/03/02 07:00,0
2018/03/02 08:00,0
2018/03/02 09:00,0
2018/03/02 10:00,0
2018/03/02 11:00,0.2
2018/03/02 12:00,6
2018/03/02 13:00,2.2
2018/03/02 14:00,0.969795918
2018/03/02 15:00,4.982954082
2018/03/02 16:00,1.725945652
2018/03/02 17:00,3.167748792
2018/03/02 18:00,13.24535076
2018/03/02 19:00,15.12444541
2018/03/02 20:00,5.687395752
2018/03/02 21:00,2.596363636
2018/03/02 22:00,0
2018/03/02 23:00,0
2018/03/03 00:00,0
2018/03/03 01:00,0
2018/03/03 02:00,0
2018/03/03 03:00,0
2018/03/03 04:00,0
2018/03/03 05:00,0
2018/03/03 06:00,0
2018/03/03 07:00,0
2018/03/03 08:00,0.078018018
2018/03/03 09:00,2.340540541
2018/03/03 10:00,5.218972973
2018/03/03 11:00,6.948377559
2018/03/03 12:00,0.244090909
2018/03/03 13:00,0.487058824
2018/03/03 14:00,1.582941176
2018/03/03 15:00,0
2018/03/03 16:00,0
2018/03/03 17:00,9.700120407
2018/03/03 18:00,16.72971536
2018/03/03 19:00,9.884870116
2018/03/03 20:00,5.832352941
2018/03/03 21:00,3.354509804
2018/03/03 22:00,6.129411765
2018/03/03 23:00,6.810745098
2018/03/04 00:00,6.908078431
2018/03/04 01:00,6.129411765
2018/03/04 02:00,6.129411765
2018/03/04 03:00,6.129411765
2018/03/04 04:00,6.129411765
2018/03/04 05:00,6.129411765
2018/03/04 06:00,2.043137255
2018/03/04 07:00,0
2018/03/04 08:00,2.327937666
2018/03/04 09:00,3.697639257
2018/03/04 10:00,3.103846154
2018/03/04 11:00,5.407220954
2018/03/04 12:00,11.11028954
2018/03/04 13:00,2.287747285
2018/03/04 14:00,7.136170213
2018/03/04 15:00,6.140815603
2018/03/04 16:00,1.968577236
2018/03/04 17:00,3.575609756
2018/03/04 18:00,2.324146341
2018/03/04 19:00,0
2018/03/04 20:00,4.17241573
2018/03/04 21:00,6.419101124
2018/03/04 22:00,6.419101124
2018/03/04 23:00,6.419101124
2018/03/05 00:00,6.419101124
2018/03/05 01:00,6.419101124
2018/03/05 02:00,6.419101124
2018/03/05 03:00,6.419101124
2018/03/05 04:00,6.419101124
2018/03/05 05:00,1.604775281
2018/03/05 06:00,0
2018/03/05 07:00,0.368148148
2018/03/05 08:00,1.051851852
2018/03/05 09:00,0
2018/03/05 10:00,2.790428571
2018/03/05 11:00,1.039571429
2018/03/05 12:00,2.0625
2018/03/05 13:00,6.321070881
2018/03/05 14:00,10.78441973
2018/03/05 15:00,8.346147324
2018/03/05 16:00,2.895862069
2018/03/05 17:00,0
2018/03/05 18:00,0
2018/03/05 19:00,0
2018/03/05 20:00,0
2018/03/05 21:00,0
2018/03/05 22:00,0
2018/03/05 23:00,0
2018/03/06 00:00,0
2018/03/06 01:00,0
2018/03/06 02:00,0
2018/03/06 03:00,0
2018/03/06 04:00,0
2018/03/06 05:00,0
2018/03/06 06:00,2.823902439
2018/03/06 07:00,5.446097561
2018/03/06 08:00,3.506163793
2018/03/06 09:00,6.392888838
2018/03/06 10:00,5.62046535
2018/03/06 11:00,3.428140555
2018/03/06 12:00,6.935718087
2018/03/06 13:00,3.036623377
2018/03/06 14:00,1.822995595
2018/03/06 15:00,4.375571928
2018/03/06 16:00,7.022139326
2018/03/06 17:00,7.755901081
2018/03/06 18:00,3.70339207
2018/03/06 19:00,0
2018/03/06 20:00,0
2018/03/06 21:00,2.82015748
2018/03/06 22:00,3.845669291
2018/03/06 23:00,3.845669291
2018/03/07 00:00,3.845669291
2018/03/07 01:00,1.922834646
2018/03/07 02:00,0
2018/03/07 03:00,0
2018/03/07 04:00,0
2018/03/07 05:00,0
2018/03/07 06:00,0
2018/03/07 07:00,0
2018/03/07 08:00,4.742058824
2018/03/07 09:00,8.105646053
2018/03/07 10:00,9.953420699
2018/03/07 11:00,9.461961048
2018/03/07 12:00,14.73097202
2018/03/07 13:00,8.111004647
2018/03/07 14:00,5.07721519
2018/03/07 15:00,1.375758902
2018/03/07 16:00,2.893457944
2018/03/07 17:00,1.398504673
2018/03/07 18:00,0
2018/03/07 19:00,0
2018/03/07 20:00,0
2018/03/07 21:00,0
2018/03/07 22:00,0
2018/03/07 23:00,0
2018/03/08 00:00,0
2018/03/08 01:00,0
2018/03/08 02:00,0
2018/03/08 03:00,0
2018/03/08 04:00,0
2018/03/08 05:00,0
2018/03/08 06:00,0
2018/03/08 07:00,0.302631579
2018/03/08 08:00,8.871422475
2018/03/08 09:00,9.364656869
2018/03/08 10:00,5.175227301
2018/03/08 11:00,8.20551841
2018/03/08 12:00,10.3783682
2018/03/08 13:00,12.6422995
2018/03/08 14:00,11.64787965
2018/03/08 15:00,2.231996007
2018/03/08 16:00,7.454666667
2018/03/08 17:00,9.492
2018/03/08 18:00,7.617073171
2018/03/08 19:00,6.796504065
2018/03/08 20:00,0.809756098
2018/03/08 21:00,0
2018/03/08 22:00,0
2018/03/08 23:00,0
2018/03/09 00:00,0
2018/03/09 01:00,0
2018/03/09 02:00,0
2018/03/09 03:00,0
2018/03/09 04:00,0
2018/03/09 05:00,0
2018/03/09 06:00,0
2018/03/09 07:00,0
2018/03/09 08:00,0
2018/03/09 09:00,1.536246612
2018/03/09 10:00,5.516838302
2018/03/09 11:00,0.239878049
2018/03/09 12:00,0
2018/03/09 13:00,1.208473684
2018/03/09 14:00,7.96507177
2018/03/09 15:00,9.035687995
2018/03/09 16:00,11.21829427
2018/03/09 17:00,6.287430961
2018/03/09 18:00,6.084297521
2018/03/09 19:00,2.940743802
2018/03/09 20:00,0
2018/03/09 21:00,0
2018/03/09 22:00,0
2018/03/09 23:00,0
2018/03/10 00:00,0
2018/03/10 01:00,0
2018/03/10 02:00,0
2018/03/10 03:00,0
2018/03/10 04:00,0
2018/03/10 05:00,0
2018/03/10 06:00,0
2018/03/10 07:00,1.296231884
2018/03/10 08:00,5.583768116
2018/03/10 09:00,0
2018/03/10 10:00,0
2018/03/10 11:00,0
2018/03/10 12:00,6.018936306
2018/03/10 13:00,9.008260657
2018/03/10 14:00,9.485303038
2018/03/10 15:00,7.287931034
2018/03/10 16:00,5.733779492
2018/03/10 17:00,4.405789474
2018/03/10 18:00,8.011303838
2018/03/10 19:00,9.311512886
2018/03/10 20:00,9.311512886
2018/03/10 21:00,1.08567039
2018/03/10 22:00,0
2018/03/10 23:00,0
2018/03/11 00:00,0
2018/03/11 01:00,0
2018/03/11 02:00,0
2018/03/11 03:00,0
2018/03/11 04:00,0
2018/03/11 05:00,0
2018/03/11 06:00,0
2018/03/11 07:00,0
2018/03/11 08:00,0
2018/03/11 09:00,2.541573034
2018/03/11 10:00,5.865168539
2018/03/11 11:00,4.789155863
2018/03/11 12:00,6.224976351
2018/03/11 13:00,5.324271845
2018/03/11 14:00,1.064854369
2018/03/11 15:00,3.625454545
2018/03/11 16:00,8.833997509
2018/03/11 17:00,9.080547945
2018/03/11 18:00,0
2018/03/11 19:00,0
2018/03/11 20:00,0
2018/03/11 21:00,0
2018/03/11 22:00,0
2018/03/11 23:00,0
2018/03/12 00:00,0
2018/03/12 01:00,0
2018/03/12 02:00,0
2018/03/12 03:00,0
2018/03/12 04:00,0
2018/03/12 05:00,0
2018/03/12 06:00,0
2018/03/12 07:00,0
2018/03/12 08:00,0
2018/03/12 09:00,0
2018/03/12 10:00,0
2018/03/12 11:00,2.232592593
2018/03/12 12:00,7.732463587
2018/03/12 13:00,9.84849225
2018/03/12 14:00,12.87295223
2018/03/12 15:00,3.763499337
2018/03/12 16:00,2.932222222
2018/03/12 17:00,4.525672515
2018/03/12 18:00,0.922105263
2018/03/12 19:00,0
2018/03/12 20:00,0
2018/03/12 21:00,0
2018/03/12 22:00,0
2018/03/12 23:00,0
2018/03/13 00:00,0
2018/03/13 01:00,0
2018/03/13 02:00,0
2018/03/13 03:00,0
2018/03/13 04:00,0
2018/03/13 05:00,0
2018/03/13 06:00,5.052867936
2018/03/13 07:00,9.526129278
2018/03/13 08:00,5.831197772
2018/03/13 09:00,5.831197772
2018/03/13 10:00,5.831197772
2018/03/13 11:00,5.831197772
2018/03/13 12:00,12.47981171
2018/03/13 13:00,11.78145207
2018/03/13 14:00,6.753125
2018/03/13 15:00,8.451822917
2018/03/13 16:00,0
2018/03/13 17:00,0
2018/03/13 18:00,3.427959184
2018/03/13 19:00,1.662040816
2018/03/13 20:00,0
2018/03/13 21:00,0
2018/03/13 22:00,0
2018/03/13 23:00,0
2018/03/14 00:00,0
2018/03/14 01:00,0
2018/03/14 02:00,0
2018/03/14 03:00,0
2018/03/14 04:00,0
2018/03/14 05:00,0
2018/03/14 06:00,0
2018/03/14 07:00,0
2018/03/14 08:00,2.617263158
2018/03/14 09:00,8.555808622
2018/03/14 10:00,9.443408216
2018/03/14 11:00,3.383520004
2018/03/14 12:00,7.010688217
2018/03/14 13:00,9.925651721
2018/03/14 14:00,10.70937435
2018/03/14 15:00,5.464285714
2018/03/14 16:00,1.708333333
2018/03/14 17:00,4.78018018
2018/03/14 18:00,2.940315315
2018/03/14 19:00,1.655615616
2018/03/14 20:00,2.395555556
2018/03/14 21:00,0
2018/03/14 22:00,0
2018/03/14 23:00,0
2018/03/15 00:00,0
2018/03/15 01:00,0
2018/03/15 02:00,0
2018/03/15 03:00,0
2018/03/15 04:00,0
2018/03/15 05:00,0
2018/03/15 06:00,5.607070116
2018/03/15 07:00,6.498770592
2018/03/15 08:00,0.794159292
2018/03/15 09:00,4.168597973
2018/03/15 10:00,6.286089527
2018/03/15 11:00,5.9390625
2018/03/15 12:00,9.5053125
2018/03/15 13:00,9.467604167
2018/03/15 14:00,5.933063063
2018/03/15 15:00,0
2018/03/15 16:00,0
2018/03/15 17:00,4.54042957
2018/03/15 18:00,13.70545038
2018/03/15 19:00,15.76976434
2018/03/15 20:00,16.08192328
2018/03/15 21:00,6.306718147
2018/03/15 22:00,0.295714286
2018/03/15 23:00,0
2018/03/16 00:00,0
2018/03/16 01:00,0
2018/03/16 02:00,0
2018/03/16 03:00,0
2018/03/16 04:00,0
2018/03/16 05:00,1.062454545
2018/03/16 06:00,2.056363636
2018/03/16 07:00,6.623183413
2018/03/16 08:00,7.507476077
2018/03/16 09:00,7.358704147
2018/03/16 10:00,0.811818182
2018/03/16 11:00,2.562913907
2018/03/16 12:00,13.47981902
2018/03/16 13:00,14.6336134
2018/03/16 14:00,6.471987002
2018/03/16 15:00,0.401666667
2018/03/16 16:00,0
2018/03/16 17:00,2.926511628
2018/03/16 18:00,4.967059801
2018/03/16 19:00,6.107142857
2018/03/16 20:00,7.101333907
2018/03/16 21:00,6.036144578
2018/03/16 22:00,0.301807229
2018/03/16 23:00,0
2018/03/17 00:00,0
2018/03/17 01:00,0
2018/03/17 02:00,0
2018/03/17 03:00,0
2018/03/17 04:00,0
2018/03/17 05:00,0
2018/03/17 06:00,0
2018/03/17 07:00,0
2018/03/17 08:00,0
2018/03/17 09:00,0
2018/03/17 10:00,0
2018/03/17 11:00,2.7232
2018/03/17 12:00,6.378680878
2018/03/17 13:00,9.009013675
2018/03/17 14:00,13.31420016
2018/03/17 15:00,10.6581652
2018/03/17 16:00,8.449372584
2018/03/17 17:00,12.55797866
2018/03/17 18:00,5.999388836
2018/03/17 19:00,0
2018/03/17 20:00,0
2018/03/17 21:00,0
2018/03/17 22:00,0
2018/03/17 23:00,0
2018/03/18 00:00,0
2018/03/18 01:00,4.186229508
2018/03/18 02:00,1.893770492
2018/03/18 03:00,0
2018/03/18 04:00,0
2018/03/18 05:00,0
2018/03/18 06:00,0
2018/03/18 07:00,0
2018/03/18 08:00,5.233228346
2018/03/18 09:00,5.924409449
2018/03/18 10:00,2.914344936
2018/03/18 11:00,12.46531452
2018/03/18 12:00,9.554219257
2018/03/18 13:00,13.30213007
2018/03/18 14:00,12.13752271
2018/03/18 15:00,5.688830709
2018/03/18 16:00,4.669677419
2018/03/18 17:00,1.961002192
2018/03/18 18:00,4.973710533
2018/03/18 19:00,4.171828343
2018/03/18 20:00,0.633781513
2018/03/18 21:00,0
2018/03/18 22:00,0
2018/03/18 23:00,0
2018/03/19 00:00,0
2018/03/19 01:00,0
2018/03/19 02:00,0
2018/03/19 03:00,0
2018/03/19 04:00,0
2018/03/19 05:00,0
2018/03/19 06:00,1.819277457
2018/03/19 07:00,5.745086705
2018/03/19 08:00,5.745086705
2018/03/19 09:00,5.745086705
2018/03/19 10:00,7.969750017
2018/03/19 11:00,14.53746629
2018/03/19 12:00,5.87931038
2018/03/19 13:00,11.27358225
2018/03/19 14:00,5.808264887
2018/03/19 15:00,3.477206255
2018/03/19 16:00,5.278030501
2018/03/19 17:00,5.402351852
2018/03/19 18:00,3.3075
2018/03/19 19:00,6.432238817
2018/03/19 20:00,9.446599588
2018/03/19 21:00,4.643161595
2018/03/19 22:00,1.949642857
2018/03/19 23:00,1.140357143
2018/03/20 00:00,0
2018/03/20 01:00,0
2018/03/20 02:00,0
2018/03/20 03:00,0
2018/03/20 04:00,0
2018/03/20 05:00,0
2018/03/20 06:00,3.405762712
2018/03/20 07:00,2.504237288
2018/03/20 08:00,0
2018/03/20 09:00,0
2018/03/20 10:00,0
2018/03/20 11:00,2.75625
2018/03/20 12:00,1.29375
2018/03/20 13:00,1.100609756
2018/03/20 14:00,5.011409756
2018/03/20 15:00,7.26970473
2018/03/20 16:00,12.84224242
2018/03/20 17:00,8.19481838
2018/03/20 18:00,3.051214953
2018/03/20 19:00,0
2018/03/20 20:00,0
2018/03/20 21:00,0
2018/03/20 22:00,0
2018/03/20 23:00,0
2018/03/21 00:00,0
2018/03/21 01:00,0
2018/03/21 02:00,0
2018/03/21 03:00,0
2018/03/21 04:00,0
2018/03/21 05:00,0
2018/03/21 06:00,2.147894737
2018/03/21 07:00,5.857894737
2018/03/21 08:00,4.808654971
2018/03/21 09:00,3.427620173
2018/03/21 10:00,8.116264409
2018/03/21 11:00,3.723189441
2018/03/21 12:00,7.924543611
2018/03/21 13:00,9.137423437
2018/03/21 14:00,5.257444717
2018/03/21 15:00,0
2018/03/21 16:00,3.56636561
2018/03/21 17:00,4.264745501
2018/03/21 18:00,3.830681487
2018/03/21 19:00,12.59300273
2018/03/21 20:00,10.14300273
2018/03/21 21:00,1.492201944
2018/03/21 22:00,0
2018/03/21 23:00,0
2018/03/22 00:00,0
2018/03/22 01:00,0
2018/03/22 02:00,0
2018/03/22 03:00,0
2018/03/22 04:00,0
2018/03/22 05:00,0
2018/03/22 06:00,4.079480821
2018/03/22 07:00,5.940519179
2018/03/22 08:00,0
2018/03/22 09:00,0
2018/03/22 10:00,3.252236842
2018/03/22 11:00,4.237763158
2018/03/22 12:00,7.077244187
2018/03/22 13:00,7.513486247
2018/03/22 14:00,7.24787716
2018/03/22 15:00,2.937044579
2018/03/22 16:00,5.481811198
2018/03/22 17:00,15.16459339
2018/03/22 18:00,18.15109849
2018/03/22 19:00,18.24768593
2018/03/22 20:00,2.521390214
2018/03/22 21:00,0
2018/03/22 22:00,0
2018/03/22 23:00,0
2018/03/23 00:00,0
2018/03/23 01:00,0
2018/03/23 02:00,0
2018/03/23 03:00,0
2018/03/23 04:00,0
2018/03/23 05:00,0
2018/03/23 06:00,3.621176471
2018/03/23 07:00,3.218823529
2018/03/23 08:00,0
2018/03/23 09:00,8.22658167
2018/03/23 10:00,14.41522934
2018/03/23 11:00,11.98264528
2018/03/23 12:00,12.26038743
2018/03/23 13:00,13.51566661
2018/03/23 14:00,15.81318073
2018/03/23 15:00,6.921481351
2018/03/23 16:00,6.16137931
2018/03/23 17:00,0.513448276
2018/03/23 18:00,8.704655253
2018/03/23 19:00,20.52284551
2018/03/23 20:00,19.3050846
2018/03/23 21:00,4.082780488
2018/03/23 22:00,0
2018/03/23 23:00,0
2018/03/24 00:00,0
2018/03/24 01:00,0
2018/03/24 02:00,0
2018/03/24 03:00,0
2018/03/24 04:00,0
2018/03/24 05:00,2.470588235
2018/03/24 06:00,8.8883986
2018/03/24 07:00,8.569171805
2018/03/24 08:00,6.098583569
2018/03/24 09:00,6.098583569
2018/03/24 10:00,6.373583569
2018/03/24 11:00,8.112674478
2018/03/24 12:00,9.083318225
2018/03/24 13:00,11.32289138
2018/03/24 14:00,9.052869552
2018/03/24 15:00,10.14103824
2018/03/24 16:00,7.307529546
2018/03/24 17:00,0.430769231
2018/03/24 18:00,0
2018/03/24 19:00,0
2018/03/24 20:00,0
2018/03/24 21:00,0
2018/03/24 22:00,0
2018/03/24 23:00,0
2018/03/25 00:00,0
2018/03/25 01:00,0
2018/03/25 02:00,0
2018/03/25 03:00,0
2018/03/25 04:00,0
2018/03/25 05:00,0
2018/03/25 06:00,0
2018/03/25 07:00,0
2018/03/25 08:00,2.041011236
2018/03/25 09:00,3.148988764
2018/03/25 10:00,1.917631579
2018/03/25 11:00,12.2911602
2018/03/25 12:00,21.37246538
2018/03/25 13:00,21.74607515
2018/03/25 14:00,14.67608875
2018/03/25 15:00,5.478947368
2018/03/25 16:00,5.478947368
2018/03/25 17:00,7.126639676
2018/03/25 18:00,10.65512146
2018/03/25 19:00,5.136923077
2018/03/25 20:00,0
2018/03/25 21:00,0
2018/03/25 22:00,0
2018/03/25 23:00,0
2018/03/26 00:00,0
2018/03/26 01:00,0
2018/03/26 02:00,0
2018/03/26 03:00,0
2018/03/26 04:00,0
2018/03/26 05:00,0
2018/03/26 06:00,0
2018/03/26 07:00,0
2018/03/26 08:00,0.833103448
2018/03/26 09:00,3.55421798
2018/03/26 10:00,4.522678571
2018/03/26 11:00,1.131162791
2018/03/26 12:00,3.572093023
2018/03/26 13:00,5.971694055
2018/03/26 14:00,9.985036109
2018/03/26 15:00,10.55553641
2018/03/26 16:00,9.922022479
2018/03/26 17:00,3.042455133
2018/03/26 18:00,4.789994264
2018/03/26 19:00,8.500774967
2018/03/26 20:00,4.539366516
2018/03/26 21:00,4.539366516
2018/03/26 22:00,1.210497738
2018/03/26 23:00,0
2018/03/27 00:00,0
2018/03/27 01:00,0
2018/03/27 02:00,0
2018/03/27 03:00,0
2018/03/27 04:00,0
2018/03/27 05:00,0
2018/03/27 06:00,0
2018/03/27 07:00,0
2018/03/27 08:00,2.086336634
2018/03/27 09:00,4.426740289
2018/03/27 10:00,6.851843382
2018/03/27 11:00,5.18012474
2018/03/27 12:00,4.993976694
2018/03/27 13:00,1.2075
2018/03/27 14:00,0
2018/03/27 15:00,0
2018/03/27 16:00,3.25254902
2018/03/27 17:00,2.46745098
2018/03/27 18:00,0
2018/03/27 19:00,0
2018/03/27 20:00,0
2018/03/27 21:00,0
2018/03/27 22:00,0
2018/03/27 23:00,0
2018/03/28 00:00,0
2018/03/28 01:00,0
2018/03/28 02:00,0
2018/03/28 03:00,0
2018/03/28 04:00,0
2018/03/28 05:00,0
2018/03/28 06:00,1.969354839
2018/03/28 07:00,2.100645161
2018/03/28 08:00,0.501
2018/03/28 09:00,5.067142857
2018/03/28 10:00,11.61091679
2018/03/28 11:00,7.094273689
2018/03/28 12:00,2.686666667
2018/03/28 13:00,0
2018/03/28 14:00,5.044528302
2018/03/28 15:00,6.095471698
2018/03/28 16:00,0.543859649
2018/03/28 17:00,3.263157895
2018/03/28 18:00,6.198143746
2018/03/28 19:00,12.13060895
2018/03/28 20:00,14.34632324
2018/03/28 21:00,3.170967742
2018/03/28 22:00,0
2018/03/28 23:00,0
2018/03/29 00:00,0
2018/03/29 01:00,0
2018/03/29 02:00,0
2018/03/29 03:00,0
2018/03/29 04:00,0
2018/03/29 05:00,0
2018/03/29 06:00,0
2018/03/29 07:00,0
2018/03/29 08:00,0
2018/03/29 09:00,0
2018/03/29 10:00,0.232421053
2018/03/29 11:00,2.324210526
2018/03/29 12:00,1.123368421
2018/03/29 13:00,3.695896771
2018/03/29 14:00,7.844773674
2018/03/29 15:00,4.387721398
2018/03/29 16:00,3.819395769
2018/03/29 17:00,4.522453353
2018/03/29 18:00,7.037678773
2018/03/29 19:00,6.56639681
2018/03/29 20:00,6.172661871
2018/03/29 21:00,0.823021583
2018/03/29 22:00,0
2018/03/29 23:00,0
2018/03/30 00:00,0
2018/03/30 01:00,0
2018/03/30 02:00,0
2018/03/30 03:00,0
2018/03/30 04:00,0
2018/03/30 05:00,0
2018/03/30 06:00,2.985
2018/03/30 07:00,2.985
2018/03/30 08:00,0.746666667
2018/03/30 09:00,0.887816092
2018/03/30 10:00,4.705234863
2018/03/30 11:00,9.082601025
2018/03/30 12:00,8.354811608
2018/03/30 13:00,8.097747794
2018/03/30 14:00,0.745121951
2018/03/30 15:00,0.318857143
2018/03/30 16:00,3.460872587
2018/03/30 17:00,8.501872019
2018/03/30 18:00,5.942659121
2018/03/30 19:00,3.96173913
2018/03/30 20:00,2.597370166
2018/03/30 21:00,5.201104972
2018/03/30 22:00,5.201104972
2018/03/30 23:00,5.11441989
2018/03/31 00:00,0
2018/03/31 01:00,0
2018/03/31 02:00,0
2018/03/31 03:00,0
2018/03/31 04:00,0
2018/03/31 05:00,0
2018/03/31 06:00,0
2018/03/31 07:00,0
2018/03/31 08:00,0
2018/03/31 09:00,0
2018/03/31 10:00,7.55608699
2018/03/31 11:00,3.69587648
2018/03/31 12:00,3.594520548
2018/03/31 13:00,8.074955331
2018/03/31 14:00,4.578193004
2018/03/31 15:00,6.261661367
2018/03/31 16:00,14.7298359
2018/03/31 17:00,10.39414641
2018/03/31 18:00,12.17722085
2018/03/31 19:00,8.914169782
2018/03/31 20:00,0.193333333
2018/03/31 21:00,0
2018/03/31 22:00,0
2018/03/31 23:00,0
2018/04/01 00:00,0
2018/04/01 01:00,0
2018/04/01 02:00,0
2018/04/01 03:00,0
2018/04/01 04:00,0
2018/04/01 05:00,0
2018/04/01 06:00,0
2018/04/01 07:00,0
2018/04/01 08:00,0
2018/04/01 09:00,2.991666667
2018/04/01 10:00,0.598333333
2018/04/01 11:00,5.978017772
2018/04/01 12:00,10.90916682
2018/04/01 13:00,11.45707072
2018/04/01 14:00,1.255744681
2018/04/01 15:00,0
2018/04/01 16:00,0
2018/04/01 17:00,0
2018/04/01 18:00,0
2018/04/01 19:00,3.684444444
2018/04/01 20:00,0
2018/04/01 21:00,0
2018/04/01 22:00,0
2018/04/01 23:00,0
2018/04/02 00:00,0
2018/04/02 01:00,0
2018/04/02 02:00,0
2018/04/02 03:00,0
2018/04/02 04:00,0
2018/04/02 05:00,0
2018/04/02 06:00,0
2018/04/02 07:00,3.162923077
2018/04/02 08:00,3.067076923
2018/04/02 09:00,0
2018/04/02 10:00,0
2018/04/02 11:00,0
2018/04/02 12:00,0.805
2018/04/02 13:00,0.956971831
2018/04/02 14:00,7.216901408
2018/04/02 15:00,4.884908687
2018/04/02 16:00,4.319713219
2018/04/02 17:00,2.156504854
2018/04/02 18:00,1.926495726
2018/04/02 19:00,3.302564103
2018/04/02 20:00,1.210940171
2018/04/02 21:00,0
2018/04/02 22:00,0
2018/04/02 23:00,0
2018/04/03 00:00,0
2018/04/03 01:00,0
2018/04/03 02:00,0
2018/04/03 03:00,0
2018/04/03 04:00,0
2018/04/03 05:00,0
2018/04/03 06:00,1.363591331
2018/04/03 07:00,6.169064889
2018/04/03 08:00,12.34600366
2018/04/03 09:00,9.636819991
2018/04/03 10:00,5.843962848
2018/04/03 11:00,7.881594427
2018/04/03 12:00,1.508962848
2018/04/03 13:00,1.832894737
2018/04/03 14:00,0.157105263
2018/04/03 15:00,0
2018/04/03 16:00,0
2018/04/03 17:00,0
2018/04/03 18:00,2.019025323
2018/04/03 19:00,16.24946143
2018/04/03 20:00,9.721513251
2018/04/03 21:00,0
2018/04/03 22:00,0
2018/04/03 23:00,0
2018/04/04 00:00,0
2018/04/04 01:00,0
2018/04/04 02:00,0
2018/04/04 03:00,0
2018/04/04 04:00,0
2018/04/04 05:00,0
2018/04/04 06:00,3.167536232
2018/04/04 07:00,3.662463768
2018/04/04 08:00,0
2018/04/04 09:00,4.121661754
2018/04/04 10:00,7.110906411
2018/04/04 11:00,0.421779661
2018/04/04 12:00,3.705515864
2018/04/04 13:00,10.56796372
2018/04/04 14:00,12.27286841
2018/04/04 15:00,14.92266614
2018/04/04 16:00,7.35639127
2018/04/04 17:00,11.3964617
2018/04/04 18:00,14.83321372
2018/04/04 19:00,10.52413059
2018/04/04 20:00,3.300788591
2018/04/04 21:00,0
2018/04/04 22:00,0
2018/04/04 23:00,0
2018/04/05 00:00,0
2018/04/05 01:00,0
2018/04/05 02:00,0
2018/04/05 03:00,0
2018/04/05 04:00,0
2018/04/05 05:00,0
2018/04/05 06:00,2.220050633
2018/04/05 07:00,11.36421546
2018/04/05 08:00,12.18106652
2018/04/05 09:00,12.60795728
2018/04/05 10:00,16.63696977
2018/04/05 11:00,26.36003771
2018/04/05 12:00,25.47799727
2018/04/05 13:00,17.56009812
2018/04/05 14:00,15.56719487
2018/04/05 15:00,6.728742268
2018/04/05 16:00,3.815670103
2018/04/05 17:00,3.936
2018/04/05 18:00,5.664
2018/04/05 19:00,0
2018/04/05 20:00,0
2018/04/05 21:00,0
2018/04/05 22:00,5.670300375
2018/04/05 23:00,4.907934919
2018/04/06 00:00,4.711764706
2018/04/06 01:00,4.711764706
2018/04/06 02:00,3.298235294
2018/04/06 03:00,0
2018/04/06 04:00,0
2018/04/06 05:00,0
2018/04/06 06:00,0
2018/04/06 07:00,0
2018/04/06 08:00,2.76690733
2018/04/06 09:00,7.612291737
2018/04/06 10:00,3.878326996
2018/04/06 11:00,5.712586255
2018/04/06 12:00,14.82609833
2018/04/06 13:00,15.28032026
2018/04/06 14:00,9.599128346
2018/04/06 15:00,1.395631068
2018/04/06 16:00,0.727288136
2018/04/06 17:00,7.223845704
2018/04/06 18:00,10.21217146
2018/04/06 19:00,16.15171599
2018/04/06 20:00,16.07309371
2018/04/06 21:00,10.72577664
2018/04/06 22:00,9.250264442
2018/04/06 23:00,0.218947368
2018/04/07 00:00,0
2018/04/07 01:00,0
2018/04/07 02:00,0
2018/04/07 03:00,0
2018/04/07 04:00,0
2018/04/07 05:00,0
2018/04/07 06:00,0
2018/04/07 07:00,0
2018/04/07 08:00,0
2018/04/07 09:00,0
2018/04/07 10:00,1.720666667
2018/04/07 11:00,2.594333333
2018/04/07 12:00,6.697935279
2018/04/07 13:00,13.61808107
2018/04/07 14:00,11.03407878
2018/04/07 15:00,5.024904865
2018/04/07 16:00,0
2018/04/07 17:00,1.408358209
2018/04/07 18:00,6.107251547
2018/04/07 19:00,8.073895257
2018/04/07 20:00,12.91737372
2018/04/07 21:00,13.96321413
2018/04/07 22:00,10.46479541
2018/04/07 23:00,9.671410386
2018/04/08 00:00,10.38009891
2018/04/08 01:00,10.38009891
2018/04/08 02:00,6.797110083
2018/04/08 03:00,0.966393443
2018/04/08 04:00,0
2018/04/08 05:00,0
2018/04/08 06:00,0
2018/04/08 07:00,1.55672
2018/04/08 08:00,3.2208
2018/04/08 09:00,1.93248
2018/04/08 10:00,0
2018/04/08 11:00,0.629734513
2018/04/08 12:00,4.431002663
2018/04/08 13:00,9.518133294
2018/04/08 14:00,18.10227388
2018/04/08 15:00,11.90885565
2018/04/08 16:00,2.560280374
2018/04/08 17:00,3.785046729
2018/04/08 18:00,0.504672897
2018/04/08 19:00,0
2018/04/08 20:00,0
2018/04/08 21:00,0
2018/04/08 22:00,0
2018/04/08 23:00,0
2018/04/09 00:00,0
2018/04/09 01:00,0
2018/04/09 02:00,0
2018/04/09 03:00,0
2018/04/09 04:00,0
2018/04/09 05:00,0
2018/04/09 06:00,0
2018/04/09 07:00,0.60358209
2018/04/09 08:00,8.559771513
2018/04/09 09:00,8.891870278
2018/04/09 10:00,4.412248647
2018/04/09 11:00,2.154835165
2018/04/09 12:00,4.585339367
2018/04/09 13:00,3.684411765
2018/04/09 14:00,5.912941176
2018/04/09 15:00,4.055392157
2018/04/09 16:00,7.247058824
2018/04/09 17:00,7.845172031
2018/04/09 18:00,3.417376989
2018/04/09 19:00,0
2018/04/09 20:00,2.809195402
2018/04/09 21:00,4.32183908
2018/04/09 22:00,4.32183908
2018/04/09 23:00,4.32183908
2018/04/10 00:00,3.025287356
2018/04/10 01:00,0
2018/04/10 02:00,0
2018/04/10 03:00,0
2018/04/10 04:00,0
2018/04/10 05:00,0
2018/04/10 06:00,0
2018/04/10 07:00,2.326882243
2018/04/10 08:00,8.454414953
2018/04/10 09:00,12.37909471
2018/04/10 10:00,7.749772029
2018/04/10 11:00,7.249836066
2018/04/10 12:00,2.094666667
2018/04/10 13:00,3.661073359
2018/04/10 14:00,15.40235758
2018/04/10 15:00,10.30249063
2018/04/10 16:00,6.277596844
2018/04/10 17:00,13.06257477
2018/04/10 18:00,15.54394961
2018/04/10 19:00,12.85547236
2018/04/10 20:00,6.061818182
2018/04/10 21:00,6.061818182
2018/04/10 22:00,0.606181818
2018/04/10 23:00,0
2018/04/11 00:00,0
2018/04/11 01:00,0
2018/04/11 02:00,0
2018/04/11 03:00,0
2018/04/11 04:00,0
2018/04/11 05:00,0
2018/04/11 06:00,3.077857143
2018/04/11 07:00,7.241708075
2018/04/11 08:00,4.751521739
2018/04/11 09:00,10.37470449
2018/04/11 10:00,8.202980485
2018/04/11 11:00,1.68325894
2018/04/11 12:00,7.146331684
2018/04/11 13:00,7.205624724
2018/04/11 14:00,9.709012723
2018/04/11 15:00,5.104333333
2018/04/11 16:00,3.16
2018/04/11 17:00,2.160890966
2018/04/11 18:00,8.61911215
2018/04/11 19:00,7.542663551
2018/04/11 20:00,0
2018/04/11 21:00,0
2018/04/11 22:00,0
2018/04/11 23:00,0
2018/04/12 00:00,0
2018/04/12 01:00,0
2018/04/12 02:00,0
2018/04/12 03:00,0
2018/04/12 04:00,0
2018/04/12 05:00,0
2018/04/12 06:00,2.786229508
2018/04/12 07:00,3.283770492
2018/04/12 08:00,1.417355372
2018/04/12 09:00,17.859657
2018/04/12 10:00,20.9985069
2018/04/12 11:00,13.73262692
2018/04/12 12:00,9.541424448
2018/04/12 13:00,3.158783784
2018/04/12 14:00,0
2018/04/12 15:00,0.801111111
2018/04/12 16:00,2.155621562
2018/04/12 17:00,6.533938039
2018/04/12 18:00,19.43701152
2018/04/12 19:00,13.11185641
2018/04/12 20:00,7.681584836
2018/04/12 21:00,8.606603015
2018/04/12 22:00,8.606603015
2018/04/12 23:00,5.605670493
2018/04/13 00:00,0
2018/04/13 01:00,0
2018/04/13 02:00,0
2018/04/13 03:00,0
2018/04/13 04:00,0
2018/04/13 05:00,0
2018/04/13 06:00,0
2018/04/13 07:00,0
2018/04/13 08:00,2.389544447
2018/04/13 09:00,9.534196011
2018/04/13 10:00,9.691123381
2018/04/13 11:00,9.622842962
2018/04/13 12:00,3.891508885
2018/04/13 13:00,3.08627451
2018/04/13 14:00,5.921150971
2018/04/13 15:00,13.71679178
2018/04/13 16:00,5.464802351
2018/04/13 17:00,4.192973497
2018/04/13 18:00,8.195647633
2018/04/13 19:00,12.14213718
2018/04/13 20:00,14.22354145
2018/04/13 21:00,3.067464953
2018/04/13 22:00,0
2018/04/13 23:00,0
2018/04/14 00:00,0
2018/04/14 01:00,0
2018/04/14 02:00,0
2018/04/14 03:00,0
2018/04/14 04:00,0
2018/04/14 05:00,0
2018/04/14 06:00,0
2018/04/14 07:00,0
2018/04/14 08:00,1.125
2018/04/14 09:00,5.383296146
2018/04/14 10:00,13.33250157
2018/04/14 11:00,12.358974
2018/04/14 12:00,9.445289376
2018/04/14 13:00,19.89966892
2018/04/14 14:00,13.21526999
2018/04/14 15:00,4.058623853
2018/04/14 16:00,10.07938632
2018/04/14 17:00,10.88086205
2018/04/14 18:00,12.15051501
2018/04/14 19:00,25.90973284
2018/04/14 20:00,27.34111509
2018/04/14 21:00,17.07366279
2018/04/14 22:00,7.906239044
2018/04/14 23:00,3.747945205
2018/04/15 00:00,1.061917808
2018/04/15 01:00,0
2018/04/15 02:00,0
2018/04/15 03:00,0
2018/04/15 04:00,0
2018/04/15 05:00,0
2018/04/15 06:00,0
2018/04/15 07:00,0
2018/04/15 08:00,0
2018/04/15 09:00,1.488080808
2018/04/15 10:00,3.078787879
2018/04/15 11:00,1.495389378
2018/04/15 12:00,4.409929876
2018/04/15 13:00,9.148393914
2018/04/15 14:00,14.67230696
2018/04/15 15:00,16.60208347
2018/04/15 16:00,15.45122348
2018/04/15 17:00,7.079730159
2018/04/15 18:00,3.144074074
2018/04/15 19:00,3.494974874
2018/04/15 20:00,4.193969849
2018/04/15 21:00,4.193969849
2018/04/15 22:00,2.027085427
2018/04/15 23:00,0
2018/04/16 00:00,0
2018/04/16 01:00,0
2018/04/16 02:00,0
2018/04/16 03:00,0
2018/04/16 04:00,0
2018/04/16 05:00,0
2018/04/16 06:00,0
2018/04/16 07:00,0
2018/04/16 08:00,6.423314182
2018/04/16 09:00,14.96151449
2018/04/16 10:00,18.85878882
2018/04/16 11:00,7.462449921
2018/04/16 12:00,8.470273312
2018/04/16 13:00,6.865230311
2018/04/16 14:00,3.948428962
2018/04/16 15:00,0.588695652
2018/04/16 16:00,5.886956522
2018/04/16 17:00,6.248778326
2018/04/16 18:00,8.448093772
2018/04/16 19:00,1.327475728
2018/04/16 20:00,0
2018/04/16 21:00,0
2018/04/16 22:00,0
2018/04/16 23:00,0
2018/04/17 00:00,0
2018/04/17 01:00,0
2018/04/17 02:00,0
2018/04/17 03:00,0
2018/04/17 04:00,0
2018/04/17 05:00,0
2018/04/17 06:00,0
2018/04/17 07:00,1.643181818
2018/04/17 08:00,4.484609396
2018/04/17 09:00,10.19934458
2018/04/17 10:00,9.340989209
2018/04/17 11:00,4.79867284
2018/04/17 12:00,7.541396023
2018/04/17 13:00,6.642619145
2018/04/17 14:00,0.930823356
2018/04/17 15:00,8.233027861
2018/04/17 16:00,6.525335775
2018/04/17 17:00,4.219764706
2018/04/17 18:00,4.320235294
2018/04/17 19:00,0
2018/04/17 20:00,3.989585253
2018/04/17 21:00,5.093087558
2018/04/17 22:00,5.093087558
2018/04/17 23:00,5.295124587
2018/04/18 00:00,3.318584071
2018/04/18 01:00,1.880530973
2018/04/18 02:00,0
2018/04/18 03:00,1.636326531
2018/04/18 04:00,0
2018/04/18 05:00,0
2018/04/18 06:00,3.084343434
2018/04/18 07:00,5.96969697
2018/04/18 08:00,6.314725852
2018/04/18 09:00,15.00396871
2018/04/18 10:00,13.10007272
2018/04/18 11:00,2.56719232
2018/04/18 12:00,0
2018/04/18 13:00,2.732692308
2018/04/18 14:00,0.167307692
2018/04/18 15:00,3.513947834
2018/04/18 16:00,12.62225906
2018/04/18 17:00,5.934319419
2018/04/18 18:00,9.032146453
2018/04/18 19:00,11.2171167
2018/04/18 20:00,6.028421053
2018/04/18 21:00,4.621789474
2018/04/18 22:00,0
2018/04/18 23:00,2.79469697
2018/04/19 00:00,4.790909091
2018/04/19 01:00,2.954393939
2018/04/19 02:00,0
2018/04/19 03:00,0
2018/04/19 04:00,0
2018/04/19 05:00,0
2018/04/19 06:00,0
2018/04/19 07:00,0
2018/04/19 08:00,4.538638262
2018/04/19 09:00,5.448496241
2018/04/19 10:00,5.350877193
2018/04/19 11:00,7.529940823
2018/04/19 12:00,13.2052553
2018/04/19 13:00,9.376755546
2018/04/19 14:00,8.901781335
2018/04/19 15:00,7.188255295
2018/04/19 16:00,2
2018/04/19 17:00,9.600007184
2018/04/19 18:00,11.63496161
2018/04/19 19:00,9.084261977
2018/04/19 20:00,0.950769231
2018/04/19 21:00,0
2018/04/19 22:00,0
2018/04/19 23:00,0
2018/04/20 00:00,0
2018/04/20 01:00,1.26969697
2018/04/20 02:00,2.539393939
2018/04/20 03:00,0.380909091
2018/04/20 04:00,0
2018/04/20 05:00,0
2018/04/20 06:00,0
2018/04/20 07:00,8.370077519
2018/04/20 08:00,10.4379845
2018/04/20 09:00,10.66338306
2018/04/20 10:00,5.936190061
2018/04/20 11:00,3.1889531
2018/04/20 12:00,5.09129902
2018/04/20 13:00,8.575516778
2018/04/20 14:00,14.47996707
2018/04/20 15:00,14.886458
2018/04/20 16:00,3.945102521
2018/04/20 17:00,6.785068376
2018/04/20 18:00,4.32311828
2018/04/20 19:00,9.471099408
2018/04/20 20:00,9.265306122
2018/04/20 21:00,4.21047619
2018/04/20 22:00,0
2018/04/20 23:00,0
2018/04/21 00:00,0
2018/04/21 01:00,0
2018/04/21 02:00,0
2018/04/21 03:00,0
2018/04/21 04:00,0
2018/04/21 05:00,0
2018/04/21 06:00,0
2018/04/21 07:00,0
2018/04/21 08:00,0.654418605
2018/04/21 09:00,3.365581395
2018/04/21 10:00,0
2018/04/21 11:00,0
2018/04/21 12:00,3.909547385
2018/04/21 13:00,13.22170758
2018/04/21 14:00,8.296676459
2018/04/21 15:00,3.613028571
2018/04/21 16:00,3.0336
2018/04/21 17:00,8.656326081
2018/04/21 18:00,14.41767017
2018/04/21 19:00,12.4370165
2018/04/21 20:00,9.566734937
2018/04/21 21:00,6.938461538
2018/04/21 22:00,6.938461538
2018/04/21 23:00,5.550769231
2018/04/22 00:00,0
2018/04/22 01:00,0
2018/04/22 02:00,0
2018/04/22 03:00,0
2018/04/22 04:00,0
2018/04/22 05:00,0
2018/04/22 06:00,0
2018/04/22 07:00,0
2018/04/22 08:00,1.891446813
2018/04/22 09:00,7.021918721
2018/04/22 10:00,5.134988896
2018/04/22 11:00,6.220281294
2018/04/22 12:00,9.521364276
2018/04/22 13:00,0.873333333
2018/04/22 14:00,4.366666667
2018/04/22 15:00,2.829767442
2018/04/22 16:00,0
2018/04/22 17:00,7.648781484
2018/04/22 18:00,11.77429544
2018/04/22 19:00,0.906923077
2018/04/22 20:00,0
2018/04/22 21:00,0
2018/04/22 22:00,0
2018/04/22 23:00,0
2018/04/23 00:00,0
2018/04/23 01:00,0
2018/04/23 02:00,0
2018/04/23 03:00,0
2018/04/23 04:00,0
2018/04/23 05:00,0
2018/04/23 06:00,0
2018/04/23 07:00,4.428563783
2018/04/23 08:00,12.33232069
2018/04/23 09:00,5.181681898
2018/04/23 10:00,3.844247788
2018/04/23 11:00,4.387774076
2018/04/23 12:00,5.040014939
2018/04/23 13:00,5.398424908
2018/04/23 14:00,6.710818071
2018/04/23 15:00,0.856153846
2018/04/23 16:00,0
2018/04/23 17:00,0.536538462
2018/04/23 18:00,1.013461538
2018/04/23 19:00,0
2018/04/23 20:00,0
2018/04/23 21:00,0
2018/04/23 22:00,0
2018/04/23 23:00,0
2018/04/24 00:00,0
2018/04/24 01:00,0
2018/04/24 02:00,0
2018/04/24 03:00,0
2018/04/24 04:00,0
2018/04/24 05:00,0
2018/04/24 06:00,0
2018/04/24 07:00,2.086445993
2018/04/24 08:00,14.93551898
2018/04/24 09:00,7.636571612
2018/04/24 10:00,4.331463415
2018/04/24 11:00,6.031146552
2018/04/24 12:00,4.238853448
2018/04/24 13:00,1.621020408
2018/04/24 14:00,3.740816327
2018/04/24 15:00,1.486550362
2018/04/24 16:00,3.164516129
2018/04/24 17:00,4.644010354
2018/04/24 18:00,5.628342234
2018/04/24 19:00,5.896744186
2018/04/24 20:00,5.896744186
2018/04/24 21:00,5.896744186
2018/04/24 22:00,0.884511628
2018/04/24 23:00,0
2018/04/25 00:00,0
2018/04/25 01:00,0
2018/04/25 02:00,0
2018/04/25 03:00,0
2018/04/25 04:00,0
2018/04/25 05:00,0
2018/04/25 06:00,0
2018/04/25 07:00,1.231256155
2018/04/25 08:00,8.793630173
2018/04/25 09:00,13.69334418
2018/04/25 10:00,5.68889385
2018/04/25 11:00,6.370311538
2018/04/25 12:00,8.223035768
2018/04/25 13:00,11.60152833
2018/04/25 14:00,4.188
2018/04/25 15:00,2.483703704
2018/04/25 16:00,4.768728729
2018/04/25 17:00,2.861685215
2018/04/25 18:00,2.705882353
2018/04/25 19:00,0
2018/04/25 20:00,0
2018/04/25 21:00,0
2018/04/25 22:00,1.650526316
2018/04/25 23:00,0.309473684
2018/04/26 00:00,0
2018/04/26 01:00,0
2018/04/26 02:00,0
2018/04/26 03:00,0
2018/04/26 04:00,0
2018/04/26 05:00,0
2018/04/26 06:00,3.027619048
2018/04/26 07:00,3.95180624
2018/04/26 08:00,5.868965517
2018/04/26 09:00,1.271609195
2018/04/26 10:00,0.971008919
2018/04/26 11:00,2.798411371
2018/04/26 12:00,2.274116296
2018/04/26 13:00,4.837814766
2018/04/26 14:00,0.56
2018/04/26 15:00,1.16
2018/04/26 16:00,0
2018/04/26 17:00,0.914845186
2018/04/26 18:00,10.47380503
2018/04/26 19:00,12.05072811
2018/04/26 20:00,11.03367392
2018/04/26 21:00,12.16299261
2018/04/26 22:00,10.73978749
2018/04/26 23:00,10.73978749
2018/04/27 00:00,4.764380165
2018/04/27 01:00,0
2018/04/27 02:00,0
2018/04/27 03:00,0
2018/04/27 04:00,0
2018/04/27 05:00,0
2018/04/27 06:00,0
2018/04/27 07:00,2.833303922
2018/04/27 08:00,16.33743987
2018/04/27 09:00,12.47560334
2018/04/27 10:00,8.330677667
2018/04/27 11:00,10.74064853
2018/04/27 12:00,14.13913181
2018/04/27 13:00,12.29347456
2018/04/27 14:00,13.45140467
2018/04/27 15:00,11.91065198
2018/04/27 16:00,9.818747793
2018/04/27 17:00,19.73632593
2018/04/27 18:00,12.30573678
2018/04/27 19:00,8.750853883
2018/04/27 20:00,13.24776616
2018/04/27 21:00,11.16131002
2018/04/27 22:00,6.956643357
2018/04/27 23:00,6.956643357
2018/04/28 00:00,6.956643357
2018/04/28 01:00,2.086993007
2018/04/28 02:00,0
2018/04/28 03:00,0
2018/04/28 04:00,0
2018/04/28 05:00,0
2018/04/28 06:00,0
2018/04/28 07:00,0
2018/04/28 08:00,2.986375569
2018/04/28 09:00,15.64502824
2018/04/28 10:00,13.4669447
2018/04/28 11:00,9.675441589
2018/04/28 12:00,16.17172372
2018/04/28 13:00,20.71115918
2018/04/28 14:00,11.0697808
2018/04/28 15:00,4.958398266
2018/04/28 16:00,7.284522929
2018/04/28 17:00,3.920625
2018/04/28 18:00,10.31284761
2018/04/28 19:00,14.31253499
2018/04/28 20:00,8.345017397
2018/04/28 21:00,3.2064
2018/04/28 22:00,1.6032
2018/04/28 23:00,0
2018/04/29 00:00,0
2018/04/29 01:00,0
2018/04/29 02:00,0
2018/04/29 03:00,0
2018/04/29 04:00,0
2018/04/29 05:00,0
2018/04/29 06:00,0
2018/04/29 07:00,1.880487805
2018/04/29 08:00,3.259512195
2018/04/29 09:00,0
2018/04/29 10:00,0
2018/04/29 11:00,0
2018/04/29 12:00,9.728244598
2018/04/29 13:00,22.41961905
2018/04/29 14:00,23.1592362
2018/04/29 15:00,14.12290015
2018/04/29 16:00,1.0075
2018/04/29 17:00,5.495454545
2018/04/29 18:00,1.557045455
2018/04/29 19:00,0
2018/04/29 20:00,0
2018/04/29 21:00,0
2018/04/29 22:00,0
2018/04/29 23:00,0
2018/04/30 00:00,0
2018/04/30 01:00,0
2018/04/30 02:00,0
2018/04/30 03:00,0
2018/04/30 04:00,0
2018/04/30 05:00,0
2018/04/30 06:00,0
2018/04/30 07:00,3.041426383
2018/04/30 08:00,11.40766903
2018/04/30 09:00,16.40354621
2018/04/30 10:00,8.095159425
2018/04/30 11:00,3.782198953
2018/04/30 12:00,0.9253125
2018/04/30 13:00,1.15516369
2018/04/30 14:00,6.497789737
2018/04/30 15:00,8.086734073
2018/04/30 16:00,6.626575342
2018/04/30 17:00,1.105266763
2018/04/30 18:00,3.408157895
2018/04/30 19:00,5.925
2018/04/30 20:00,5.53
2018/04/30 21:00,0.614117647
2018/04/30 22:00,4.605882353
2018/04/30 23:00,4.605882353
2018/05/01 00:00,4.605882353
2018/05/01 01:00,3.838235294
2018/05/01 02:00,0
2018/05/01 03:00,0
2018/05/01 04:00,0
2018/05/01 05:00,0
2018/05/01 06:00,1.75
2018/05/01 07:00,7.874482759
2018/05/01 08:00,9.165517241
2018/05/01 09:00,10.10787367
2018/05/01 10:00,12.5633521
2018/05/01 11:00,10.17805043
2018/05/01 12:00,5.794488189
2018/05/01 13:00,8.314904856
2018/05/01 14:00,5.904071522
2018/05/01 15:00,3.959566929
2018/05/01 16:00,1.651768707
2018/05/01 17:00,6.381298519
2018/05/01 18:00,5.972268908
2018/05/01 19:00,5.972268908
2018/05/01 20:00,5.972268908
2018/05/01 21:00,10.17577822
2018/05/01 22:00,5.895652174
2018/05/01 23:00,0.393043478
2018/05/02 00:00,0
2018/05/02 01:00,0
2018/05/02 02:00,0
2018/05/02 03:00,0
2018/05/02 04:00,0
2018/05/02 05:00,0
2018/05/02 06:00,0
2018/05/02 07:00,2.442626964
2018/05/02 08:00,10.09690889
2018/05/02 09:00,14.77553452
2018/05/02 10:00,12.98603472
2018/05/02 11:00,5.104343111
2018/05/02 12:00,7.48713692
2018/05/02 13:00,6.819836708
2018/05/02 14:00,9.674769966
2018/05/02 15:00,11.46798263
2018/05/02 16:00,4.026395939
2018/05/02 17:00,1.275025381
2018/05/02 18:00,0
2018/05/02 19:00,1.246374582
2018/05/02 20:00,5.163010033
2018/05/02 21:00,0.080615385
2018/05/02 22:00,0
2018/05/02 23:00,0
2018/05/03 00:00,0
2018/05/03 01:00,0
2018/05/03 02:00,0
2018/05/03 03:00,0
2018/05/03 04:00,0
2018/05/03 05:00,0
2018/05/03 06:00,0
2018/05/03 07:00,5.246291464
2018/05/03 08:00,15.36942668
2018/05/03 09:00,14.81549322
2018/05/03 10:00,15.16735545
2018/05/03 11:00,17.2821434
2018/05/03 12:00,11.75891556
2018/05/03 13:00,15.28192011
2018/05/03 14:00,7.638454111
2018/05/03 15:00,1.498341176
2018/05/03 16:00,3.031658824
2018/05/03 17:00,0.043893805
2018/05/03 18:00,2.633628319
2018/05/03 19:00,2.282477876
2018/05/03 20:00,0
2018/05/03 21:00,0
2018/05/03 22:00,0
2018/05/03 23:00,0
2018/05/04 00:00,0
2018/05/04 01:00,0
2018/05/04 02:00,0
2018/05/04 03:00,0
2018/05/04 04:00,0
2018/05/04 05:00,0
2018/05/04 06:00,3.187027027
2018/05/04 07:00,9.457450902
2018/05/04 08:00,9.33080106
2018/05/04 09:00,5.689518309
2018/05/04 10:00,9.454692875
2018/05/04 11:00,12.26481856
2018/05/04 12:00,11.90716104
2018/05/04 13:00,4.079299451
2018/05/04 14:00,6.117578827
2018/05/04 15:00,15.28357318
2018/05/04 16:00,9.095115759
2018/05/04 17:00,17.85357984
2018/05/04 18:00,14.71207827
2018/05/04 19:00,15.94056096
2018/05/04 20:00,12.53307956
2018/05/04 21:00,10.79204274
2018/05/04 22:00,6.972972973
2018/05/04 23:00,4.648648649
2018/05/05 00:00,0
2018/05/05 01:00,0
2018/05/05 02:00,0
2018/05/05 03:00,0
2018/05/05 04:00,0
2018/05/05 05:00,0
2018/05/05 06:00,6.788041237
2018/05/05 07:00,4.371958763
2018/05/05 08:00,0
2018/05/05 09:00,3.561934617
2018/05/05 10:00,5.009424989
2018/05/05 11:00,11.26618097
2018/05/05 12:00,16.56957963
2018/05/05 13:00,12.6674447
2018/05/05 14:00,6.377010845
2018/05/05 15:00,3.729108003
2018/05/05 16:00,8.409409728
2018/05/05 17:00,7.692098292
2018/05/05 18:00,7.79061788
2018/05/05 19:00,10.98708521
2018/05/05 20:00,6.718735266
2018/05/05 21:00,1.601369863
2018/05/05 22:00,0
2018/05/05 23:00,0
2018/05/06 00:00,0
2018/05/06 01:00,0
2018/05/06 02:00,0
2018/05/06 03:00,0
2018/05/06 04:00,1.314545455
2018/05/06 05:00,1.095454545
2018/05/06 06:00,0
2018/05/06 07:00,0
2018/05/06 08:00,10.76488211
2018/05/06 09:00,18.74900493
2018/05/06 10:00,7.90938399
2018/05/06 11:00,10.74958492
2018/05/06 12:00,12.27472184
2018/05/06 13:00,15.40576021
2018/05/06 14:00,13.12820562
2018/05/06 15:00,5.768456376
2018/05/06 16:00,0
2018/05/06 17:00,1.836065574
2018/05/06 18:00,10.9772772
2018/05/06 19:00,9.937384501
2018/05/06 20:00,2.199272727
2018/05/06 21:00,0
2018/05/06 22:00,0
2018/05/06 23:00,0
2018/05/07 00:00,0
2018/05/07 01:00,0
2018/05/07 02:00,0
2018/05/07 03:00,0
2018/05/07 04:00,0
2018/05/07 05:00,0
2018/05/07 06:00,0
2018/05/07 07:00,7.240908635
2018/05/07 08:00,12.59234981
2018/05/07 09:00,15.30040447
2018/05/07 10:00,12.82292532
2018/05/07 11:00,9.901878188
2018/05/07 12:00,15.49939546
2018/05/07 13:00,17.82847805
2018/05/07 14:00,15.6154138
2018/05/07 15:00,14.44821539
2018/05/07 16:00,13.0106727
2018/05/07 17:00,3.109358182
2018/05/07 18:00,2.52625
2018/05/07 19:00,3.525
2018/05/07 20:00,0.99875
2018/05/07 21:00,0
2018/05/07 22:00,0
2018/05/07 23:00,0
2018/05/08 00:00,0
2018/05/08 01:00,0
2018/05/08 02:00,0
2018/05/08 03:00,0
2018/05/08 04:00,0
2018/05/08 05:00,0.866315789
2018/05/08 06:00,7.006812865
2018/05/08 07:00,9.560482456
2018/05/08 08:00,6.648269231
2018/05/08 09:00,7.718163199
2018/05/08 10:00,8.135567318
2018/05/08 11:00,2.15438914
2018/05/08 12:00,0
2018/05/08 13:00,0.244
2018/05/08 14:00,3.382363636
2018/05/08 15:00,10.03442775
2018/05/08 16:00,7.027103355
2018/05/08 17:00,3.387362139
2018/05/08 18:00,3.388572911
2018/05/08 19:00,1.416170213
2018/05/08 20:00,0
2018/05/08 21:00,0
2018/05/08 22:00,0
2018/05/08 23:00,0
2018/05/09 00:00,0
2018/05/09 01:00,0
2018/05/09 02:00,0
2018/05/09 03:00,0
2018/05/09 04:00,0
2018/05/09 05:00,0
2018/05/09 06:00,0.126618705
2018/05/09 07:00,5.686686151
2018/05/09 08:00,14.16882756
2018/05/09 09:00,17.87422169
2018/05/09 10:00,13.45543
2018/05/09 11:00,3.658215894
2018/05/09 12:00,0
2018/05/09 13:00,0
2018/05/09 14:00,5.6
2018/05/09 15:00,9.348
2018/05/09 16:00,3.692
2018/05/09 17:00,0
2018/05/09 18:00,1.648235294
2018/05/09 19:00,7.184628483
2018/05/09 20:00,7.613900929
2018/05/09 21:00,4.873235294
2018/05/09 22:00,0
2018/05/09 23:00,0
2018/05/10 00:00,0
2018/05/10 01:00,0
2018/05/10 02:00,0
2018/05/10 03:00,0
2018/05/10 04:00,0
2018/05/10 05:00,0
2018/05/10 06:00,1.386891892
2018/05/10 07:00,3.782432432
2018/05/10 08:00,12.61372361
2018/05/10 09:00,12.91846573
2018/05/10 10:00,11.93292983
2018/05/10 11:00,11.76562288
2018/05/10 12:00,12.15935555
2018/05/10 13:00,5.56466762
2018/05/10 14:00,9.131965499
2018/05/10 15:00,0.781651376
2018/05/10 16:00,0.612293578
2018/05/10 17:00,1.092
2018/05/10 18:00,0.208
2018/05/10 19:00,0
2018/05/10 20:00,0
2018/05/10 21:00,0
2018/05/10 22:00,0
2018/05/10 23:00,0
2018/05/11 00:00,0
2018/05/11 01:00,0
2018/05/11 02:00,0
2018/05/11 03:00,0
2018/05/11 04:00,0
2018/05/11 05:00,0.378409091
2018/05/11 06:00,4.540909091
2018/05/11 07:00,9.386614826
2018/05/11 08:00,13.98631464
2018/05/11 09:00,12.72453234
2018/05/11 10:00,9.694282338
2018/05/11 11:00,3.139133751
2018/05/11 12:00,11.96561231
2018/05/11 13:00,12.96527206
2018/05/11 14:00,13.6624678
2018/05/11 15:00,10.73687767
2018/05/11 16:00,7.430443641
2018/05/11 17:00,5.895652174
2018/05/11 18:00,2.063478261
2018/05/11 19:00,5.912535425
2018/05/11 20:00,10.20564777
2018/05/11 21:00,11.00261975
2018/05/11 22:00,9.789197053
2018/05/11 23:00,0
2018/05/12 00:00,0
2018/05/12 01:00,0
2018/05/12 02:00,0
2018/05/12 03:00,0
2018/05/12 04:00,0
2018/05/12 05:00,0
2018/05/12 06:00,0
2018/05/12 07:00,0
2018/05/12 08:00,0
2018/05/12 09:00,0
2018/05/12 10:00,11.74479728
2018/05/12 11:00,17.97426496
2018/05/12 12:00,10.09719211
2018/05/12 13:00,9.162438058
2018/05/12 14:00,23.74384574
2018/05/12 15:00,21.45966413
2018/05/12 16:00,16.09465327
2018/05/12 17:00,5.968791511
2018/05/12 18:00,8.19632244
2018/05/12 19:00,11.24970984
2018/05/12 20:00,16.28229125
2018/05/12 21:00,0.896029412
2018/05/12 22:00,0
2018/05/12 23:00,0
2018/05/13 00:00,0
2018/05/13 01:00,0
2018/05/13 02:00,0
2018/05/13 03:00,0
2018/05/13 04:00,0
2018/05/13 05:00,0
2018/05/13 06:00,0
2018/05/13 07:00,0
2018/05/13 08:00,0
2018/05/13 09:00,0.430181818
2018/05/13 10:00,4.416636364
2018/05/13 11:00,10.57576887
2018/05/13 12:00,19.27600461
2018/05/13 13:00,22.33718732
2018/05/13 14:00,21.73728162
2018/05/13 15:00,4.963757576
2018/05/13 16:00,2.363492222
2018/05/13 17:00,11.74194577
2018/05/13 18:00,3.714562006
2018/05/13 19:00,7.057073171
2018/05/13 20:00,9.672561504
2018/05/13 21:00,11.36420653
2018/05/13 22:00,11.36420653
2018/05/13 23:00,11.36420653
2018/05/14 00:00,4.15774575
2018/05/14 01:00,0
2018/05/14 02:00,0
2018/05/14 03:00,0
2018/05/14 04:00,0
2018/05/14 05:00,0
2018/05/14 06:00,0
2018/05/14 07:00,1.52
2018/05/14 08:00,11.67373604
2018/05/14 09:00,18.39556632
2018/05/14 10:00,16.81542218
2018/05/14 11:00,14.64986083
2018/05/14 12:00,2.945414622
2018/05/14 13:00,0
2018/05/14 14:00,0
2018/05/14 15:00,0.91
2018/05/14 16:00,0
2018/05/14 17:00,3.66
2018/05/14 18:00,3.368
2018/05/14 19:00,0.162
2018/05/14 20:00,0
2018/05/14 21:00,0
2018/05/14 22:00,0
2018/05/14 23:00,0
2018/05/15 00:00,0
2018/05/15 01:00,0
2018/05/15 02:00,0
2018/05/15 03:00,0
2018/05/15 04:00,0
2018/05/15 05:00,0
2018/05/15 06:00,11.38055357
2018/05/15 07:00,8.701069805
2018/05/15 08:00,17.010798
2018/05/15 09:00,21.55644759
2018/05/15 10:00,11.28999467
2018/05/15 11:00,5.926662679
2018/05/15 12:00,8.406416504
2018/05/15 13:00,7.634715717
2018/05/15 14:00,8.081509742
2018/05/15 15:00,10.97482442
2018/05/15 16:00,3.240875912
2018/05/15 17:00,0.486131387
2018/05/15 18:00,1.163855422
2018/05/15 19:00,5.819277108
2018/05/15 20:00,1.06686747
2018/05/15 21:00,0
2018/05/15 22:00,0
2018/05/15 23:00,0
2018/05/16 00:00,1.843973941
2018/05/16 01:00,6.508143322
2018/05/16 02:00,6.508143322
2018/05/16 03:00,6.508143322
2018/05/16 04:00,6.508143322
2018/05/16 05:00,6.189606615
2018/05/16 06:00,2.898850019
2018/05/16 07:00,4.739242366
2018/05/16 08:00,5.231934673
2018/05/16 09:00,8.635663628
2018/05/16 10:00,7.921905468
2018/05/16 11:00,5.740652985
2018/05/16 12:00,11.86225662
2018/05/16 13:00,19.5981456
2018/05/16 14:00,7.455305842
2018/05/16 15:00,4.700891892
2018/05/16 16:00,6.915896552
2018/05/16 17:00,6.842103448
2018/05/16 18:00,3.40123961
2018/05/16 19:00,13.36801137
2018/05/16 20:00,10.44883366
2018/05/16 21:00,6.968715084
2018/05/16 22:00,2.439050279
2018/05/16 23:00,0
2018/05/17 00:00,0
2018/05/17 01:00,0
2018/05/17 02:00,0
2018/05/17 03:00,0
2018/05/17 04:00,0
2018/05/17 05:00,0
2018/05/17 06:00,0.494478528
2018/05/17 07:00,9.016924149
2018/05/17 08:00,11.1838211
2018/05/17 09:00,6.844776218
2018/05/17 10:00,0.206746032
2018/05/17 11:00,4.005521853
2018/05/17 12:00,13.99570298
2018/05/17 13:00,15.94770746
2018/05/17 14:00,11.10893207
2018/05/17 15:00,9.386777672
2018/05/17 16:00,17.8348322
2018/05/17 17:00,16.6620011
2018/05/17 18:00,12.00978969
2018/05/17 19:00,9.001838107
2018/05/17 20:00,9.783835054
2018/05/17 21:00,0.276315789
2018/05/17 22:00,0
2018/05/17 23:00,0
2018/05/18 00:00,0
2018/05/18 01:00,0
2018/05/18 02:00,0
2018/05/18 03:00,0
2018/05/18 04:00,0
2018/05/18 05:00,0.0986
2018/05/18 06:00,4.8314
2018/05/18 07:00,0.596923077
2018/05/18 08:00,5.969230769
2018/05/18 09:00,1.287836302
2018/05/18 10:00,8.13719515
2018/05/18 11:00,13.7463932
2018/05/18 12:00,12.9147809
2018/05/18 13:00,18.71198952
2018/05/18 14:00,9.792415788
2018/05/18 15:00,1.028235294
2018/05/18 16:00,1.638
2018/05/18 17:00,6.257
2018/05/18 18:00,3.961470588
2018/05/18 19:00,2.760708661
2018/05/18 20:00,4.247244094
2018/05/18 21:00,1.982047244
2018/05/18 22:00,0
2018/05/18 23:00,0
2018/05/19 00:00,0
2018/05/19 01:00,0
2018/05/19 02:00,0
2018/05/19 03:00,0
2018/05/19 04:00,0
2018/05/19 05:00,0
2018/05/19 06:00,0
2018/05/19 07:00,0
2018/05/19 08:00,1.96744186
2018/05/19 09:00,5.902325581
2018/05/19 10:00,5.450232558
2018/05/19 11:00,11.08362319
2018/05/19 12:00,12.18091014
2018/05/19 13:00,6.141466667
2018/05/19 14:00,6.785517241
2018/05/19 15:00,11.03163222
2018/05/19 16:00,6.252442244
2018/05/19 17:00,3.105162266
2018/05/19 18:00,2.508643791
2018/05/19 19:00,15.5634487
2018/05/19 20:00,19.881636
2018/05/19 21:00,5.711299543
2018/05/19 22:00,6.07706422
2018/05/19 23:00,2.835963303
2018/05/20 00:00,0
2018/05/20 01:00,0
2018/05/20 02:00,0
2018/05/20 03:00,0.087540107
2018/05/20 04:00,5.252406417
2018/05/20 05:00,5.252406417
2018/05/20 06:00,5.252406417
2018/05/20 07:00,0.525240642
2018/05/20 08:00,0
2018/05/20 09:00,0.845535714
2018/05/20 10:00,5.073214286
2018/05/20 11:00,4.278538136
2018/05/20 12:00,12.49929646
2018/05/20 13:00,10.07834498
2018/05/20 14:00,1.771737089
2018/05/20 15:00,3.813333333
2018/05/20 16:00,4.936779661
2018/05/20 17:00,7.626610169
2018/05/20 18:00,2.516610169
2018/05/20 19:00,3.180645161
2018/05/20 20:00,1.919354839
2018/05/20 21:00,0
2018/05/20 22:00,0
2018/05/20 23:00,0
2018/05/21 00:00,0
2018/05/21 01:00,0
2018/05/21 02:00,0
2018/05/21 03:00,0
2018/05/21 04:00,0
2018/05/21 05:00,0
2018/05/21 06:00,0.259101124
2018/05/21 07:00,12.06665971
2018/05/21 08:00,12.346374
2018/05/21 09:00,10.45661517
2018/05/21 10:00,8.169989496
2018/05/21 11:00,6.650840336
2018/05/21 12:00,6.889192983
2018/05/21 13:00,19.68700037
2018/05/21 14:00,15.95094724
2018/05/21 15:00,8.281672427
2018/05/21 16:00,8.576857143
2018/05/21 17:00,7.628857143
2018/05/21 18:00,1.523236607
2018/05/21 19:00,3.2109375
2018/05/21 20:00,5.572627841
2018/05/21 21:00,1.019090909
2018/05/21 22:00,0
2018/05/21 23:00,0
2018/05/22 00:00,0
2018/05/22 01:00,0
2018/05/22 02:00,0
2018/05/22 03:00,0
2018/05/22 04:00,0
2018/05/22 05:00,0.394949495
2018/05/22 06:00,5.983603137
2018/05/22 07:00,9.462072894
2018/05/22 08:00,13.79583238
2018/05/22 09:00,13.49030977
2018/05/22 10:00,7.501766114
2018/05/22 11:00,13.36791652
2018/05/22 12:00,14.25162661
2018/05/22 13:00,0.501923077
2018/05/22 14:00,2.118590164
2018/05/22 15:00,10.74509405
2018/05/22 16:00,8.759142857
2018/05/22 17:00,4.575488722
2018/05/22 18:00,1.358934211
2018/05/22 19:00,4.145
2018/05/22 20:00,5.406306701
2018/05/22 21:00,0
2018/05/22 22:00,0
2018/05/22 23:00,0
2018/05/23 00:00,0
2018/05/23 01:00,0
2018/05/23 02:00,0
2018/05/23 03:00,0
2018/05/23 04:00,0
2018/05/23 05:00,0
2018/05/23 06:00,6.139189189
2018/05/23 07:00,2.120810811
2018/05/23 08:00,6.56793983
2018/05/23 09:00,7.915153695
2018/05/23 10:00,11.28742642
2018/05/23 11:00,13.65588356
2018/05/23 12:00,9.756885965
2018/05/23 13:00,14.47737064
2018/05/23 14:00,10.7179577
2018/05/23 15:00,5.802707541
2018/05/23 16:00,12.03434866
2018/05/23 17:00,11.51494366
2018/05/23 18:00,7.279382313
2018/05/23 19:00,0
2018/05/23 20:00,0
2018/05/23 21:00,0
2018/05/23 22:00,3.8046
2018/05/23 23:00,4.476
2018/05/24 00:00,4.476
2018/05/24 01:00,4.476
2018/05/24 02:00,1.4174
2018/05/24 03:00,0
2018/05/24 04:00,0
2018/05/24 05:00,2.639047619
2018/05/24 06:00,10.16457529
2018/05/24 07:00,11.80888851
2018/05/24 08:00,7.594148188
2018/05/24 09:00,15.80043277
2018/05/24 10:00,8.578181598
2018/05/24 11:00,8.528196616
2018/05/24 12:00,13.21051041
2018/05/24 13:00,21.95588319
2018/05/24 14:00,10.02389998
2018/05/24 15:00,14.77480841
2018/05/24 16:00,14.0092905
2018/05/24 17:00,5.758225717
2018/05/24 18:00,13.51725464
2018/05/24 19:00,21.01065791
2018/05/24 20:00,10.9497218
2018/05/24 21:00,6.673031026
2018/05/24 22:00,6.673031026
2018/05/24 23:00,6.673031026
2018/05/25 00:00,6.673031026
2018/05/25 01:00,6.673031026
2018/05/25 02:00,4.671121718
2018/05/25 03:00,0
2018/05/25 04:00,0
2018/05/25 05:00,0
2018/05/25 06:00,1.432976744
2018/05/25 07:00,9.953623803
2018/05/25 08:00,12.92668743
2018/05/25 09:00,6.742712022
2018/05/25 10:00,5.123426756
2018/05/25 11:00,11.66549968
2018/05/25 12:00,17.85611321
2018/05/25 13:00,11.24628426
2018/05/25 14:00,3.46721291
2018/05/25 15:00,9.755788105
2018/05/25 16:00,9.084474108
2018/05/25 17:00,9.770366712
2018/05/25 18:00,3.477984936
2018/05/25 19:00,2.274473684
2018/05/25 20:00,1.745526316
2018/05/25 21:00,0
2018/05/25 22:00,4.841395349
2018/05/25 23:00,6.91627907
2018/05/26 00:00,3.112325581
2018/05/26 01:00,0
2018/05/26 02:00,0
2018/05/26 03:00,0
2018/05/26 04:00,0
2018/05/26 05:00,0.894736842
2018/05/26 06:00,2.147368421
2018/05/26 07:00,0.357894737
2018/05/26 08:00,2.029411765
2018/05/26 09:00,2.435294118
2018/05/26 10:00,8.887743569
2018/05/26 11:00,10.85333394
2018/05/26 12:00,15.72271737
2018/05/26 13:00,19.4770384
2018/05/26 14:00,21.39798017
2018/05/26 15:00,14.63582923
2018/05/26 16:00,13.24765648
2018/05/26 17:00,8.627193277
2018/05/26 18:00,16.2259485
2018/05/26 19:00,9.179853185
2018/05/26 20:00,0
2018/05/26 21:00,8.284232899
2018/05/26 22:00,14.72815258
2018/05/26 23:00,8.154883041
2018/05/27 00:00,6.952777778
2018/05/27 01:00,1.969953704
2018/05/27 02:00,0
2018/05/27 03:00,0
2018/05/27 04:00,0
2018/05/27 05:00,0
2018/05/27 06:00,0
2018/05/27 07:00,0
2018/05/27 08:00,1.410606061
2018/05/27 09:00,14.64148223
2018/05/27 10:00,14.45135148
2018/05/27 11:00,12.76668044
2018/05/27 12:00,20.14448563
2018/05/27 13:00,15.76354677
2018/05/27 14:00,11.54086673
2018/05/27 15:00,1.660980643
2018/05/27 16:00,6.692365591
2018/05/27 17:00,9.50483871
2018/05/27 18:00,7.966129032
2018/05/27 19:00,6.97820132
2018/05/27 20:00,6.028712871
2018/05/27 21:00,6.028712871
2018/05/27 22:00,6.028712871
2018/05/27 23:00,6.028712871
2018/05/28 00:00,6.028712871
2018/05/28 01:00,6.028712871
2018/05/28 02:00,6.028712871
2018/05/28 03:00,6.028712871
2018/05/28 04:00,6.028712871
2018/05/28 05:00,2.110049505
2018/05/28 06:00,0
2018/05/28 07:00,0
2018/05/28 08:00,0
2018/05/28 09:00,0
2018/05/28 10:00,4.796333333
2018/05/28 11:00,10.81186047
2018/05/28 12:00,12.68129107
2018/05/28 13:00,7.872110634
2018/05/28 14:00,9.334056668
2018/05/28 15:00,1.004347826
2018/05/28 16:00,0
2018/05/28 17:00,6.162365591
2018/05/28 18:00,5.936827957
2018/05/28 19:00,1.203942546
2018/05/28 20:00,2.062721893
2018/05/28 21:00,2.062721893
2018/05/28 22:00,1.581420118
2018/05/28 23:00,0
2018/05/29 00:00,0
2018/05/29 01:00,0
2018/05/29 02:00,0
2018/05/29 03:00,0
2018/05/29 04:00,0
2018/05/29 05:00,0
2018/05/29 06:00,0
2018/05/29 07:00,3.540648259
2018/05/29 08:00,12.72153862
2018/05/29 09:00,7.680205785
2018/05/29 10:00,5.639444075
2018/05/29 11:00,0
2018/05/29 12:00,2.459734177
2018/05/29 13:00,9.951627486
2018/05/29 14:00,20.48973638
2018/05/29 15:00,17.14150918
2018/05/29 16:00,7.63730103
2018/05/29 17:00,4.870091743
2018/05/29 18:00,0
2018/05/29 19:00,2.094742268
2018/05/29 20:00,7.477757732
2018/05/29 21:00,8.596486068
2018/05/29 22:00,12.18979876
2018/05/29 23:00,12.18979876
2018/05/30 00:00,12.18979876
2018/05/30 01:00,12.18979876
2018/05/30 02:00,10.62181889
2018/05/30 03:00,0
2018/05/30 04:00,0
2018/05/30 05:00,0
2018/05/30 06:00,6.843909982
2018/05/30 07:00,11.92569776
2018/05/30 08:00,3.891079278
2018/05/30 09:00,3.847328244
2018/05/30 10:00,4.939651759
2018/05/30 11:00,4.81622438
2018/05/30 12:00,2.467829024
2018/05/30 13:00,13.42557762
2018/05/30 14:00,20.26533745
2018/05/30 15:00,15.46661788
2018/05/30 16:00,4.190063394
2018/05/30 17:00,3.537637577
2018/05/30 18:00,15.86527449
2018/05/30 19:00,26.03977637
2018/05/30 20:00,8.138448999
2018/05/30 21:00,1.948862559
2018/05/30 22:00,0
2018/05/30 23:00,0
2018/05/31 00:00,0
2018/05/31 01:00,0
2018/05/31 02:00,0
2018/05/31 03:00,0
2018/05/31 04:00,0
2018/05/31 05:00,0
2018/05/31 06:00,0
2018/05/31 07:00,0
2018/05/31 08:00,5.210612245
2018/05/31 09:00,5.412671337
2018/05/31 10:00,4.168876828
2018/05/31 11:00,7.168068747
2018/05/31 12:00,7.306977889
2018/05/31 13:00,12.81965123
2018/05/31 14:00,5.644659712
2018/05/31 15:00,1.330819672
2018/05/31 16:00,0
2018/05/31 17:00,0
2018/05/31 18:00,5.99657869
2018/05/31 19:00,8.346827903
2018/05/31 20:00,4.110593407
2018/05/31 21:00,6.24
2018/05/31 22:00,6.772739212
2018/05/31 23:00,6.808870544
2018/06/01 00:00,6.392870544
2018/06/01 01:00,6.392870544
2018/06/01 02:00,6.392870544
2018/06/01 03:00,6.392870544
2018/06/01 04:00,6.392870544
2018/06/01 05:00,6.639451741
2018/06/01 06:00,9.351844903
2018/06/01 07:00,7.67874088
2018/06/01 08:00,0
2018/06/01 09:00,9.282753721
2018/06/01 10:00,9.511753668
2018/06/01 11:00,7.396625616
2018/06/01 12:00,10.89706536
2018/06/01 13:00,11.26917183
2018/06/01 14:00,7.262196532
2018/06/01 15:00,5.364643804
2018/06/01 16:00,5.69424812
2018/06/01 17:00,6.608833174
2018/06/01 18:00,7.381557335
2018/06/01 19:00,10.49718238
2018/06/01 20:00,10.86021711
2018/06/01 21:00,6.440047655
2018/06/01 22:00,5.955555556
2018/06/01 23:00,1.588148148
2018/06/02 00:00,0
2018/06/02 01:00,0
2018/06/02 02:00,0
2018/06/02 03:00,0
2018/06/02 04:00,0
2018/06/02 05:00,0
2018/06/02 06:00,0
2018/06/02 07:00,0
2018/06/02 08:00,2.906206897
2018/06/02 09:00,0.576532829
2018/06/02 10:00,3.657260274
2018/06/02 11:00,5.868784939
2018/06/02 12:00,8.767853018
2018/06/02 13:00,3.613362044
2018/06/02 14:00,0
2018/06/02 15:00,0.185954198
2018/06/02 16:00,12.55175291
2018/06/02 17:00,25.017277
2018/06/02 18:00,24.47847028
2018/06/02 19:00,26.09535134
2018/06/02 20:00,16.31164881
2018/06/02 21:00,7.943181818
2018/06/02 22:00,2.996363636
2018/06/02 23:00,0
2018/06/03 00:00,0
2018/06/03 01:00,0
2018/06/03 02:00,0
2018/06/03 03:00,0
2018/06/03 04:00,0
2018/06/03 05:00,0.650810811
2018/06/03 06:00,1.394594595
2018/06/03 07:00,0.534594595
2018/06/03 08:00,0.275
2018/06/03 09:00,3.3
2018/06/03 10:00,7.984050633
2018/06/03 11:00,3.780949367
2018/06/03 12:00,8.340954346
2018/06/03 13:00,21.65818289
2018/06/03 14:00,16.96076661
2018/06/03 15:00,6.77395979
2018/06/03 16:00,8.967208324
2018/06/03 17:00,15.867852
2018/06/03 18:00,23.05484311
2018/06/03 19:00,13.59137182
2018/06/03 20:00,0.510416667
2018/06/03 21:00,0
2018/06/03 22:00,0
2018/06/03 23:00,0
2018/06/04 00:00,0
2018/06/04 01:00,0
2018/06/04 02:00,0
2018/06/04 03:00,0
2018/06/04 04:00,0
2018/06/04 05:00,0
2018/06/04 06:00,4.851
2018/06/04 07:00,2.079
2018/06/04 08:00,1.138994709
2018/06/04 09:00,10.25448946
2018/06/04 10:00,12.27538498
2018/06/04 11:00,14.6327098
2018/06/04 12:00,10.65312693
2018/06/04 13:00,4.360941932
2018/06/04 14:00,10.43846177
2018/06/04 15:00,0.255890411
2018/06/04 16:00,0
2018/06/04 17:00,1.634624419
2018/06/04 18:00,12.68000267
2018/06/04 19:00,9.462859547
2018/06/04 20:00,3.336898396
2018/06/04 21:00,0.055614973
2018/06/04 22:00,3.842957746
2018/06/04 23:00,4.521126761
2018/06/05 00:00,4.521126761
2018/06/05 01:00,3.164788732
2018/06/05 02:00,0
2018/06/05 03:00,0
2018/06/05 04:00,0
2018/06/05 05:00,0
2018/06/05 06:00,1.443947368
2018/06/05 07:00,2.068931637
2018/06/05 08:00,9.634397418
2018/06/05 09:00,15.60762274
2018/06/05 10:00,9.626386555
2018/06/05 11:00,8.593714286
2018/06/05 12:00,11.68777162
2018/06/05 13:00,15.30617055
2018/06/05 14:00,6.196499273
2018/06/05 15:00,9.346961888
2018/06/05 16:00,12.05334307
2018/06/05 17:00,18.59338281
2018/06/05 18:00,6.278721195
2018/06/05 19:00,3.99046791
2018/06/05 20:00,2.241681682
2018/06/05 21:00,0
2018/06/05 22:00,0
2018/06/05 23:00,0
2018/06/06 00:00,0
2018/06/06 01:00,0
2018/06/06 02:00,0
2018/06/06 03:00,0
2018/06/06 04:00,0
2018/06/06 05:00,0
2018/06/06 06:00,0
2018/06/06 07:00,3.593898305
2018/06/06 08:00,4.995403198
2018/06/06 09:00,10.51572565
2018/06/06 10:00,10.11162309
2018/06/06 11:00,5.495167936
2018/06/06 12:00,6.416311802
2018/06/06 13:00,18.18658958
2018/06/06 14:00,18.63867101
2018/06/06 15:00,3.222511065
2018/06/06 16:00,3.054098361
2018/06/06 17:00,8.561281168
2018/06/06 18:00,12.61242573
2018/06/06 19:00,4.613729001
2018/06/06 20:00,5.98974359
2018/06/06 21:00,4.192820513
2018/06/06 22:00,0.427731092
2018/06/06 23:00,5.132773109
2018/06/07 00:00,5.132773109
2018/06/07 01:00,5.132773109
2018/06/07 02:00,5.132773109
2018/06/07 03:00,5.132773109
2018/06/07 04:00,4.448403361
2018/06/07 05:00,0
2018/06/07 06:00,4.494155844
2018/06/07 07:00,3.195844156
2018/06/07 08:00,5.327986395
2018/06/07 09:00,10.40734694
2018/06/07 10:00,5.264666667
2018/06/07 11:00,4.039878618
2018/06/07 12:00,10.32012138
2018/06/07 13:00,6.43
2018/06/07 14:00,3.6
2018/06/07 15:00,4.266760563
2018/06/07 16:00,1.013906103
2018/06/07 17:00,10.58423769
2018/06/07 18:00,22.64125493
2018/06/07 19:00,11.81518219
2018/06/07 20:00,4.478658537
2018/06/07 21:00,0
2018/06/07 22:00,0
2018/06/07 23:00,0
2018/06/08 00:00,0
2018/06/08 01:00,0
2018/06/08 02:00,0
2018/06/08 03:00,0
2018/06/08 04:00,0
2018/06/08 05:00,0
2018/06/08 06:00,0
2018/06/08 07:00,0
2018/06/08 08:00,7.470906774
2018/06/08 09:00,12.49139267
2018/06/08 10:00,15.12097475
2018/06/08 11:00,13.49194998
2018/06/08 12:00,11.07065125
2018/06/08 13:00,17.12965573
2018/06/08 14:00,5.47374158
2018/06/08 15:00,7.727041129
2018/06/08 16:00,9.279337647
2018/06/08 17:00,10.08075094
2018/06/08 18:00,23.71529786
2018/06/08 19:00,19.29858363
2018/06/08 20:00,11.31961476
2018/06/08 21:00,10.1288046
2018/06/08 22:00,5.624137931
2018/06/08 23:00,0.84362069
2018/06/09 00:00,0
2018/06/09 01:00,0
2018/06/09 02:00,0
2018/06/09 03:00,0
2018/06/09 04:00,0
2018/06/09 05:00,0
2018/06/09 06:00,0
2018/06/09 07:00,1.531547619
2018/06/09 08:00,2.618452381
2018/06/09 09:00,4.966871981
2018/06/09 10:00,7.18839372
2018/06/09 11:00,9.281563526
2018/06/09 12:00,11.20555173
2018/06/09 13:00,8.107152977
2018/06/09 14:00,11.63088457
2018/06/09 15:00,7.962658425
2018/06/09 16:00,4.89065644
2018/06/09 17:00,5.80646198
2018/06/09 18:00,2.807246629
2018/06/09 19:00,7.470101014
2018/06/09 20:00,8.518944526
2018/06/09 21:00,14.95480419
2018/06/09 22:00,1.716648743
2018/06/09 23:00,0.831761787
2018/06/10 00:00,0.831761787
2018/06/10 01:00,0.831761787
2018/06/10 02:00,0.831761787
2018/06/10 03:00,0.831761787
2018/06/10 04:00,0.831761787
2018/06/10 05:00,0.831761787
2018/06/10 06:00,0.999261787
2018/06/10 07:00,4.014261787
2018/06/10 08:00,1.064481452
2018/06/10 09:00,5.486155092
2018/06/10 10:00,10.21925854
2018/06/10 11:00,8.993051644
2018/06/10 12:00,7.732400667
2018/06/10 13:00,4.055223325
2018/06/10 14:00,0.831761787
2018/06/10 15:00,6.177534687
2018/06/10 16:00,5.20461484
2018/06/10 17:00,1.553135832
2018/06/10 18:00,5.304489059
2018/06/10 19:00,7.419034514
2018/06/10 20:00,0.831761787
2018/06/10 21:00,0.831761787
2018/06/10 22:00,0.831761787
2018/06/10 23:00,2.474134668
2018/06/11 00:00,5.758880431
2018/06/11 01:00,5.758880431
2018/06/11 02:00,5.758880431
2018/06/11 03:00,3.788032973
2018/06/11 04:00,0.831761787
2018/06/11 05:00,0.831761787
2018/06/11 06:00,2.178872898
2018/06/11 07:00,8.789775054
2018/06/11 08:00,6.677146772
2018/06/11 09:00,8.074086262
2018/06/11 10:00,11.40893447
2018/06/11 11:00,8.931194683
2018/06/11 12:00,10.26921957
2018/06/11 13:00,13.31036928
2018/06/11 14:00,16.67147602
2018/06/11 15:00,20.77907137
2018/06/11 16:00,11.17499211
2018/06/11 17:00,12.24074754
2018/06/11 18:00,6.298312072
2018/06/11 19:00,6.610715506
2018/06/11 20:00,2.875607477
2018/06/11 21:00,0
2018/06/11 22:00,0
2018/06/11 23:00,0
2018/06/12 00:00,0
2018/06/12 01:00,0
2018/06/12 02:00,0
2018/06/12 03:00,0
2018/06/12 04:00,0
2018/06/12 05:00,0
2018/06/12 06:00,0
2018/06/12 07:00,0
2018/06/12 08:00,0
2018/06/12 09:00,5.500342334
2018/06/12 10:00,12.59708624
2018/06/12 11:00,3.995860902
2018/06/12 12:00,6.582996241
2018/06/12 13:00,3.531428571
2018/06/12 14:00,8.947605042
2018/06/12 15:00,13.03217518
2018/06/12 16:00,5.79789011
2018/06/12 17:00,10.51425506
2018/06/12 18:00,27.93414655
2018/06/12 19:00,15.29621378
2018/06/12 20:00,4.4032
2018/06/12 21:00,3.2768
2018/06/12 22:00,0
2018/06/12 23:00,0
2018/06/13 00:00,0
2018/06/13 01:00,0
2018/06/13 02:00,0
2018/06/13 03:00,0
2018/06/13 04:00,0
2018/06/13 05:00,0
2018/06/13 06:00,0
2018/06/13 07:00,0.166444444
2018/06/13 08:00,1.426666667
2018/06/13 09:00,8.426465269
2018/06/13 10:00,11.97300272
2018/06/13 11:00,19.21797801
2018/06/13 12:00,17.12214559
2018/06/13 13:00,16.82009271
2018/06/13 14:00,8.457041983
2018/06/13 15:00,4.755547217
2018/06/13 16:00,1.234615385
2018/06/13 17:00,4.583911256
2018/06/13 18:00,20.54042667
2018/06/13 19:00,32.95077986
2018/06/13 20:00,20.59370481
2018/06/13 21:00,10.6186133
2018/06/13 22:00,4.832564103
2018/06/13 23:00,0
2018/06/14 00:00,0
2018/06/14 01:00,0
2018/06/14 02:00,0
2018/06/14 03:00,0
2018/06/14 04:00,0
2018/06/14 05:00,0
2018/06/14 06:00,0
2018/06/14 07:00,0
2018/06/14 08:00,0
2018/06/14 09:00,1.984615385
2018/06/14 10:00,2.315384615
2018/06/14 11:00,3.427586207
2018/06/14 12:00,11.0480424
2018/06/14 13:00,13.02965693
2018/06/14 14:00,11.0950036
2018/06/14 15:00,6.104772585
2018/06/14 16:00,5.214938272
2018/06/14 17:00,9.077110237
2018/06/14 18:00,19.26266108
2018/06/14 19:00,19.02090654
2018/06/14 20:00,15.54128071
2018/06/14 21:00,4.248041431
2018/06/14 22:00,0
2018/06/14 23:00,0
2018/06/15 00:00,0
2018/06/15 01:00,0
2018/06/15 02:00,0
2018/06/15 03:00,0
2018/06/15 04:00,0
2018/06/15 05:00,0
2018/06/15 06:00,2.702887701
2018/06/15 07:00,6.890145149
2018/06/15 08:00,5.289603796
2018/06/15 09:00,8.758494934
2018/06/15 10:00,7.251154135
2018/06/15 11:00,11.26931429
2018/06/15 12:00,10.6530281
2018/06/15 13:00,7.662451791
2018/06/15 14:00,7.479586777
2018/06/15 15:00,1.343333333
2018/06/15 16:00,3.427755102
2018/06/15 17:00,5.669016698
2018/06/15 18:00,14.20907673
2018/06/15 19:00,10.91533864
2018/06/15 20:00,7.48626738
2018/06/15 21:00,0.422545455
2018/06/15 22:00,0
2018/06/15 23:00,0
2018/06/16 00:00,0
2018/06/16 01:00,0
2018/06/16 02:00,0
2018/06/16 03:00,0
2018/06/16 04:00,0
2018/06/16 05:00,0
2018/06/16 06:00,0
2018/06/16 07:00,0.081538462
2018/06/16 08:00,2.446153846
2018/06/16 09:00,4.874152188
2018/06/16 10:00,12.70061452
2018/06/16 11:00,11.52270665
2018/06/16 12:00,18.45806875
2018/06/16 13:00,9.237192932
2018/06/16 14:00,0.94957265
2018/06/16 15:00,0
2018/06/16 16:00,0
2018/06/16 17:00,0.667295082
2018/06/16 18:00,9.504463675
2018/06/16 19:00,22.08666982
2018/06/16 20:00,17.34563094
2018/06/16 21:00,6.25594048
2018/06/16 22:00,0
2018/06/16 23:00,0
2018/06/17 00:00,0
2018/06/17 01:00,0
2018/06/17 02:00,0
2018/06/17 03:00,0
2018/06/17 04:00,0
2018/06/17 05:00,0
2018/06/17 06:00,0
2018/06/17 07:00,0
2018/06/17 08:00,0.357142857
2018/06/17 09:00,0
2018/06/17 10:00,0.292978723
2018/06/17 11:00,9.233390324
2018/06/17 12:00,12.92793823
2018/06/17 13:00,6.695692724
2018/06/17 14:00,1.179344262
2018/06/17 15:00,2.090655738
2018/06/17 16:00,4.551578947
2018/06/17 17:00,4.848421053
2018/06/17 18:00,3.077222222
2018/06/17 19:00,3.076876138
2018/06/17 20:00,3.33442623
2018/06/17 21:00,1.11147541
2018/06/17 22:00,0
2018/06/17 23:00,0
2018/06/18 00:00,0
2018/06/18 01:00,0
2018/06/18 02:00,0
2018/06/18 03:00,0
2018/06/18 04:00,0
2018/06/18 05:00,0
2018/06/18 06:00,0
2018/06/18 07:00,8.375811798
2018/06/18 08:00,10.21153371
2018/06/18 09:00,8.969593698
2018/06/18 10:00,5.258682359
2018/06/18 11:00,5.174477448
2018/06/18 12:00,4.165140121
2018/06/18 13:00,5.607369565
2018/06/18 14:00,0.217391304
2018/06/18 15:00,4.611885165
2018/06/18 16:00,5.727265249
2018/06/18 17:00,15.28537061
2018/06/18 18:00,10.44624493
2018/06/18 19:00,2.739234043
2018/06/18 20:00,1.601666667
2018/06/18 21:00,3.048333333
2018/06/18 22:00,0
2018/06/18 23:00,0
2018/06/19 00:00,0
2018/06/19 01:00,0
2018/06/19 02:00,0
2018/06/19 03:00,0
2018/06/19 04:00,0
2018/06/19 05:00,0.256339286
2018/06/19 06:00,1.398214286
2018/06/19 07:00,0.955446429
2018/06/19 08:00,3.245378566
2018/06/19 09:00,19.08438473
2018/06/19 10:00,23.29481865
2018/06/19 11:00,21.321793
2018/06/19 12:00,15.84055058
2018/06/19 13:00,21.01457213
2018/06/19 14:00,17.21144353
2018/06/19 15:00,11.73767629
2018/06/19 16:00,5.7503069
2018/06/19 17:00,11.8072996
2018/06/19 18:00,11.87191289
2018/06/19 19:00,8.709106835
2018/06/19 20:00,0
2018/06/19 21:00,0
2018/06/19 22:00,0
2018/06/19 23:00,0
2018/06/20 00:00,0
2018/06/20 01:00,0
2018/06/20 02:00,0
2018/06/20 03:00,0
2018/06/20 04:00,0
2018/06/20 05:00,0
2018/06/20 06:00,4.828235294
2018/06/20 07:00,3.14017934
2018/06/20 08:00,6.251801731
2018/06/20 09:00,2.119783635
2018/06/20 10:00,0
2018/06/20 11:00,0
2018/06/20 12:00,0
2018/06/20 13:00,7.537129992
2018/06/20 14:00,16.50563091
2018/06/20 15:00,10.23933741
2018/06/20 16:00,4.24728022
2018/06/20 17:00,15.73896931
2018/06/20 18:00,21.70689921
2018/06/20 19:00,17.38246429
2018/06/20 20:00,10.38410851
2018/06/20 21:00,2.858180147
2018/06/20 22:00,0
2018/06/20 23:00,0
2018/06/21 00:00,0
2018/06/21 01:00,0
2018/06/21 02:00,0
2018/06/21 03:00,0
2018/06/21 04:00,0
2018/06/21 05:00,0
2018/06/21 06:00,3.046567164
2018/06/21 07:00,4.243432836
2018/06/21 08:00,0.36446281
2018/06/21 09:00,5.50934573
2018/06/21 10:00,9.034297521
2018/06/21 11:00,5.278621212
2018/06/21 12:00,5.413042842
2018/06/21 13:00,9.315409955
2018/06/21 14:00,12.02439694
2018/06/21 15:00,9.417247231
2018/06/21 16:00,8.901963636
2018/06/21 17:00,1.293212121
2018/06/21 18:00,6.117772727
2018/06/21 19:00,7.11885741
2018/06/21 20:00,6.238356164
2018/06/21 21:00,3.743013699
2018/06/21 22:00,0
2018/06/21 23:00,0
2018/06/22 00:00,0
2018/06/22 01:00,0
2018/06/22 02:00,0
2018/06/22 03:00,0
2018/06/22 04:00,0
2018/06/22 05:00,0
2018/06/22 06:00,0
2018/06/22 07:00,1.250070253
2018/06/22 08:00,13.00233426
2018/06/22 09:00,19.29435623
2018/06/22 10:00,10.80106625
2018/06/22 11:00,15.56842428
2018/06/22 12:00,19.98841368
2018/06/22 13:00,11.1650527
2018/06/22 14:00,2.312387618
2018/06/22 15:00,3.141777854
2018/06/22 16:00,4.866116883
2018/06/22 17:00,0
2018/06/22 18:00,7.111749672
2018/06/22 19:00,7.853296199
2018/06/22 20:00,0.644954128
2018/06/22 21:00,0
2018/06/22 22:00,0
2018/06/22 23:00,0
2018/06/23 00:00,0
2018/06/23 01:00,0
2018/06/23 02:00,0
2018/06/23 03:00,0
2018/06/23 04:00,0
2018/06/23 05:00,0
2018/06/23 06:00,4.165909091
2018/06/23 07:00,2.384090909
2018/06/23 08:00,0.77
2018/06/23 09:00,2.315069767
2018/06/23 10:00,4.254629666
2018/06/23 11:00,6.276982607
2018/06/23 12:00,9.456524991
2018/06/23 13:00,14.81496153
2018/06/23 14:00,10.81113232
2018/06/23 15:00,6.460653956
2018/06/23 16:00,7.632295999
2018/06/23 17:00,10.17627555
2018/06/23 18:00,23.41895202
2018/06/23 19:00,15.90145777
2018/06/23 20:00,14.46304023
2018/06/23 21:00,12.09939748
2018/06/23 22:00,5.398626118
2018/06/23 23:00,0
2018/06/24 00:00,0
2018/06/24 01:00,0
2018/06/24 02:00,0
2018/06/24 03:00,0
2018/06/24 04:00,0
2018/06/24 05:00,0.069272727
2018/06/24 06:00,1.385454545
2018/06/24 07:00,1.085272727
2018/06/24 08:00,1.804568528
2018/06/24 09:00,5.439958974
2018/06/24 10:00,5.828315138
2018/06/24 11:00,6.071539383
2018/06/24 12:00,2.005617978
2018/06/24 13:00,6.245935843
2018/06/24 14:00,9.980064157
2018/06/24 15:00,10.13227775
2018/06/24 16:00,12.08455244
2018/06/24 17:00,7.308609364
2018/06/24 18:00,9.493375262
2018/06/24 19:00,10.44385712
2018/06/24 20:00,6.948715004
2018/06/24 21:00,6.057286432
2018/06/24 22:00,3.735326633
2018/06/24 23:00,0
2018/06/25 00:00,0
2018/06/25 01:00,0
2018/06/25 02:00,0
2018/06/25 03:00,0
2018/06/25 04:00,0
2018/06/25 05:00,0
2018/06/25 06:00,0
2018/06/25 07:00,0.256
2018/06/25 08:00,8.072696694
2018/06/25 09:00,15.55962388
2018/06/25 10:00,13.50004509
2018/06/25 11:00,13.34076538
2018/06/25 12:00,15.82892941
2018/06/25 13:00,32.72845588
2018/06/25 14:00,7.183483672
2018/06/25 15:00,0
2018/06/25 16:00,4.0356
2018/06/25 17:00,7.931815126
2018/06/25 18:00,13.40892493
2018/06/25 19:00,12.0898742
2018/06/25 20:00,9.103785742
2018/06/25 21:00,0
2018/06/25 22:00,0
2018/06/25 23:00,0
2018/06/26 00:00,0
2018/06/26 01:00,0
2018/06/26 02:00,0
2018/06/26 03:00,0
2018/06/26 04:00,0
2018/06/26 05:00,0.196571429
2018/06/26 06:00,1.474285714
2018/06/26 07:00,4.738216931
2018/06/26 08:00,4.994444444
2018/06/26 09:00,0.166481481
2018/06/26 10:00,7.123493711
2018/06/26 11:00,4.033487421
2018/06/26 12:00,4.554100994
2018/06/26 13:00,7.711231174
2018/06/26 14:00,5.295480818
2018/06/26 15:00,4.416176471
2018/06/26 16:00,6.293807866
2018/06/26 17:00,5.577881923
2018/06/26 18:00,8.413751387
2018/06/26 19:00,14.60125792
2018/06/26 20:00,15.14056561
2018/06/26 21:00,8.686411765
2018/06/26 22:00,3.832941176
2018/06/26 23:00,0
2018/06/27 00:00,0
2018/06/27 01:00,0
2018/06/27 02:00,0
2018/06/27 03:00,0
2018/06/27 04:00,0
2018/06/27 05:00,0
2018/06/27 06:00,1.371265823
2018/06/27 07:00,3.338734177
2018/06/27 08:00,3.081764706
2018/06/27 09:00,1.988235294
2018/06/27 10:00,3.638888889
2018/06/27 11:00,4.076233062
2018/06/27 12:00,4.112195122
2018/06/27 13:00,7.193603979
2018/06/27 14:00,6.949078947
2018/06/27 15:00,1.511038251
2018/06/27 16:00,15.37316422
2018/06/27 17:00,22.87064928
2018/06/27 18:00,27.23700064
2018/06/27 19:00,16.31305537
2018/06/27 20:00,8.763076732
2018/06/27 21:00,1.462015504
2018/06/27 22:00,0
2018/06/27 23:00,0
2018/06/28 00:00,0
2018/06/28 01:00,0
2018/06/28 02:00,0
2018/06/28 03:00,0
2018/06/28 04:00,0
2018/06/28 05:00,0
2018/06/28 06:00,0
2018/06/28 07:00,0
2018/06/28 08:00,3.582925519
2018/06/28 09:00,13.73206536
2018/06/28 10:00,10.71877299
2018/06/28 11:00,11.0433495
2018/06/28 12:00,24.29327758
2018/06/28 13:00,20.84310029
2018/06/28 14:00,5.696487729
2018/06/28 15:00,6.070021026
2018/06/28 16:00,0
2018/06/28 17:00,0
2018/06/28 18:00,3.651692308
2018/06/28 19:00,6.771010256
2018/06/28 20:00,12.54922513
2018/06/28 21:00,8.428633045
2018/06/28 22:00,4.687936672
2018/06/28 23:00,0
2018/06/29 00:00,0
2018/06/29 01:00,0
2018/06/29 02:00,0
2018/06/29 03:00,0
2018/06/29 04:00,0
2018/06/29 05:00,0
2018/06/29 06:00,0
2018/06/29 07:00,0
2018/06/29 08:00,9.993698413
2018/06/29 09:00,8.878654528
2018/06/29 10:00,8.59483376
2018/06/29 11:00,18.31552325
2018/06/29 12:00,20.62006726
2018/06/29 13:00,20.30960505
2018/06/29 14:00,8.999259524
2018/06/29 15:00,3.809654505
2018/06/29 16:00,6.176069789
2018/06/29 17:00,3.917486335
2018/06/29 18:00,7.308524203
2018/06/29 19:00,6.016623377
2018/06/29 20:00,9.658796791
2018/06/29 21:00,4.931203209
2018/06/29 22:00,0
2018/06/29 23:00,0
2018/06/30 00:00,0
2018/06/30 01:00,0
2018/06/30 02:00,0
2018/06/30 03:00,0
2018/06/30 04:00,0
2018/06/30 05:00,0
2018/06/30 06:00,1.765
2018/06/30 07:00,7.087462687
2018/06/30 08:00,7.716493913
2018/06/30 09:00,8.724591788
2018/06/30 10:00,6.344193548
2018/06/30 11:00,8.137140955
2018/06/30 12:00,16.90636563
2018/06/30 13:00,13.28570411
2018/06/30 14:00,9.359682888
2018/06/30 15:00,5.623364486
2018/06/30 16:00,1.623529412
2018/06/30 17:00,4.909839572
2018/06/30 18:00,8.322994652
2018/06/30 19:00,11.03063193
2018/06/30 20:00,13.67276822
2018/06/30 21:00,5.872440945
2018/06/30 22:00,5.872440945
2018/06/30 23:00,2.055354331
2018/07/01 00:00,0
2018/07/01 01:00,0
2018/07/01 02:00,0
2018/07/01 03:00,0
2018/07/01 04:00,0
2018/07/01 05:00,0
2018/07/01 06:00,0
2018/07/01 07:00,0
2018/07/01 08:00,6.219713129
2018/07/01 09:00,13.46384841
2018/07/01 10:00,3.382816419
2018/07/01 11:00,3.659263073
2018/07/01 12:00,18.12964695
2018/07/01 13:00,13.05014374
2018/07/01 14:00,4.041067731
2018/07/01 15:00,10.07108368
2018/07/01 16:00,6.003870968
2018/07/01 17:00,7.562135649
2018/07/01 18:00,4.322367216
2018/07/01 19:00,5.611488614
2018/07/01 20:00,3.656603774
2018/07/01 21:00,3.656603774
2018/07/01 22:00,2.193962264
2018/07/01 23:00,0
2018/07/02 00:00,0
2018/07/02 01:00,0
2018/07/02 02:00,0
2018/07/02 03:00,0
2018/07/02 04:00,0
2018/07/02 05:00,0
2018/07/02 06:00,0
2018/07/02 07:00,0
2018/07/02 08:00,1.068421053
2018/07/02 09:00,2.991578947
2018/07/02 10:00,0
2018/07/02 11:00,11.98621401
2018/07/02 12:00,20.0203498
2018/07/02 13:00,9.678674284
2018/07/02 14:00,10.28197802
2018/07/02 15:00,7.956998168
2018/07/02 16:00,8.025860656
2018/07/02 17:00,10.59238876
2018/07/02 18:00,5.414591691
2018/07/02 19:00,15.86198489
2018/07/02 20:00,8.21095972
2018/07/02 21:00,0
2018/07/02 22:00,0
2018/07/02 23:00,0
2018/07/03 00:00,0
2018/07/03 01:00,0
2018/07/03 02:00,0
2018/07/03 03:00,0
2018/07/03 04:00,0
2018/07/03 05:00,0
2018/07/03 06:00,0
2018/07/03 07:00,0
2018/07/03 08:00,0
2018/07/03 09:00,0.532352941
2018/07/03 10:00,1.277647059
2018/07/03 11:00,1.090540541
2018/07/03 12:00,1.882426492
2018/07/03 13:00,3.395604396
2018/07/03 14:00,1.471428571
2018/07/03 15:00,0
2018/07/03 16:00,0.66
2018/07/03 17:00,4.721794872
2018/07/03 18:00,6.870566239
2018/07/03 19:00,6.054166667
2018/07/03 20:00,2.623472222
2018/07/03 21:00,0
2018/07/03 22:00,0
2018/07/03 23:00,0
2018/07/04 00:00,0
2018/07/04 01:00,0
2018/07/04 02:00,0
2018/07/04 03:00,0
2018/07/04 04:00,0
2018/07/04 05:00,0
2018/07/04 06:00,0
2018/07/04 07:00,0
2018/07/04 08:00,0.863058824
2018/07/04 09:00,6.472941176
2018/07/04 10:00,8.963024751
2018/07/04 11:00,17.3775318
2018/07/04 12:00,15.67324737
2018/07/04 13:00,4.90130719
2018/07/04 14:00,8.594470284
2018/07/04 15:00,6.554418605
2018/07/04 16:00,5.780913978
2018/07/04 17:00,4.157601647
2018/07/04 18:00,5.9109375
2018/07/04 19:00,5.9109375
2018/07/04 20:00,0.689609375
2018/07/04 21:00,0
2018/07/04 22:00,0
2018/07/04 23:00,0.811428571
2018/07/05 00:00,1.318571429
2018/07/05 01:00,0
2018/07/05 02:00,0
2018/07/05 03:00,0
2018/07/05 04:00,0
2018/07/05 05:00,0
2018/07/05 06:00,0
2018/07/05 07:00,0
2018/07/05 08:00,0
2018/07/05 09:00,0
2018/07/05 10:00,8.694366472
2018/07/05 11:00,6.318731804
2018/07/05 12:00,10.20350007
2018/07/05 13:00,3.943401659
2018/07/05 14:00,2.378205128
2018/07/05 15:00,5.361195838
2018/07/05 16:00,7.69326087
2018/07/05 17:00,12.44091358
2018/07/05 18:00,15.52500906
2018/07/05 19:00,12.006621
2018/07/05 20:00,2.654794521
2018/07/05 21:00,0
2018/07/05 22:00,0
2018/07/05 23:00,0
2018/07/06 00:00,0
2018/07/06 01:00,0
2018/07/06 02:00,0
2018/07/06 03:00,0
2018/07/06 04:00,0
2018/07/06 05:00,0
2018/07/06 06:00,1.512142857
2018/07/06 07:00,4.719058556
2018/07/06 08:00,3.366784452
2018/07/06 09:00,3.366784452
2018/07/06 10:00,6.646546357
2018/07/06 11:00,8.034571175
2018/07/06 12:00,3.86776016
2018/07/06 13:00,6.660022402
2018/07/06 14:00,2.256329588
2018/07/06 15:00,0
2018/07/06 16:00,0
2018/07/06 17:00,2.897406179
2018/07/06 18:00,11.40518774
2018/07/06 19:00,16.64398931
2018/07/06 20:00,7.227490845
2018/07/06 21:00,5.940740741
2018/07/06 22:00,4.825559017
2018/07/06 23:00,4.771962617
2018/07/07 00:00,0.397663551
2018/07/07 01:00,0
2018/07/07 02:00,0
2018/07/07 03:00,0
2018/07/07 04:00,0
2018/07/07 05:00,0
2018/07/07 06:00,1.203809524
2018/07/07 07:00,4.514285714
2018/07/07 08:00,0.601904762
2018/07/07 09:00,0
2018/07/07 10:00,0
2018/07/07 11:00,12.96423515
2018/07/07 12:00,14.10812824
2018/07/07 13:00,12.96864169
2018/07/07 14:00,4.73984
2018/07/07 15:00,0
2018/07/07 16:00,0.685416667
2018/07/07 17:00,1.664583333
2018/07/07 18:00,2.42313253
2018/07/07 19:00,5.386013811
2018/07/07 20:00,4.443020325
2018/07/07 21:00,3.955
2018/07/07 22:00,0.922833333
2018/07/07 23:00,0
2018/07/08 00:00,0
2018/07/08 01:00,0
2018/07/08 02:00,0
2018/07/08 03:00,0
2018/07/08 04:00,0
2018/07/08 05:00,0
2018/07/08 06:00,0
2018/07/08 07:00,2.088503937
2018/07/08 08:00,3.297637795
2018/07/08 09:00,3.908949177
2018/07/08 10:00,2.723636364
2018/07/08 11:00,2.451272727
2018/07/08 12:00,0
2018/07/08 13:00,2.9375
2018/07/08 14:00,7.555551948
2018/07/08 15:00,7.312633071
2018/07/08 16:00,11.66366696
2018/07/08 17:00,22.03976309
2018/07/08 18:00,14.81208768
2018/07/08 19:00,11.50810925
2018/07/08 20:00,9.840688002
2018/07/08 21:00,0
2018/07/08 22:00,0
2018/07/08 23:00,0
2018/07/09 00:00,0
2018/07/09 01:00,0
2018/07/09 02:00,0
2018/07/09 03:00,0
2018/07/09 04:00,0
2018/07/09 05:00,0
2018/07/09 06:00,0
2018/07/09 07:00,0
2018/07/09 08:00,0.701136364
2018/07/09 09:00,7.122368339
2018/07/09 10:00,2.774449843
2018/07/09 11:00,3.951382804
2018/07/09 12:00,9.110240964
2018/07/09 13:00,5.790421687
2018/07/09 14:00,5.735515152
2018/07/09 15:00,5.832727273
2018/07/09 16:00,6.609674242
2018/07/09 17:00,7.379515827
2018/07/09 18:00,16.22836895
2018/07/09 19:00,14.05324618
2018/07/09 20:00,6.028571429
2018/07/09 21:00,2.612380952
2018/07/09 22:00,0
2018/07/09 23:00,0
2018/07/10 00:00,0
2018/07/10 01:00,0
2018/07/10 02:00,0
2018/07/10 03:00,0
2018/07/10 04:00,0
2018/07/10 05:00,0
2018/07/10 06:00,0
2018/07/10 07:00,0
2018/07/10 08:00,0
2018/07/10 09:00,0
2018/07/10 10:00,7.172125053
2018/07/10 11:00,15.08870395
2018/07/10 12:00,19.14684828
2018/07/10 13:00,13.34078835
2018/07/10 14:00,14.79046941
2018/07/10 15:00,18.52866844
2018/07/10 16:00,17.04620475
2018/07/10 17:00,19.93945406
2018/07/10 18:00,26.11588094
2018/07/10 19:00,27.26983767
2018/07/10 20:00,24.30735427
2018/07/10 21:00,12.47823057
2018/07/10 22:00,1.769103971
2018/07/10 23:00,0
2018/07/11 00:00,0
2018/07/11 01:00,0
2018/07/11 02:00,0
2018/07/11 03:00,0
2018/07/11 04:00,0
2018/07/11 05:00,0
2018/07/11 06:00,0.5516
2018/07/11 07:00,7.640084953
2018/07/11 08:00,7.866763323
2018/07/11 09:00,6.355172414
2018/07/11 10:00,4.76637931
2018/07/11 11:00,3.612294927
2018/07/11 12:00,11.87430152
2018/07/11 13:00,14.75688771
2018/07/11 14:00,11.00918018
2018/07/11 15:00,7.874831294
2018/07/11 16:00,8.682005496
2018/07/11 17:00,8.91699372
2018/07/11 18:00,6.812032763
2018/07/11 19:00,17.20278646
2018/07/11 20:00,2.138685927
2018/07/11 21:00,0
2018/07/11 22:00,0
2018/07/11 23:00,0
2018/07/12 00:00,0
2018/07/12 01:00,0
2018/07/12 02:00,0
2018/07/12 03:00,0
2018/07/12 04:00,0
2018/07/12 05:00,0
2018/07/12 06:00,1.597763158
2018/07/12 07:00,6.632236842
2018/07/12 08:00,0.573571429
2018/07/12 09:00,3.9285737
2018/07/12 10:00,6.320712014
2018/07/12 11:00,5.123870968
2018/07/12 12:00,7.339170101
2018/07/12 13:00,2.819101788
2018/07/12 14:00,4.975524596
2018/07/12 15:00,9.741653202
2018/07/12 16:00,4.290461091
2018/07/12 17:00,4.842271631
2018/07/12 18:00,5.126397892
2018/07/12 19:00,3.235514019
2018/07/12 20:00,0.59317757
2018/07/12 21:00,0
2018/07/12 22:00,0
2018/07/12 23:00,0
2018/07/13 00:00,0
2018/07/13 01:00,0
2018/07/13 02:00,0
2018/07/13 03:00,0
2018/07/13 04:00,0
2018/07/13 05:00,0
2018/07/13 06:00,0
2018/07/13 07:00,0
2018/07/13 08:00,0
2018/07/13 09:00,4.616396495
2018/07/13 10:00,8.388752464
2018/07/13 11:00,5.315535957
2018/07/13 12:00,4.851018996
2018/07/13 13:00,5.511210095
2018/07/13 14:00,7.910906967
2018/07/13 15:00,1.336333333
2018/07/13 16:00,2.145
2018/07/13 17:00,2.925
2018/07/13 18:00,2.556124402
2018/07/13 19:00,11.03942584
2018/07/13 20:00,6.964449761
2018/07/13 21:00,0
2018/07/13 22:00,0
2018/07/13 23:00,0
2018/07/14 00:00,0
2018/07/14 01:00,0
2018/07/14 02:00,0
2018/07/14 03:00,0
2018/07/14 04:00,0
2018/07/14 05:00,0
2018/07/14 06:00,0
2018/07/14 07:00,1.92
2018/07/14 08:00,3.6
2018/07/14 09:00,0.78
2018/07/14 10:00,9.185048792
2018/07/14 11:00,13.67001243
2018/07/14 12:00,8.169035441
2018/07/14 13:00,10.04666767
2018/07/14 14:00,7.47956742
2018/07/14 15:00,4.167357568
2018/07/14 16:00,7.695861844
2018/07/14 17:00,8.293032942
2018/07/14 18:00,7.76125922
2018/07/14 19:00,8.977909825
2018/07/14 20:00,4.560159257
2018/07/14 21:00,2.004087591
2018/07/14 22:00,0
2018/07/14 23:00,0
2018/07/15 00:00,0
2018/07/15 01:00,0
2018/07/15 02:00,0
2018/07/15 03:00,0
2018/07/15 04:00,0
2018/07/15 05:00,0
2018/07/15 06:00,0
2018/07/15 07:00,0
2018/07/15 08:00,5.861521739
2018/07/15 09:00,7.346253542
2018/07/15 10:00,5.443372148
2018/07/15 11:00,7.096220633
2018/07/15 12:00,5.281953971
2018/07/15 13:00,8.554508698
2018/07/15 14:00,9.061799816
2018/07/15 15:00,8.951221304
2018/07/15 16:00,1.053148148
2018/07/15 17:00,0
2018/07/15 18:00,0
2018/07/15 19:00,5.205709091
2018/07/15 20:00,6.124363636
2018/07/15 21:00,6.124363636
2018/07/15 22:00,6.124363636
2018/07/15 23:00,4.4912
2018/07/16 00:00,0
2018/07/16 01:00,0
2018/07/16 02:00,0
2018/07/16 03:00,0
2018/07/16 04:00,0
2018/07/16 05:00,0
2018/07/16 06:00,0
2018/07/16 07:00,0
2018/07/16 08:00,5.487210526
2018/07/16 09:00,5.421622807
2018/07/16 10:00,3.49
2018/07/16 11:00,3.588375969
2018/07/16 12:00,8.689250972
2018/07/16 13:00,10.81742578
2018/07/16 14:00,19.81900426
2018/07/16 15:00,22.35348192
2018/07/16 16:00,19.85887856
2018/07/16 17:00,16.87005053
2018/07/16 18:00,13.38388023
2018/07/16 19:00,11.27951403
2018/07/16 20:00,5.144940782
2018/07/16 21:00,1.076363636
2018/07/16 22:00,0
2018/07/16 23:00,0
2018/07/17 00:00,0
2018/07/17 01:00,0
2018/07/17 02:00,0
2018/07/17 03:00,0
2018/07/17 04:00,0
2018/07/17 05:00,0
2018/07/17 06:00,0.585762712
2018/07/17 07:00,0.694237288
2018/07/17 08:00,7.659874875
2018/07/17 09:00,13.68388785
2018/07/17 10:00,12.85957083
2018/07/17 11:00,9.126869146
2018/07/17 12:00,8.150894349
2018/07/17 13:00,5.931268143
2018/07/17 14:00,11.08693893
2018/07/17 15:00,6.862801002
2018/07/17 16:00,5.91452514
2018/07/17 17:00,5.91452514
2018/07/17 18:00,7.002144187
2018/07/17 19:00,12.59108736
2018/07/17 20:00,4.831298465
2018/07/17 21:00,3.081587302
2018/07/17 22:00,0
2018/07/17 23:00,0
2018/07/18 00:00,0
2018/07/18 01:00,0
2018/07/18 02:00,0
2018/07/18 03:00,0
2018/07/18 04:00,0
2018/07/18 05:00,0
2018/07/18 06:00,5.217739375
2018/07/18 07:00,7.245325141
2018/07/18 08:00,5.326935484
2018/07/18 09:00,0
2018/07/18 10:00,0
2018/07/18 11:00,2.168947368
2018/07/18 12:00,3.130018149
2018/07/18 13:00,3.751034483
2018/07/18 14:00,0.804504505
2018/07/18 15:00,5.2197543
2018/07/18 16:00,11.88072371
2018/07/18 17:00,6.335017483
2018/07/18 18:00,2
2018/07/18 19:00,4.924137931
2018/07/18 20:00,0.675862069
2018/07/18 21:00,0
2018/07/18 22:00,0
2018/07/18 23:00,4.2734
2018/07/19 00:00,5.574
2018/07/19 01:00,5.574
2018/07/19 02:00,3.1586
2018/07/19 03:00,0
2018/07/19 04:00,0
2018/07/19 05:00,0
2018/07/19 06:00,0
2018/07/19 07:00,4.052607871
2018/07/19 08:00,7.297392129
2018/07/19 09:00,0
2018/07/19 10:00,3.897931034
2018/07/19 11:00,10.10785672
2018/07/19 12:00,21.50527673
2018/07/19 13:00,14.67374846
2018/07/19 14:00,6.904905367
2018/07/19 15:00,11.00303345
2018/07/19 16:00,12.72077497
2018/07/19 17:00,17.51202823
2018/07/19 18:00,18.49182114
2018/07/19 19:00,11.92695158
2018/07/19 20:00,6.897834483
2018/07/19 21:00,9.183075933
2018/07/19 22:00,2.354761905
2018/07/19 23:00,0
2018/07/20 00:00,0
2018/07/20 01:00,0
2018/07/20 02:00,0
2018/07/20 03:00,0
2018/07/20 04:00,0
2018/07/20 05:00,0
2018/07/20 06:00,0
2018/07/20 07:00,0
2018/07/20 08:00,0
2018/07/20 09:00,0
2018/07/20 10:00,6.163673469
2018/07/20 11:00,6.473469388
2018/07/20 12:00,4.318632544
2018/07/20 13:00,8.370139113
2018/07/20 14:00,9.516857763
2018/07/20 15:00,3.457227723
2018/07/20 16:00,8.713899522
2018/07/20 17:00,10.25953331
2018/07/20 18:00,3.136567164
2018/07/20 19:00,3.091120708
2018/07/20 20:00,6.757394144
2018/07/20 21:00,1.601485149
2018/07/20 22:00,0
2018/07/20 23:00,0
2018/07/21 00:00,0
2018/07/21 01:00,0
2018/07/21 02:00,0
2018/07/21 03:00,0
2018/07/21 04:00,0
2018/07/21 05:00,0
2018/07/21 06:00,0
2018/07/21 07:00,4.313913043
2018/07/21 08:00,8.086956522
2018/07/21 09:00,5.755934946
2018/07/21 10:00,8.354445489
2018/07/21 11:00,3.23875
2018/07/21 12:00,7.803287671
2018/07/21 13:00,1.676712329
2018/07/21 14:00,10.30550732
2018/07/21 15:00,13.52831354
2018/07/21 16:00,17.69949969
2018/07/21 17:00,21.72109762
2018/07/21 18:00,20.46976745
2018/07/21 19:00,16.57331147
2018/07/21 20:00,16.72084215
2018/07/21 21:00,10.5088009
2018/07/21 22:00,2.521846154
2018/07/21 23:00,0
2018/07/22 00:00,0
2018/07/22 01:00,0
2018/07/22 02:00,0
2018/07/22 03:00,0
2018/07/22 04:00,0
2018/07/22 05:00,0
2018/07/22 06:00,0
2018/07/22 07:00,0
2018/07/22 08:00,4.564915254
2018/07/22 09:00,5.954237288
2018/07/22 10:00,2.878868291
2018/07/22 11:00,3.811358696
2018/07/22 12:00,3.820620471
2018/07/22 13:00,6.501666667
2018/07/22 14:00,12.42548872
2018/07/22 15:00,9.336858217
2018/07/22 16:00,3.722653061
2018/07/22 17:00,3.272706767
2018/07/22 18:00,6.309478692
2018/07/22 19:00,11.8040448
2018/07/22 20:00,6.101185475
2018/07/22 21:00,5.871910112
2018/07/22 22:00,5.871910112
2018/07/22 23:00,5.871910112
2018/07/23 00:00,5.871910112
2018/07/23 01:00,5.871910112
2018/07/23 02:00,2.153033708
2018/07/23 03:00,0
2018/07/23 04:00,0
2018/07/23 05:00,0
2018/07/23 06:00,0
2018/07/23 07:00,0
2018/07/23 08:00,5.059479921
2018/07/23 09:00,13.15420103
2018/07/23 10:00,14.96001304
2018/07/23 11:00,14.51395973
2018/07/23 12:00,17.32412996
2018/07/23 13:00,13.46022859
2018/07/23 14:00,7.905487736
2018/07/23 15:00,0
2018/07/23 16:00,2.5974
2018/07/23 17:00,8.670449198
2018/07/23 18:00,7.247391444
2018/07/23 19:00,5.996791444
2018/07/23 20:00,3.797967914
2018/07/23 21:00,0
2018/07/23 22:00,0
2018/07/23 23:00,0
2018/07/24 00:00,0
2018/07/24 01:00,0
2018/07/24 02:00,0
2018/07/24 03:00,0
2018/07/24 04:00,0
2018/07/24 05:00,0
2018/07/24 06:00,0
2018/07/24 07:00,2.2272
2018/07/24 08:00,3.012211765
2018/07/24 09:00,5.994117647
2018/07/24 10:00,6.847926899
2018/07/24 11:00,6.705223203
2018/07/24 12:00,8.35606382
2018/07/24 13:00,10.97681198
2018/07/24 14:00,9.376527158
2018/07/24 15:00,4.14742268
2018/07/24 16:00,2.019828179
2018/07/24 17:00,7.731481071
2018/07/24 18:00,8.676777725
2018/07/24 19:00,11.36173545
2018/07/24 20:00,12.96012012
2018/07/24 21:00,12.00241138
2018/07/24 22:00,5.960562391
2018/07/24 23:00,5.748310139
2018/07/25 00:00,5.748310139
2018/07/25 01:00,5.748310139
2018/07/25 02:00,4.598648111
2018/07/25 03:00,0
2018/07/25 04:00,0
2018/07/25 05:00,0
2018/07/25 06:00,0
2018/07/25 07:00,5.550986737
2018/07/25 08:00,12.59809019
2018/07/25 09:00,4.40850502
2018/07/25 10:00,10.19600998
2018/07/25 11:00,6.962378226
2018/07/25 12:00,5.015310885
2018/07/25 13:00,14.56528967
2018/07/25 14:00,13.19736467
2018/07/25 15:00,7.065850563
2018/07/25 16:00,0.205168586
2018/07/25 17:00,13.9186325
2018/07/25 18:00,13.8594925
2018/07/25 19:00,7.061799279
2018/07/25 20:00,6.507403846
2018/07/25 21:00,5.92125
2018/07/25 22:00,5.92125
2018/07/25 23:00,5.92125
2018/07/26 00:00,5.92125
2018/07/26 01:00,5.92125
2018/07/26 02:00,5.92125
2018/07/26 03:00,4.0461875
2018/07/26 04:00,0
2018/07/26 05:00,0
2018/07/26 06:00,0
2018/07/26 07:00,0
2018/07/26 08:00,3.005543478
2018/07/26 09:00,4.304456522
2018/07/26 10:00,0
2018/07/26 11:00,0
2018/07/26 12:00,1.633783784
2018/07/26 13:00,3.110105105
2018/07/26 14:00,1.326111111
2018/07/26 15:00,0
2018/07/26 16:00,2.871965812
2018/07/26 17:00,7.563419732
2018/07/26 18:00,17.95163951
2018/07/26 19:00,17.3975799
2018/07/26 20:00,6.856400962
2018/07/26 21:00,5.818934911
2018/07/26 22:00,5.818934911
2018/07/26 23:00,5.818934911
2018/07/27 00:00,5.818934911
2018/07/27 01:00,4.073254438
2018/07/27 02:00,0
2018/07/27 03:00,0
2018/07/27 04:00,0
2018/07/27 05:00,1.744864865
2018/07/27 06:00,13.74443023
2018/07/27 07:00,12.08366553
2018/07/27 08:00,4.107039378
2018/07/27 09:00,2.790666667
2018/07/27 10:00,0.199333333
2018/07/27 11:00,0
2018/07/27 12:00,2.497666667
2018/07/27 13:00,10.83519048
2018/07/27 14:00,3.137142857
2018/07/27 15:00,2.651085891
2018/07/27 16:00,11.04331584
2018/07/27 17:00,14.72015945
2018/07/27 18:00,18.4440022
2018/07/27 19:00,17.00046739
2018/07/27 20:00,8.776451474
2018/07/27 21:00,4.284517757
2018/07/27 22:00,0
2018/07/27 23:00,0
2018/07/28 00:00,0
2018/07/28 01:00,0
2018/07/28 02:00,0
2018/07/28 03:00,0
2018/07/28 04:00,0
2018/07/28 05:00,0
2018/07/28 06:00,0
2018/07/28 07:00,0
2018/07/28 08:00,1.829113924
2018/07/28 09:00,4.041853818
2018/07/28 10:00,8.812035505
2018/07/28 11:00,9.105749843
2018/07/28 12:00,7.949758475
2018/07/28 13:00,13.35195369
2018/07/28 14:00,17.96193585
2018/07/28 15:00,10.79974912
2018/07/28 16:00,7.538028821
2018/07/28 17:00,10.42571079
2018/07/28 18:00,16.63194742
2018/07/28 19:00,14.89564855
2018/07/28 20:00,6.945248378
2018/07/28 21:00,6.129113924
2018/07/28 22:00,0.102151899
2018/07/28 23:00,0
2018/07/29 00:00,0
2018/07/29 01:00,0
2018/07/29 02:00,0
2018/07/29 03:00,0
2018/07/29 04:00,0
2018/07/29 05:00,0
2018/07/29 06:00,0
2018/07/29 07:00,1.836666667
2018/07/29 08:00,5.216436782
2018/07/29 09:00,9.200399736
2018/07/29 10:00,7.996441464
2018/07/29 11:00,12.82208115
2018/07/29 12:00,6.09476087
2018/07/29 13:00,10.59678784
2018/07/29 14:00,6.127869674
2018/07/29 15:00,10.42853578
2018/07/29 16:00,3.236516854
2018/07/29 17:00,3.005844156
2018/07/29 18:00,8.555438312
2018/07/29 19:00,8.202938312
2018/07/29 20:00,1.875779221
2018/07/29 21:00,0
2018/07/29 22:00,0
2018/07/29 23:00,0
2018/07/30 00:00,0
2018/07/30 01:00,0
2018/07/30 02:00,0
2018/07/30 03:00,0
2018/07/30 04:00,0
2018/07/30 05:00,0
2018/07/30 06:00,2.161424612
2018/07/30 07:00,9.062650754
2018/07/30 08:00,9.553061889
2018/07/30 09:00,7.150344363
2018/07/30 10:00,6.740437864
2018/07/30 11:00,9.003390042
2018/07/30 12:00,6.689216792
2018/07/30 13:00,13.92122778
2018/07/30 14:00,17.93686973
2018/07/30 15:00,10.24137617
2018/07/30 16:00,0
2018/07/30 17:00,0.680752688
2018/07/30 18:00,3.141935484
2018/07/30 19:00,1.047311828
2018/07/30 20:00,0
2018/07/30 21:00,3.95722973
2018/07/30 22:00,5.858108108
2018/07/30 23:00,10.77355115
2018/07/31 00:00,9.03266507
2018/07/31 01:00,5.858108108
2018/07/31 02:00,2.050337838
2018/07/31 03:00,0
2018/07/31 04:00,0
2018/07/31 05:00,0
2018/07/31 06:00,2.654002016
2018/07/31 07:00,6.171061224
2018/07/31 08:00,7.117238919
2018/07/31 09:00,3.302158273
2018/07/31 10:00,4.395505621
2018/07/31 11:00,7.556888407
2018/07/31 12:00,14.08927315
2018/07/31 13:00,18.86680288
2018/07/31 14:00,8.486524064
2018/07/31 15:00,11.2405256
2018/07/31 16:00,7.209826303
2018/07/31 17:00,4.427912031
2018/07/31 18:00,11.10922214
2018/07/31 19:00,8.216792709
2018/07/31 20:00,4.899111111
2018/07/31 21:00,3.577155556
2018/07/31 22:00,0
2018/07/31 23:00,4.721142857
2018/08/01 00:00,5.901428571
2018/08/01 01:00,5.901428571
2018/08/01 02:00,5.901428571
2018/08/01 03:00,5.901428571
2018/08/01 04:00,5.901428571
2018/08/01 05:00,5.901428571
2018/08/01 06:00,6.213180451
2018/08/01 07:00,3.525695007
2018/08/01 08:00,7.007692308
2018/08/01 09:00,6.698717949
2018/08/01 10:00,0.72745098
2018/08/01 11:00,11.08813154
2018/08/01 12:00,6.117648328
2018/08/01 13:00,12.21692931
2018/08/01 14:00,13.23818421
2018/08/01 15:00,12.6549338
2018/08/01 16:00,12.80187427
2018/08/01 17:00,2.479847561
2018/08/01 18:00,2.845178571
2018/08/01 19:00,10.49288243
2018/08/01 20:00,7.690641104
2018/08/01 21:00,2.731297891
2018/08/01 22:00,0
2018/08/01 23:00,0
2018/08/02 00:00,0
2018/08/02 01:00,0
2018/08/02 02:00,0
2018/08/02 03:00,0
2018/08/02 04:00,0
2018/08/02 05:00,0
2018/08/02 06:00,2.178585622
2018/08/02 07:00,10.56727645
2018/08/02 08:00,6.954871092
2018/08/02 09:00,6.301737244
2018/08/02 10:00,8.982682551
2018/08/02 11:00,7.367136764
2018/08/02 12:00,5.78157165
2018/08/02 13:00,8.862305465
2018/08/02 14:00,8.425365423
2018/08/02 15:00,2.108467742
2018/08/02 16:00,0.0492
2018/08/02 17:00,7.187772705
2018/08/02 18:00,7.406663659
2018/08/02 19:00,11.81636364
2018/08/02 20:00,8.61
2018/08/02 21:00,0
2018/08/02 22:00,4.589858586
2018/08/02 23:00,5.859393939
2018/08/03 00:00,5.859393939
2018/08/03 01:00,5.859393939
2018/08/03 02:00,5.859393939
2018/08/03 03:00,5.859393939
2018/08/03 04:00,5.859393939
2018/08/03 05:00,5.859393939
2018/08/03 06:00,2.734383838
2018/08/03 07:00,0
2018/08/03 08:00,4.179804144
2018/08/03 09:00,20.3187852
2018/08/03 10:00,23.68462071
2018/08/03 11:00,25.58536015
2018/08/03 12:00,24.53283823
2018/08/03 13:00,12.09752458
2018/08/03 14:00,4.779513517
2018/08/03 15:00,5.59074267
2018/08/03 16:00,0
2018/08/03 17:00,10.24169557
2018/08/03 18:00,7.763956599
2018/08/03 19:00,6.619752479
2018/08/03 20:00,11.5565036
2018/08/03 21:00,3.348091743
2018/08/03 22:00,3.474210526
2018/08/03 23:00,2.638222222
2018/08/04 00:00,6.595555556
2018/08/04 01:00,5.606222222
2018/08/04 02:00,0
2018/08/04 03:00,0
2018/08/04 04:00,0
2018/08/04 05:00,0
2018/08/04 06:00,0
2018/08/04 07:00,0
2018/08/04 08:00,0
2018/08/04 09:00,0
2018/08/04 10:00,0.103333333
2018/08/04 11:00,4.46767316
2018/08/04 12:00,5.060438037
2018/08/04 13:00,17.01009959
2018/08/04 14:00,21.20789024
2018/08/04 15:00,6.543736378
2018/08/04 16:00,3.811244853
2018/08/04 17:00,1.215584416
2018/08/04 18:00,7.807084777
2018/08/04 19:00,9.345807346
2018/08/04 20:00,0.687107877
2018/08/04 21:00,0
2018/08/04 22:00,0
2018/08/04 23:00,0
2018/08/05 00:00,0
2018/08/05 01:00,0
2018/08/05 02:00,0
2018/08/05 03:00,0
2018/08/05 04:00,0
2018/08/05 05:00,0
2018/08/05 06:00,0
2018/08/05 07:00,0
2018/08/05 08:00,4.620353982
2018/08/05 09:00,6.026548673
2018/08/05 10:00,1.453097345
2018/08/05 11:00,7.694023194
2018/08/05 12:00,16.11063437
2018/08/05 13:00,6.273488372
2018/08/05 14:00,5.66458939
2018/08/05 15:00,3.485712209
2018/08/05 16:00,3.196875
2018/08/05 17:00,2.50421875
2018/08/05 18:00,0
2018/08/05 19:00,0
2018/08/05 20:00,0
2018/08/05 21:00,0
2018/08/05 22:00,0
2018/08/05 23:00,0
2018/08/06 00:00,0
2018/08/06 01:00,0
2018/08/06 02:00,0
2018/08/06 03:00,0
2018/08/06 04:00,0
2018/08/06 05:00,0
2018/08/06 06:00,0
2018/08/06 07:00,3.86031746
2018/08/06 08:00,5.79047619
2018/08/06 09:00,2.509206349
2018/08/06 10:00,1.3125
2018/08/06 11:00,0.6875
2018/08/06 12:00,2.518421053
2018/08/06 13:00,0.671578947
2018/08/06 14:00,2.8525
2018/08/06 15:00,0.704189655
2018/08/06 16:00,8.018149539
2018/08/06 17:00,17.80875934
2018/08/06 18:00,24.88257468
2018/08/06 19:00,12.77382679
2018/08/06 20:00,2.773333333
2018/08/06 21:00,0.426666667
2018/08/06 22:00,0
2018/08/06 23:00,5.680906667
2018/08/07 00:00,5.8768
2018/08/07 01:00,5.8768
2018/08/07 02:00,5.8768
2018/08/07 03:00,5.8768
2018/08/07 04:00,5.8768
2018/08/07 05:00,1.665093333
2018/08/07 06:00,0
2018/08/07 07:00,0
2018/08/07 08:00,0
2018/08/07 09:00,0
2018/08/07 10:00,6.620331038
2018/08/07 11:00,2.889668962
2018/08/07 12:00,0.538421053
2018/08/07 13:00,5.221052632
2018/08/07 14:00,9.214376561
2018/08/07 15:00,12.06772692
2018/08/07 16:00,12.12939063
2018/08/07 17:00,8.212017777
2018/08/07 18:00,6.855315798
2018/08/07 19:00,8.159254878
2018/08/07 20:00,9.007888317
2018/08/07 21:00,9.007888317
2018/08/07 22:00,3.136667118
2018/08/07 23:00,0.78651341
2018/08/08 00:00,5.898850575
2018/08/08 01:00,5.898850575
2018/08/08 02:00,5.898850575
2018/08/08 03:00,5.898850575
2018/08/08 04:00,5.898850575
2018/08/08 05:00,5.898850575
2018/08/08 06:00,10.51474099
2018/08/08 07:00,11.66871359
2018/08/08 08:00,6.996928568
2018/08/08 09:00,2.282962963
2018/08/08 10:00,0.397037037
2018/08/08 11:00,5.50375
2018/08/08 12:00,7.984506778
2018/08/08 13:00,14.04037959
2018/08/08 14:00,1.921363636
2018/08/08 15:00,0
2018/08/08 16:00,12.58177765
2018/08/08 17:00,8.09048725
2018/08/08 18:00,12.31957641
2018/08/08 19:00,11.66578809
2018/08/08 20:00,6.271403203
2018/08/08 21:00,0.087735849
2018/08/08 22:00,0
2018/08/08 23:00,0
2018/08/09 00:00,0
2018/08/09 01:00,0
2018/08/09 02:00,0
2018/08/09 03:00,0
2018/08/09 04:00,0
2018/08/09 05:00,0
2018/08/09 06:00,0
2018/08/09 07:00,0.573070866
2018/08/09 08:00,8.922468661
2018/08/09 09:00,11.90830866
2018/08/09 10:00,6.074788175
2018/08/09 11:00,3.920863636
2018/08/09 12:00,8.151205096
2018/08/09 13:00,20.40749449
2018/08/09 14:00,10.72128793
2018/08/09 15:00,4.973558839
2018/08/09 16:00,3.504635762
2018/08/09 17:00,1.951757133
2018/08/09 18:00,10.86296495
2018/08/09 19:00,27.24470831
2018/08/09 20:00,15.70528969
2018/08/09 21:00,8.572126093
2018/08/09 22:00,1.385471698
2018/08/09 23:00,0
2018/08/10 00:00,1.306451613
2018/08/10 01:00,2.903225806
2018/08/10 02:00,0.290322581
2018/08/10 03:00,0
2018/08/10 04:00,0
2018/08/10 05:00,0
2018/08/10 06:00,0
2018/08/10 07:00,5.673833333
2018/08/10 08:00,6.67375
2018/08/10 09:00,3.711166667
2018/08/10 10:00,9.369433942
2018/08/10 11:00,16.35565417
2018/08/10 12:00,7.265839306
2018/08/10 13:00,2.650322581
2018/08/10 14:00,3.704153846
2018/08/10 15:00,2.065846154
2018/08/10 16:00,1.24173913
2018/08/10 17:00,16.19129353
2018/08/10 18:00,17.84411729
2018/08/10 19:00,15.15650572
2018/08/10 20:00,15.5791372
2018/08/10 21:00,6.469752589
2018/08/10 22:00,1.937454545
2018/08/10 23:00,0
2018/08/11 00:00,0
2018/08/11 01:00,0
2018/08/11 02:00,0
2018/08/11 03:00,0
2018/08/11 04:00,0
2018/08/11 05:00,0
2018/08/11 06:00,0
2018/08/11 07:00,0
2018/08/11 08:00,0
2018/08/11 09:00,0.564827586
2018/08/11 10:00,5.514638105
2018/08/11 11:00,7.643292822
2018/08/11 12:00,7.095135943
2018/08/11 13:00,11.02096538
2018/08/11 14:00,8.041742171
2018/08/11 15:00,6.885168744
2018/08/11 16:00,3.22055336
2018/08/11 17:00,0.363556129
2018/08/11 18:00,8.062220175
2018/08/11 19:00,14.05966038
2018/08/11 20:00,21.22792966
2018/08/11 21:00,13.43259919
2018/08/11 22:00,9.767710348
2018/08/11 23:00,0
2018/08/12 00:00,0
2018/08/12 01:00,0
2018/08/12 02:00,0
2018/08/12 03:00,0
2018/08/12 04:00,0
2018/08/12 05:00,0
2018/08/12 06:00,0
2018/08/12 07:00,0
2018/08/12 08:00,6.073446186
2018/08/12 09:00,9.782403344
2018/08/12 10:00,7.278765855
2018/08/12 11:00,6.459230769
2018/08/12 12:00,7.072381916
2018/08/12 13:00,8.979796265
2018/08/12 14:00,8.416671952
2018/08/12 15:00,12.77636621
2018/08/12 16:00,6.976357598
2018/08/12 17:00,13.33120645
2018/08/12 18:00,23.42507072
2018/08/12 19:00,16.5350324
2018/08/12 20:00,6.144677756
2018/08/12 21:00,11.92199049
2018/08/12 22:00,11.92199049
2018/08/12 23:00,7.715947329
2018/08/13 00:00,5.913357401
2018/08/13 01:00,5.913357401
2018/08/13 02:00,5.913357401
2018/08/13 03:00,5.913357401
2018/08/13 04:00,3.055234657
2018/08/13 05:00,0
2018/08/13 06:00,0
2018/08/13 07:00,0
2018/08/13 08:00,5.782353017
2018/08/13 09:00,9.928094891
2018/08/13 10:00,11.47769115
2018/08/13 11:00,11.64195666
2018/08/13 12:00,13.47470305
2018/08/13 13:00,10.04327953
2018/08/13 14:00,10.19518112
2018/08/13 15:00,3.246315047
2018/08/13 16:00,1.08
2018/08/13 17:00,6.079210317
2018/08/13 18:00,10.90755602
2018/08/13 19:00,4.48323366
2018/08/13 20:00,0
2018/08/13 21:00,0
2018/08/13 22:00,1.790163934
2018/08/13 23:00,1.849836066
2018/08/14 00:00,0
2018/08/14 01:00,0
2018/08/14 02:00,0
2018/08/14 03:00,0
2018/08/14 04:00,0
2018/08/14 05:00,0
2018/08/14 06:00,4.160438596
2018/08/14 07:00,5.805263158
2018/08/14 08:00,1.064298246
2018/08/14 09:00,0
2018/08/14 10:00,0.2415
2018/08/14 11:00,2.882413904
2018/08/14 12:00,12.59403652
2018/08/14 13:00,16.3786532
2018/08/14 14:00,9.312815664
2018/08/14 15:00,8.524045276
2018/08/14 16:00,5.836535433
2018/08/14 17:00,7.78454418
2018/08/14 18:00,7.591154745
2018/08/14 19:00,1.134301075
2018/08/14 20:00,1.556842105
2018/08/14 21:00,1.503157895
2018/08/14 22:00,0
2018/08/14 23:00,0
2018/08/15 00:00,0
2018/08/15 01:00,0
2018/08/15 02:00,0
2018/08/15 03:00,0
2018/08/15 04:00,0
2018/08/15 05:00,0
2018/08/15 06:00,0
2018/08/15 07:00,0
2018/08/15 08:00,2.002830403
2018/08/15 09:00,8.464832672
2018/08/15 10:00,15.42165085
2018/08/15 11:00,11.49659516
2018/08/15 12:00,2.884090909
2018/08/15 13:00,0
2018/08/15 14:00,0
2018/08/15 15:00,0.220521739
2018/08/15 16:00,7.512748948
2018/08/15 17:00,10.26952434
2018/08/15 18:00,16.22556026
2018/08/15 19:00,19.9112987
2018/08/15 20:00,23.75058109
2018/08/15 21:00,13.77205809
2018/08/15 22:00,10.9053913
2018/08/15 23:00,5.934782609
2018/08/16 00:00,5.934782609
2018/08/16 01:00,5.934782609
2018/08/16 02:00,5.934782609
2018/08/16 03:00,5.934782609
2018/08/16 04:00,5.934782609
2018/08/16 05:00,5.934782609
2018/08/16 06:00,7.888998967
2018/08/16 07:00,9.297976423
2018/08/16 08:00,9.432087645
2018/08/16 09:00,4.220351115
2018/08/16 10:00,3.443385746
2018/08/16 11:00,8.103620482
2018/08/16 12:00,7.526620482
2018/08/16 13:00,4.340915663
2018/08/16 14:00,3.24
2018/08/16 15:00,2.574571429
2018/08/16 16:00,3.822857143
2018/08/16 17:00,13.08602792
2018/08/16 18:00,15.29871646
2018/08/16 19:00,10.63934448
2018/08/16 20:00,19.34679057
2018/08/16 21:00,12.39451019
2018/08/16 22:00,5.731363636
2018/08/16 23:00,5.731363636
2018/08/17 00:00,5.731363636
2018/08/17 01:00,5.731363636
2018/08/17 02:00,5.731363636
2018/08/17 03:00,1.528363636
2018/08/17 04:00,0
2018/08/17 05:00,0
2018/08/17 06:00,2.389285714
2018/08/17 07:00,5.734285714
2018/08/17 08:00,9.219808853
2018/08/17 09:00,8.993013498
2018/08/17 10:00,7.699606221
2018/08/17 11:00,9.042285714
2018/08/17 12:00,17.54982239
2018/08/17 13:00,28.19011017
2018/08/17 14:00,33.67856256
2018/08/17 15:00,19.48460378
2018/08/17 16:00,4.123487179
2018/08/17 17:00,3.559455926
2018/08/17 18:00,10.36670227
2018/08/17 19:00,11.19785277
2018/08/17 20:00,7.756581107
2018/08/17 21:00,6.332587413
2018/08/17 22:00,1.741948718
2018/08/17 23:00,0
2018/08/18 00:00,0
2018/08/18 01:00,0
2018/08/18 02:00,0
2018/08/18 03:00,0
2018/08/18 04:00,0
2018/08/18 05:00,0
2018/08/18 06:00,0
2018/08/18 07:00,0
2018/08/18 08:00,0.264094203
2018/08/18 09:00,3.311613712
2018/08/18 10:00,5.192180974
2018/08/18 11:00,5.916959654
2018/08/18 12:00,10.66238225
2018/08/18 13:00,10.45490521
2018/08/18 14:00,7.273699096
2018/08/18 15:00,4.585544218
2018/08/18 16:00,0
2018/08/18 17:00,0
2018/08/18 18:00,3.493191721
2018/08/18 19:00,8.816991028
2018/08/18 20:00,14.54596031
2018/08/18 21:00,11.12002428
2018/08/18 22:00,1.167950311
2018/08/18 23:00,0
2018/08/19 00:00,0
2018/08/19 01:00,0
2018/08/19 02:00,0
2018/08/19 03:00,0
2018/08/19 04:00,0
2018/08/19 05:00,0
2018/08/19 06:00,0
2018/08/19 07:00,0
2018/08/19 08:00,0
2018/08/19 09:00,0
2018/08/19 10:00,0
2018/08/19 11:00,5.027777778
2018/08/19 12:00,4.489422222
2018/08/19 13:00,3.954494915
2018/08/19 14:00,1.158305085
2018/08/19 15:00,0
2018/08/19 16:00,3.946992857
2018/08/19 17:00,7.350607143
2018/08/19 18:00,14.44717069
2018/08/19 19:00,12.20458624
2018/08/19 20:00,1.330643071
2018/08/19 21:00,0
2018/08/19 22:00,0
2018/08/19 23:00,0
2018/08/20 00:00,0
2018/08/20 01:00,0
2018/08/20 02:00,0
2018/08/20 03:00,0
2018/08/20 04:00,0
2018/08/20 05:00,0
2018/08/20 06:00,0
2018/08/20 07:00,2.117076923
2018/08/20 08:00,3.849230769
2018/08/20 09:00,3.733851038
2018/08/20 10:00,3.70952381
2018/08/20 11:00,4.904662908
2018/08/20 12:00,13.14196321
2018/08/20 13:00,16.55018044
2018/08/20 14:00,8.446884395
2018/08/20 15:00,7.86241598
2018/08/20 16:00,13.24109691
2018/08/20 17:00,14.50120886
2018/08/20 18:00,7.038894009
2018/08/20 19:00,7.676856946
2018/08/20 20:00,11.64704972
2018/08/20 21:00,8.058399584
2018/08/20 22:00,5.957729941
2018/08/20 23:00,5.957729941
2018/08/21 00:00,5.957729941
2018/08/21 01:00,5.957729941
2018/08/21 02:00,5.957729941
2018/08/21 03:00,5.957729941
2018/08/21 04:00,5.957729941
2018/08/21 05:00,5.957729941
2018/08/21 06:00,8.236557278
2018/08/21 07:00,5.735664336
2018/08/21 08:00,2.676643357
2018/08/21 09:00,0
2018/08/21 10:00,0
2018/08/21 11:00,0.845813101
2018/08/21 12:00,10.906475
2018/08/21 13:00,7.611134785
2018/08/21 14:00,14.56261877
2018/08/21 15:00,22.44254464
2018/08/21 16:00,6.901413703
2018/08/21 17:00,3.625288462
2018/08/21 18:00,5.878846154
2018/08/21 19:00,1.223838358
2018/08/21 20:00,6.67461737
2018/08/21 21:00,11.35613422
2018/08/21 22:00,11.35613422
2018/08/21 23:00,11.35613422
2018/08/22 00:00,11.35613422
2018/08/22 01:00,11.35613422
2018/08/22 02:00,11.35613422
2018/08/22 03:00,7.590323413
2018/08/22 04:00,5.976404494
2018/08/22 05:00,4.083876404
2018/08/22 06:00,3.818181818
2018/08/22 07:00,5.727272727
2018/08/22 08:00,3.854090078
2018/08/22 09:00,8.823429519
2018/08/22 10:00,8.793169294
2018/08/22 11:00,12.32585299
2018/08/22 12:00,23.0382629
2018/08/22 13:00,12.67576569
2018/08/22 14:00,15.70689138
2018/08/22 15:00,11.39389211
2018/08/22 16:00,3.804399525
2018/08/22 17:00,16.14807173
2018/08/22 18:00,25.27683805
2018/08/22 19:00,17.91270128
2018/08/22 20:00,9.41494594
2018/08/22 21:00,8.941614907
2018/08/22 22:00,5.828571429
2018/08/22 23:00,5.828571429
2018/08/23 00:00,4.565714286
2018/08/23 01:00,0
2018/08/23 02:00,0
2018/08/23 03:00,0
2018/08/23 04:00,0
2018/08/23 05:00,0
2018/08/23 06:00,0
2018/08/23 07:00,4.005209677
2018/08/23 08:00,13.67388781
2018/08/23 09:00,18.70190172
2018/08/23 10:00,21.50338871
2018/08/23 11:00,13.70784483
2018/08/23 12:00,9.939366712
2018/08/23 13:00,15.61161761
2018/08/23 14:00,21.07843756
2018/08/23 15:00,20.82014809
2018/08/23 16:00,18.00807577
2018/08/23 17:00,2.209545455
2018/08/23 18:00,6.673830721
2018/08/23 19:00,14.20415827
2018/08/23 20:00,14.96142469
2018/08/23 21:00,9.81868977
2018/08/23 22:00,0.266896552
2018/08/23 23:00,0
2018/08/24 00:00,0
2018/08/24 01:00,0
2018/08/24 02:00,0
2018/08/24 03:00,0
2018/08/24 04:00,0
2018/08/24 05:00,0
2018/08/24 06:00,6.791796992
2018/08/24 07:00,8.26218797
2018/08/24 08:00,9.147921892
2018/08/24 09:00,18.3552357
2018/08/24 10:00,21.63222119
2018/08/24 11:00,14.52422582
2018/08/24 12:00,15.35779572
2018/08/24 13:00,7.91040959
2018/08/24 14:00,6.401639833
2018/08/24 15:00,5.866565295
2018/08/24 16:00,0
2018/08/24 17:00,3.104
2018/08/24 18:00,14.29508764
2018/08/24 19:00,24.6912867
2018/08/24 20:00,16.75830562
2018/08/24 21:00,7.439865494
2018/08/24 22:00,5.927272727
2018/08/24 23:00,5.927272727
2018/08/25 00:00,2.370909091
2018/08/25 01:00,0
2018/08/25 02:00,0
2018/08/25 03:00,0
2018/08/25 04:00,0
2018/08/25 05:00,0
2018/08/25 06:00,0
2018/08/25 07:00,1.518730159
2018/08/25 08:00,2.066724387
2018/08/25 09:00,2.847557503
2018/08/25 10:00,6.920806254
2018/08/25 11:00,5.824196755
2018/08/25 12:00,5.517039887
2018/08/25 13:00,16.88984123
2018/08/25 14:00,19.58806299
2018/08/25 15:00,19.74275009
2018/08/25 16:00,2.814290746
2018/08/25 17:00,5.145076722
2018/08/25 18:00,10.91885626
2018/08/25 19:00,9.371536753
2018/08/25 20:00,10.90561871
2018/08/25 21:00,8.801984757
2018/08/25 22:00,8.709165608
2018/08/25 23:00,0.107761194
2018/08/26 00:00,0
2018/08/26 01:00,0
2018/08/26 02:00,0
2018/08/26 03:00,0
2018/08/26 04:00,0
2018/08/26 05:00,0
2018/08/26 06:00,0
2018/08/26 07:00,0
2018/08/26 08:00,3.616853933
2018/08/26 09:00,8.848024116
2018/08/26 10:00,5.315121951
2018/08/26 11:00,0.106956522
2018/08/26 12:00,3.208695652
2018/08/26 13:00,1.171075099
2018/08/26 14:00,8.165948784
2018/08/26 15:00,3.370602632
2018/08/26 16:00,4.377306067
2018/08/26 17:00,7.522460706
2018/08/26 18:00,8.931210493
2018/08/26 19:00,8.749920841
2018/08/26 20:00,6.707756906
2018/08/26 21:00,3.258066298
2018/08/26 22:00,0
2018/08/26 23:00,0
2018/08/27 00:00,0
2018/08/27 01:00,0
2018/08/27 02:00,0
2018/08/27 03:00,0
2018/08/27 04:00,0
2018/08/27 05:00,0
2018/08/27 06:00,0
2018/08/27 07:00,0
2018/08/27 08:00,3.916181287
2018/08/27 09:00,20.96982456
2018/08/27 10:00,13.81226502
2018/08/27 11:00,6.63430978
2018/08/27 12:00,1.260967742
2018/08/27 13:00,9.709776776
2018/08/27 14:00,10.68352435
2018/08/27 15:00,7.123150482
2018/08/27 16:00,2.647058824
2018/08/27 17:00,2.352941176
2018/08/27 18:00,5.018265918
2018/08/27 19:00,12.21649813
2018/08/27 20:00,9.174831461
2018/08/27 21:00,5.774831461
2018/08/27 22:00,5.774831461
2018/08/27 23:00,5.774831461
2018/08/28 00:00,5.774831461
2018/08/28 01:00,5.774831461
2018/08/28 02:00,0.096247191
2018/08/28 03:00,0
2018/08/28 04:00,0
2018/08/28 05:00,0
2018/08/28 06:00,0.287181818
2018/08/28 07:00,5.743636364
2018/08/28 08:00,8.426230522
2018/08/28 09:00,10.05130285
2018/08/28 10:00,6.899453322
2018/08/28 11:00,5.780487805
2018/08/28 12:00,1.754942611
2018/08/28 13:00,5.386764706
2018/08/28 14:00,0
2018/08/28 15:00,11.4097553
2018/08/28 16:00,11.2302447
2018/08/28 17:00,1.464814815
2018/08/28 18:00,7.456877157
2018/08/28 19:00,9.5805326
2018/08/28 20:00,13.62514022
2018/08/28 21:00,12.16828526
2018/08/28 22:00,9.700929473
2018/08/28 23:00,5.881045752
2018/08/29 00:00,5.881045752
2018/08/29 01:00,5.881045752
2018/08/29 02:00,5.881045752
2018/08/29 03:00,5.881045752
2018/08/29 04:00,1.078191721
2018/08/29 05:00,0
2018/08/29 06:00,1.349864865
2018/08/29 07:00,6.812912913
2018/08/29 08:00,10.45220883
2018/08/29 09:00,11.53943935
2018/08/29 10:00,7.8494564
2018/08/29 11:00,13.65022974
2018/08/29 12:00,19.46121145
2018/08/29 13:00,16.70801005
2018/08/29 14:00,2.637777515
2018/08/29 15:00,0.203404255
2018/08/29 16:00,6.977297499
2018/08/29 17:00,8.969362533
2018/08/29 18:00,13.24756862
2018/08/29 19:00,16.5732948
2018/08/29 20:00,4.099072286
2018/08/29 21:00,0
2018/08/29 22:00,0
2018/08/29 23:00,0
2018/08/30 00:00,0
2018/08/30 01:00,0
2018/08/30 02:00,0
2018/08/30 03:00,0
2018/08/30 04:00,0
2018/08/30 05:00,0
2018/08/30 06:00,3.416855542
2018/08/30 07:00,11.16011525
2018/08/30 08:00,8.411516571
2018/08/30 09:00,13.46504353
2018/08/30 10:00,12.2976224
2018/08/30 11:00,7.717163023
2018/08/30 12:00,6.79585913
2018/08/30 13:00,4.653298246
2018/08/30 14:00,2.042526316
2018/08/30 15:00,3.286666667
2018/08/30 16:00,4.736268238
2018/08/30 17:00,4.49379941
2018/08/30 18:00,9.274633698
2018/08/30 19:00,6.61041281
2018/08/30 20:00,2.408219178
2018/08/30 21:00,0
2018/08/30 22:00,0
2018/08/30 23:00,0
2018/08/31 00:00,0
2018/08/31 01:00,0
2018/08/31 02:00,0
2018/08/31 03:00,0
2018/08/31 04:00,0
2018/08/31 05:00,4.673888889
2018/08/31 06:00,5.427297552
2018/08/31 07:00,5.755932203
2018/08/31 08:00,4.412881356
2018/08/31 09:00,4.599
2018/08/31 10:00,9.086666667
2018/08/31 11:00,10.25105033
2018/08/31 12:00,17.06308066
2018/08/31 13:00,17.24559708
2018/08/31 14:00,8.904927844
2018/08/31 15:00,3.039677419
2018/08/31 16:00,0.848032946
2018/08/31 17:00,24.99611485
2018/08/31 18:00,19.21036215
2018/08/31 19:00,12.675719
2018/08/31 20:00,7.699771058
2018/08/31 21:00,0
2018/08/31 22:00,0
2018/08/31 23:00,0
2018/09/01 00:00,0
2018/09/01 01:00,0
2018/09/01 02:00,0
2018/09/01 03:00,0
2018/09/01 04:00,0
2018/09/01 05:00,0
2018/09/01 06:00,0
2018/09/01 07:00,0.131428571
2018/09/01 08:00,0.558571429
2018/09/01 09:00,3.054516129
2018/09/01 10:00,2.515483871
2018/09/01 11:00,0.822564103
2018/09/01 12:00,8.143670075
2018/09/01 13:00,10.8082519
2018/09/01 14:00,6.798113924
2018/09/01 15:00,2.909007143
2018/09/01 16:00,2.288492968
2018/09/01 17:00,5.556120361
2018/09/01 18:00,7.459780751
2018/09/01 19:00,11.49325336
2018/09/01 20:00,4.800745415
2018/09/01 21:00,0
2018/09/01 22:00,0
2018/09/01 23:00,0
2018/09/02 00:00,0
2018/09/02 01:00,0
2018/09/02 02:00,0
2018/09/02 03:00,0
2018/09/02 04:00,0
2018/09/02 05:00,0
2018/09/02 06:00,0
2018/09/02 07:00,0
2018/09/02 08:00,0
2018/09/02 09:00,1.758503214
2018/09/02 10:00,15.65874713
2018/09/02 11:00,3.6125
2018/09/02 12:00,3.940053694
2018/09/02 13:00,2.644362681
2018/09/02 14:00,6.63593851
2018/09/02 15:00,13.45011663
2018/09/02 16:00,11.55646095
2018/09/02 17:00,4.646170599
2018/09/02 18:00,8.43347799
2018/09/02 19:00,9.872057781
2018/09/02 20:00,7.19979661
2018/09/02 21:00,0.706772881
2018/09/02 22:00,0
2018/09/02 23:00,0
2018/09/03 00:00,0
2018/09/03 01:00,0
2018/09/03 02:00,0
2018/09/03 03:00,0
2018/09/03 04:00,0
2018/09/03 05:00,0
2018/09/03 06:00,0
2018/09/03 07:00,0
2018/09/03 08:00,0.136981132
2018/09/03 09:00,2.739622642
2018/09/03 10:00,10.02169926
2018/09/03 11:00,23.51864674
2018/09/03 12:00,30.25125053
2018/09/03 13:00,21.70803154
2018/09/03 14:00,11.89491102
2018/09/03 15:00,6.967428571
2018/09/03 16:00,0.951428571
2018/09/03 17:00,0
2018/09/03 18:00,6.212481261
2018/09/03 19:00,3.657518739
2018/09/03 20:00,0
2018/09/03 21:00,0
2018/09/03 22:00,0
2018/09/03 23:00,0
2018/09/04 00:00,0
2018/09/04 01:00,0
2018/09/04 02:00,0
2018/09/04 03:00,0
2018/09/04 04:00,0
2018/09/04 05:00,0
2018/09/04 06:00,1.106168224
2018/09/04 07:00,10.08747861
2018/09/04 08:00,21.65637076
2018/09/04 09:00,15.10053833
2018/09/04 10:00,11.83396364
2018/09/04 11:00,5.323131673
2018/09/04 12:00,3.992348754
2018/09/04 13:00,0
2018/09/04 14:00,5.050588235
2018/09/04 15:00,5.518056926
2018/09/04 16:00,6.353128424
2018/09/04 17:00,3.578226415
2018/09/04 18:00,1.933565217
2018/09/04 19:00,7.271182178
2018/09/04 20:00,8.845003356
2018/09/04 21:00,12.04989008
2018/09/04 22:00,11.11889773
2018/09/04 23:00,11.11889773
2018/09/05 00:00,11.11889773
2018/09/05 01:00,11.11889773
2018/09/05 02:00,11.11889773
2018/09/05 03:00,5.982611258
2018/09/05 04:00,5.895555556
2018/09/05 05:00,5.895555556
2018/09/05 06:00,1.572148148
2018/09/05 07:00,6.015575397
2018/09/05 08:00,6.999197455
2018/09/05 09:00,5.027733077
2018/09/05 10:00,2.156912023
2018/09/05 11:00,3.106451613
2018/09/05 12:00,11.36075
2018/09/05 13:00,10.17713014
2018/09/05 14:00,21.32679886
2018/09/05 15:00,7.52386182
2018/09/05 16:00,2.296459184
2018/09/05 17:00,0
2018/09/05 18:00,0
2018/09/05 19:00,0
2018/09/05 20:00,0
2018/09/05 21:00,0
2018/09/05 22:00,0
2018/09/05 23:00,0
2018/09/06 00:00,0
2018/09/06 01:00,0
2018/09/06 02:00,0
2018/09/06 03:00,0
2018/09/06 04:00,0
2018/09/06 05:00,0
2018/09/06 06:00,5.205842697
2018/09/06 07:00,9.261657303
2018/09/06 08:00,7.329912088
2018/09/06 09:00,11.55843207
2018/09/06 10:00,4.161578525
2018/09/06 11:00,5.817229856
2018/09/06 12:00,13.16998894
2018/09/06 13:00,14.07326368
2018/09/06 14:00,11.91266955
2018/09/06 15:00,3.019425287
2018/09/06 16:00,0
2018/09/06 17:00,0
2018/09/06 18:00,0
2018/09/06 19:00,2.684651163
2018/09/06 20:00,7.412491694
2018/09/06 21:00,3.702857143
2018/09/06 22:00,0
2018/09/06 23:00,0
2018/09/07 00:00,0
2018/09/07 01:00,0
2018/09/07 02:00,0
2018/09/07 03:00,0
2018/09/07 04:00,0
2018/09/07 05:00,0
2018/09/07 06:00,0
2018/09/07 07:00,0
2018/09/07 08:00,2.770949917
2018/09/07 09:00,8.467919648
2018/09/07 10:00,12.38755105
2018/09/07 11:00,15.48008459
2018/09/07 12:00,21.45757106
2018/09/07 13:00,22.01537728
2018/09/07 14:00,10.23835264
2018/09/07 15:00,8.56911973
2018/09/07 16:00,3.656704292
2018/09/07 17:00,14.96673092
2018/09/07 18:00,16.6486567
2018/09/07 19:00,23.86167024
2018/09/07 20:00,21.23261619
2018/09/07 21:00,9.051820501
2018/09/07 22:00,0.42177665
2018/09/07 23:00,0
2018/09/08 00:00,0
2018/09/08 01:00,0
2018/09/08 02:00,0
2018/09/08 03:00,0
2018/09/08 04:00,0
2018/09/08 05:00,0
2018/09/08 06:00,0
2018/09/08 07:00,0.053965517
2018/09/08 08:00,3.237931034
2018/09/08 09:00,2.968103448
2018/09/08 10:00,2.751780822
2018/09/08 11:00,5.737129154
2018/09/08 12:00,6.052994786
2018/09/08 13:00,9.183834586
2018/09/08 14:00,12.02330827
2018/09/08 15:00,15.25759203
2018/09/08 16:00,6.910881045
2018/09/08 17:00,7.574755725
2018/09/08 18:00,11.53784339
2018/09/08 19:00,11.40536157
2018/09/08 20:00,13.13286841
2018/09/08 21:00,13.67266433
2018/09/08 22:00,1.139717587
2018/09/08 23:00,0
2018/09/09 00:00,0
2018/09/09 01:00,0
2018/09/09 02:00,0
2018/09/09 03:00,0
2018/09/09 04:00,0
2018/09/09 05:00,0
2018/09/09 06:00,0
2018/09/09 07:00,0
2018/09/09 08:00,3.74875969
2018/09/09 09:00,13.77397911
2018/09/09 10:00,11.49108538
2018/09/09 11:00,10.04205062
2018/09/09 12:00,13.83310787
2018/09/09 13:00,8.151163205
2018/09/09 14:00,15.30324268
2018/09/09 15:00,8.176611446
2018/09/09 16:00,2.232266667
2018/09/09 17:00,8.963506529
2018/09/09 18:00,6.519587629
2018/09/09 19:00,1.517609887
2018/09/09 20:00,5.907112971
2018/09/09 21:00,5.907112971
2018/09/09 22:00,5.907112971
2018/09/09 23:00,5.907112971
2018/09/10 00:00,5.907112971
2018/09/10 01:00,5.907112971
2018/09/10 02:00,5.907112971
2018/09/10 03:00,4.627238494
2018/09/10 04:00,0
2018/09/10 05:00,0
2018/09/10 06:00,0
2018/09/10 07:00,0.33375
2018/09/10 08:00,8.934282437
2018/09/10 09:00,8.07548869
2018/09/10 10:00,9.318903855
2018/09/10 11:00,12.49900477
2018/09/10 12:00,9.676335285
2018/09/10 13:00,7.633087912
2018/09/10 14:00,9.78223477
2018/09/10 15:00,6.903596491
2018/09/10 16:00,5.845263158
2018/09/10 17:00,4.676210526
2018/09/10 18:00,5.629041794
2018/09/10 19:00,15.78007984
2018/09/10 20:00,9.200718367
2018/09/10 21:00,6.626407582
2018/09/10 22:00,5.847969052
2018/09/10 23:00,5.847969052
2018/09/11 00:00,5.847969052
2018/09/11 01:00,5.847969052
2018/09/11 02:00,5.847969052
2018/09/11 03:00,5.847969052
2018/09/11 04:00,5.847969052
2018/09/11 05:00,0
2018/09/11 06:00,4.613529412
2018/09/11 07:00,7.956722643
2018/09/11 08:00,9.950320972
2018/09/11 09:00,3.243985796
2018/09/11 10:00,6.622288632
2018/09/11 11:00,14.81303865
2018/09/11 12:00,7.594829537
2018/09/11 13:00,7.660179883
2018/09/11 14:00,8.44051291
2018/09/11 15:00,5.299976183
2018/09/11 16:00,3.646153846
2018/09/11 17:00,2.65863103
2018/09/11 18:00,8.670679829
2018/09/11 19:00,12.50892159
2018/09/11 20:00,4.810229093
2018/09/11 21:00,0
2018/09/11 22:00,0
2018/09/11 23:00,0
2018/09/12 00:00,0
2018/09/12 01:00,0
2018/09/12 02:00,0
2018/09/12 03:00,0
2018/09/12 04:00,0
2018/09/12 05:00,0
2018/09/12 06:00,2.694282311
2018/09/12 07:00,4.615717689
2018/09/12 08:00,0.3
2018/09/12 09:00,8.421658822
2018/09/12 10:00,12.09975143
2018/09/12 11:00,8.092477244
2018/09/12 12:00,9.398818196
2018/09/12 13:00,3.488319945
2018/09/12 14:00,1.618974359
2018/09/12 15:00,3.859903037
2018/09/12 16:00,8.294342773
2018/09/12 17:00,8.965289645
2018/09/12 18:00,11.42426439
2018/09/12 19:00,3.241237753
2018/09/12 20:00,1.234962406
2018/09/12 21:00,3.824604569
2018/09/12 22:00,5.88400703
2018/09/12 23:00,5.88400703
2018/09/13 00:00,5.88400703
2018/09/13 01:00,5.88400703
2018/09/13 02:00,5.88400703
2018/09/13 03:00,5.88400703
2018/09/13 04:00,5.88400703
2018/09/13 05:00,5.88400703
2018/09/13 06:00,7.585919837
2018/09/13 07:00,6.792826738
2018/09/13 08:00,8.759375508
2018/09/13 09:00,4.619832493
2018/09/13 10:00,0.195384615
2018/09/13 11:00,4.645307466
2018/09/13 12:00,16.07006767
2018/09/13 13:00,16.73009592
2018/09/13 14:00,9.350934055
2018/09/13 15:00,7.751365228
2018/09/13 16:00,10.42661643
2018/09/13 17:00,6.705613234
2018/09/13 18:00,5.281724138
2018/09/13 19:00,5.979310345
2018/09/13 20:00,5.309841922
2018/09/13 21:00,5.274606742
2018/09/13 22:00,5.274606742
2018/09/13 23:00,5.274606742
2018/09/14 00:00,5.274606742
2018/09/14 01:00,5.274606742
2018/09/14 02:00,5.274606742
2018/09/14 03:00,2.461483146
2018/09/14 04:00,0
2018/09/14 05:00,0
2018/09/14 06:00,0
2018/09/14 07:00,0
2018/09/14 08:00,1.458461538
2018/09/14 09:00,4.681235431
2018/09/14 10:00,5.026262626
2018/09/14 11:00,6.567738083
2018/09/14 12:00,16.09550156
2018/09/14 13:00,24.88518618
2018/09/14 14:00,26.47859489
2018/09/14 15:00,20.73089469
2018/09/14 16:00,6.4155
2018/09/14 17:00,6.518900862
2018/09/14 18:00,5.084120493
2018/09/14 19:00,14.18769328
2018/09/14 20:00,7.069910364
2018/09/14 21:00,2.24
2018/09/14 22:00,3.2
2018/09/14 23:00,0.16
2018/09/15 00:00,0
2018/09/15 01:00,0
2018/09/15 02:00,0
2018/09/15 03:00,0
2018/09/15 04:00,0
2018/09/15 05:00,0
2018/09/15 06:00,0
2018/09/15 07:00,0
2018/09/15 08:00,0
2018/09/15 09:00,0
2018/09/15 10:00,0.603287671
2018/09/15 11:00,6.714911639
2018/09/15 12:00,4.916737077
2018/09/15 13:00,8.433834355
2018/09/15 14:00,11.6923273
2018/09/15 15:00,6.880806723
2018/09/15 16:00,4.964918155
2018/09/15 17:00,11.89154167
2018/09/15 18:00,10.84643113
2018/09/15 19:00,8.442250272
2018/09/15 20:00,11.05832163
2018/09/15 21:00,12.60638677
2018/09/15 22:00,5.763157895
2018/09/15 23:00,3.302179014
2018/09/16 00:00,5.067515924
2018/09/16 01:00,5.067515924
2018/09/16 02:00,0.591210191
2018/09/16 03:00,0
2018/09/16 04:00,0
2018/09/16 05:00,0
2018/09/16 06:00,0
2018/09/16 07:00,0
2018/09/16 08:00,2.669856115
2018/09/16 09:00,2.715107914
2018/09/16 10:00,6.203055686
2018/09/16 11:00,7.263356432
2018/09/16 12:00,9.999280086
2018/09/16 13:00,8.60868339
2018/09/16 14:00,8.579032119
2018/09/16 15:00,6.920254213
2018/09/16 16:00,12.31672122
2018/09/16 17:00,20.58471205
2018/09/16 18:00,20.83054222
2018/09/16 19:00,7.189398564
2018/09/16 20:00,0
2018/09/16 21:00,0
2018/09/16 22:00,0
2018/09/16 23:00,0
2018/09/17 00:00,0
2018/09/17 01:00,0
2018/09/17 02:00,0
2018/09/17 03:00,0
2018/09/17 04:00,0
2018/09/17 05:00,0
2018/09/17 06:00,0
2018/09/17 07:00,0
2018/09/17 08:00,0.325714286
2018/09/17 09:00,0.244285714
2018/09/17 10:00,3.210106271
2018/09/17 11:00,10.67455808
2018/09/17 12:00,5.885335648
2018/09/17 13:00,2.241167883
2018/09/17 14:00,8.116947001
2018/09/17 15:00,3.959233375
2018/09/17 16:00,9.69466432
2018/09/17 17:00,7.490218296
2018/09/17 18:00,7.244738822
2018/09/17 19:00,6.103418394
2018/09/17 20:00,7.2476874
2018/09/17 21:00,4.573444976
2018/09/17 22:00,0.538479532
2018/09/17 23:00,0
2018/09/18 00:00,0
2018/09/18 01:00,0
2018/09/18 02:00,0
2018/09/18 03:00,0
2018/09/18 04:00,0
2018/09/18 05:00,1.20721519
2018/09/18 06:00,14.86894614
2018/09/18 07:00,8.676938222
2018/09/18 08:00,5.476900452
2018/09/18 09:00,0
2018/09/18 10:00,0
2018/09/18 11:00,0
2018/09/18 12:00,0.689444444
2018/09/18 13:00,4.861148776
2018/09/18 14:00,2.267519987
2018/09/18 15:00,4.521886792
2018/09/18 16:00,4.245280899
2018/09/18 17:00,14.20042819
2018/09/18 18:00,15.517439
2018/09/18 19:00,13.54137822
2018/09/18 20:00,12.25958717
2018/09/18 21:00,7.146950355
2018/09/18 22:00,1.04893617
2018/09/18 23:00,0
2018/09/19 00:00,0
2018/09/19 01:00,0
2018/09/19 02:00,0
2018/09/19 03:00,0
2018/09/19 04:00,0
2018/09/19 05:00,0
2018/09/19 06:00,4.209113475
2018/09/19 07:00,9.036170213
2018/09/19 08:00,13.36858649
2018/09/19 09:00,15.50522915
2018/09/19 10:00,13.95069377
2018/09/19 11:00,7.56665164
2018/09/19 12:00,2.913555256
2018/09/19 13:00,2.343921569
2018/09/19 14:00,0.436078431
2018/09/19 15:00,0.88632
2018/09/19 16:00,5.9088
2018/09/19 17:00,7.113584062
2018/09/19 18:00,4.884487427
2018/09/19 19:00,0.546808511
2018/09/19 20:00,0
2018/09/19 21:00,0
2018/09/19 22:00,2.68440367
2018/09/19 23:00,4.23853211
2018/09/20 00:00,0.77706422
2018/09/20 01:00,0
2018/09/20 02:00,0
2018/09/20 03:00,0
2018/09/20 04:00,0
2018/09/20 05:00,0
2018/09/20 06:00,5.454652632
2018/09/20 07:00,7.672947368
2018/09/20 08:00,1.2624
2018/09/20 09:00,1.1
2018/09/20 10:00,3.412297945
2018/09/20 11:00,6.248026731
2018/09/20 12:00,5.039174988
2018/09/20 13:00,5.775804438
2018/09/20 14:00,2.188013937
2018/09/20 15:00,9.48300813
2018/09/20 16:00,18.25314073
2018/09/20 17:00,16.07464362
2018/09/20 18:00,12.44573861
2018/09/20 19:00,21.37843645
2018/09/20 20:00,24.1993548
2018/09/20 21:00,15.22909229
2018/09/20 22:00,0
2018/09/20 23:00,0
2018/09/21 00:00,0
2018/09/21 01:00,0
2018/09/21 02:00,0
2018/09/21 03:00,0
2018/09/21 04:00,0
2018/09/21 05:00,0
2018/09/21 06:00,8.696696662
2018/09/21 07:00,8.53625986
2018/09/21 08:00,6.063288204
2018/09/21 09:00,4.683544304
2018/09/21 10:00,8.025830018
2018/09/21 11:00,14.128674
2018/09/21 12:00,12.51859968
2018/09/21 13:00,6.331105589
2018/09/21 14:00,14.72909288
2018/09/21 15:00,9.595194516
2018/09/21 16:00,2.643293233
2018/09/21 17:00,3.623684211
2018/09/21 18:00,12.53667084
2018/09/21 19:00,19.78772187
2018/09/21 20:00,4.607821053
2018/09/21 21:00,6.023292308
2018/09/21 22:00,2.953846154
2018/09/21 23:00,2.215384615
2018/09/22 00:00,0
2018/09/22 01:00,0
2018/09/22 02:00,0
2018/09/22 03:00,0
2018/09/22 04:00,0
2018/09/22 05:00,0
2018/09/22 06:00,1.31125
2018/09/22 07:00,12.74477477
2018/09/22 08:00,2.470496964
2018/09/22 09:00,1.683478261
2018/09/22 10:00,0
2018/09/22 11:00,4.50073989
2018/09/22 12:00,11.55525123
2018/09/22 13:00,3.694008885
2018/09/22 14:00,8.679598986
2018/09/22 15:00,13.56230532
2018/09/22 16:00,6.845044846
2018/09/22 17:00,3.222209234
2018/09/22 18:00,3.530333139
2018/09/22 19:00,4.326804771
2018/09/22 20:00,0.203703704
2018/09/22 21:00,0
2018/09/22 22:00,0
2018/09/22 23:00,0
2018/09/23 00:00,0
2018/09/23 01:00,0
2018/09/23 02:00,0
2018/09/23 03:00,0
2018/09/23 04:00,0
2018/09/23 05:00,0
2018/09/23 06:00,0
2018/09/23 07:00,0.466086957
2018/09/23 08:00,14.82515992
2018/09/23 09:00,15.02065981
2018/09/23 10:00,15.78510169
2018/09/23 11:00,9.634200278
2018/09/23 12:00,5.28201941
2018/09/23 13:00,13.13464276
2018/09/23 14:00,12.29824442
2018/09/23 15:00,11.88652064
2018/09/23 16:00,3.419671795
2018/09/23 17:00,10.54770173
2018/09/23 18:00,15.17312783
2018/09/23 19:00,1.796862745
2018/09/23 20:00,0
2018/09/23 21:00,0
2018/09/23 22:00,0
2018/09/23 23:00,0
2018/09/24 00:00,0
2018/09/24 01:00,0
2018/09/24 02:00,0
2018/09/24 03:00,0
2018/09/24 04:00,0
2018/09/24 05:00,0
2018/09/24 06:00,2.417883212
2018/09/24 07:00,5.988919708
2018/09/24 08:00,11.89649123
2018/09/24 09:00,19.27423595
2018/09/24 10:00,20.59986529
2018/09/24 11:00,12.25479078
2018/09/24 12:00,7.229843888
2018/09/24 13:00,6.420262361
2018/09/24 14:00,7.594155318
2018/09/24 15:00,6.617232241
2018/09/24 16:00,7.337353031
2018/09/24 17:00,12.80773967
2018/09/24 18:00,9.88157201
2018/09/24 19:00,18.95263625
2018/09/24 20:00,15.20042806
2018/09/24 21:00,5.982239559
2018/09/24 22:00,5.928161889
2018/09/24 23:00,5.928161889
2018/09/25 00:00,5.928161889
2018/09/25 01:00,5.928161889
2018/09/25 02:00,5.928161889
2018/09/25 03:00,5.928161889
2018/09/25 04:00,5.928161889
2018/09/25 05:00,5.137740304
2018/09/25 06:00,7.871070968
2018/09/25 07:00,6.970529032
2018/09/25 08:00,3.8868
2018/09/25 09:00,10.32072973
2018/09/25 10:00,5.20127027
2018/09/25 11:00,1.2096
2018/09/25 12:00,2.375853659
2018/09/25 13:00,5.976545142
2018/09/25 14:00,8.473561791
2018/09/25 15:00,10.33302546
2018/09/25 16:00,12.84649399
2018/09/25 17:00,3.783913902
2018/09/25 18:00,5.283822844
2018/09/25 19:00,7.436438319
2018/09/25 20:00,5.277432276
2018/09/25 21:00,4.689320388
2018/09/25 22:00,2.813592233
2018/09/25 23:00,0
2018/09/26 00:00,0
2018/09/26 01:00,0
2018/09/26 02:00,0
2018/09/26 03:00,0
2018/09/26 04:00,0
2018/09/26 05:00,0
2018/09/26 06:00,1.45204918
2018/09/26 07:00,5.808196721
2018/09/26 08:00,10.67570689
2018/09/26 09:00,9.425238918
2018/09/26 10:00,11.39474987
2018/09/26 11:00,14.19733448
2018/09/26 12:00,6.539460454
2018/09/26 13:00,7.904576957
2018/09/26 14:00,11.30229734
2018/09/26 15:00,12.60315251
2018/09/26 16:00,18.95772383
2018/09/26 17:00,26.0048482
2018/09/26 18:00,22.03187022
2018/09/26 19:00,8.265016657
2018/09/26 20:00,0.717777778
2018/09/26 21:00,1.377314815
2018/09/26 22:00,5.902777778
2018/09/26 23:00,5.902777778
2018/09/27 00:00,5.902777778
2018/09/27 01:00,5.902777778
2018/09/27 02:00,5.902777778
2018/09/27 03:00,5.902777778
2018/09/27 04:00,5.706018519
2018/09/27 05:00,0
2018/09/27 06:00,1.949473684
2018/09/27 07:00,5.848421053
2018/09/27 08:00,2.259759986
2018/09/27 09:00,5.982410423
2018/09/27 10:00,10.95955328
2018/09/27 11:00,14.44041389
2018/09/27 12:00,21.81128774
2018/09/27 13:00,17.01466909
2018/09/27 14:00,14.94774679
2018/09/27 15:00,12.07466741
2018/09/27 16:00,2.925668027
2018/09/27 17:00,9.815361191
2018/09/27 18:00,17.43952266
2018/09/27 19:00,9.807261526
2018/09/27 20:00,5.901840491
2018/09/27 21:00,5.901840491
2018/09/27 22:00,5.901840491
2018/09/27 23:00,5.901840491
2018/09/28 00:00,5.901840491
2018/09/28 01:00,5.901840491
2018/09/28 02:00,3.442740286
2018/09/28 03:00,0
2018/09/28 04:00,0
2018/09/28 05:00,0
2018/09/28 06:00,0
2018/09/28 07:00,6.486062136
2018/09/28 08:00,10.25298576
2018/09/28 09:00,9.050602481
2018/09/28 10:00,14.02335428
2018/09/28 11:00,18.38138668
2018/09/28 12:00,23.59041882
2018/09/28 13:00,21.45955607
2018/09/28 14:00,18.9614281
2018/09/28 15:00,4.678448107
2018/09/28 16:00,5.464936945
2018/09/28 17:00,20.3635196
2018/09/28 18:00,27.38933378
2018/09/28 19:00,16.82539745
2018/09/28 20:00,4.962569802
2018/09/28 21:00,0
2018/09/28 22:00,0
2018/09/28 23:00,0
2018/09/29 00:00,0
2018/09/29 01:00,0.195
2018/09/29 02:00,1.365
2018/09/29 03:00,1.219878788
2018/09/29 04:00,4.305454545
2018/09/29 05:00,4.305454545
2018/09/29 06:00,2.009212121
2018/09/29 07:00,0
2018/09/29 08:00,0.574735955
2018/09/29 09:00,12.436233
2018/09/29 10:00,16.09147347
2018/09/29 11:00,21.81950205
2018/09/29 12:00,11.50332826
2018/09/29 13:00,3.554727273
2018/09/29 14:00,1.3
2018/09/29 15:00,4
2018/09/29 16:00,0.83258427
2018/09/29 17:00,3.330337079
2018/09/29 18:00,6.816007223
2018/09/29 19:00,12.36857143
2018/09/29 20:00,5.8725
2018/09/29 21:00,1.008219178
2018/09/29 22:00,3.591780822
2018/09/29 23:00,0
2018/09/30 00:00,0
2018/09/30 01:00,0
2018/09/30 02:00,0
2018/09/30 03:00,0
2018/09/30 04:00,0
2018/09/30 05:00,0
2018/09/30 06:00,0
2018/09/30 07:00,0
2018/09/30 08:00,0
2018/09/30 09:00,1.740314136
2018/09/30 10:00,4.751988348
2018/09/30 11:00,7.359807897
2018/09/30 12:00,12.22811119
2018/09/30 13:00,5.959778428
2018/09/30 14:00,1.810143968
2018/09/30 15:00,11.12541443
2018/09/30 16:00,12.61832579
2018/09/30 17:00,6.546030428
2018/09/30 18:00,2.300787143
2018/09/30 19:00,5.380969634
2018/09/30 20:00,5.564872521
2018/09/30 21:00,5.564872521
2018/09/30 22:00,5.564872521
2018/09/30 23:00,5.564872521
2018/10/01 00:00,5.564872521
2018/10/01 01:00,1.483966006
2018/10/01 02:00,0
2018/10/01 03:00,0
2018/10/01 04:00,0
2018/10/01 05:00,0
2018/10/01 06:00,0
2018/10/01 07:00,0
2018/10/01 08:00,6.885838542
2018/10/01 09:00,12.04488976
2018/10/01 10:00,10.66597428
2018/10/01 11:00,14.43608329
2018/10/01 12:00,23.04113807
2018/10/01 13:00,17.588703
2018/10/01 14:00,12.73018787
2018/10/01 15:00,5.377185185
2018/10/01 16:00,0
2018/10/01 17:00,0.479207921
2018/10/01 18:00,6.455020944
2018/10/01 19:00,6.312694212
2018/10/01 20:00,0.863076923
2018/10/01 21:00,5.841818182
2018/10/01 22:00,5.841818182
2018/10/01 23:00,5.841818182
2018/10/02 00:00,5.841818182
2018/10/02 01:00,2.920909091
2018/10/02 02:00,0
2018/10/02 03:00,0
2018/10/02 04:00,0
2018/10/02 05:00,0
2018/10/02 06:00,3.0225
2018/10/02 07:00,5.85
2018/10/02 08:00,7.4884
2018/10/02 09:00,1.0191
2018/10/02 10:00,3.975882353
2018/10/02 11:00,5.301176471
2018/10/02 12:00,6.963471553
2018/10/02 13:00,6.335588672
2018/10/02 14:00,5.294992063
2018/10/02 15:00,5.228888889
2018/10/02 16:00,6.080180556
2018/10/02 17:00,11.60997817
2018/10/02 18:00,9.558910869
2018/10/02 19:00,16.0127639
2018/10/02 20:00,6.736127661
2018/10/02 21:00,6.104854369
2018/10/02 22:00,2.747184466
2018/10/02 23:00,4.834285714
2018/10/03 00:00,0.205714286
2018/10/03 01:00,0
2018/10/03 02:00,0
2018/10/03 03:00,0
2018/10/03 04:00,0
2018/10/03 05:00,0
2018/10/03 06:00,0
2018/10/03 07:00,0
2018/10/03 08:00,6.39675705
2018/10/03 09:00,15.29468461
2018/10/03 10:00,12.7117202
2018/10/03 11:00,17.724705
2018/10/03 12:00,24.11201639
2018/10/03 13:00,16.15717867
2018/10/03 14:00,11.27999691
2018/10/03 15:00,5.960784314
2018/10/03 16:00,12.27308576
2018/10/03 17:00,15.60077362
2018/10/03 18:00,23.51364924
2018/10/03 19:00,11.81177557
2018/10/03 20:00,7.763382238
2018/10/03 21:00,1.039490446
2018/10/03 22:00,0.395915222
2018/10/03 23:00,5.938728324
2018/10/04 00:00,5.938728324
2018/10/04 01:00,5.938728324
2018/10/04 02:00,5.938728324
2018/10/04 03:00,5.938728324
2018/10/04 04:00,5.938728324
2018/10/04 05:00,5.938728324
2018/10/04 06:00,5.938728324
2018/10/04 07:00,5.680052581
2018/10/04 08:00,13.03134622
2018/10/04 09:00,24.6938883
2018/10/04 10:00,17.77454989
2018/10/04 11:00,8.695961081
2018/10/04 12:00,15.75018347
2018/10/04 13:00,18.03604207
2018/10/04 14:00,15.99198739
2018/10/04 15:00,2.459614277
2018/10/04 16:00,11.9829316
2018/10/04 17:00,13.74728687
2018/10/04 18:00,12.75667354
2018/10/04 19:00,5.843740909
2018/10/04 20:00,0
2018/10/04 21:00,0
2018/10/04 22:00,0
2018/10/04 23:00,0
2018/10/05 00:00,0
2018/10/05 01:00,1.1712
2018/10/05 02:00,1.2688
2018/10/05 03:00,0
2018/10/05 04:00,0
2018/10/05 05:00,0
2018/10/05 06:00,7.009537815
2018/10/05 07:00,15.02079122
2018/10/05 08:00,19.48379864
2018/10/05 09:00,16.38927311
2018/10/05 10:00,13.69335218
2018/10/05 11:00,14.88101558
2018/10/05 12:00,12.46444099
2018/10/05 13:00,20.82064451
2018/10/05 14:00,11.72066554
2018/10/05 15:00,18.55606058
2018/10/05 16:00,8.162919825
2018/10/05 17:00,4.45974359
2018/10/05 18:00,6.668205128
2018/10/05 19:00,2.319551282
2018/10/05 20:00,0
2018/10/05 21:00,0
2018/10/05 22:00,0
2018/10/05 23:00,0
2018/10/06 00:00,0
2018/10/06 01:00,2.0412
2018/10/06 02:00,0.3888
2018/10/06 03:00,0
2018/10/06 04:00,0
2018/10/06 05:00,0
2018/10/06 06:00,0
2018/10/06 07:00,0
2018/10/06 08:00,0.927914541
2018/10/06 09:00,12.95470302
2018/10/06 10:00,8.236630559
2018/10/06 11:00,1.76075188
2018/10/06 12:00,10.70910138
2018/10/06 13:00,24.51250913
2018/10/06 14:00,25.95778439
2018/10/06 15:00,11.13222126
2018/10/06 16:00,4.560514986
2018/10/06 17:00,3.427868852
2018/10/06 18:00,3.140439546
2018/10/06 19:00,14.52661179
2018/10/06 20:00,21.29468122
2018/10/06 21:00,17.7148365
2018/10/06 22:00,10.37976635
2018/10/06 23:00,6.540372671
2018/10/07 00:00,5.123291925
2018/10/07 01:00,0
2018/10/07 02:00,0
2018/10/07 03:00,0
2018/10/07 04:00,0
2018/10/07 05:00,0
2018/10/07 06:00,0
2018/10/07 07:00,0
2018/10/07 08:00,1.428888889
2018/10/07 09:00,3.727536232
2018/10/07 10:00,7.822536232
2018/10/07 11:00,18.76694881
2018/10/07 12:00,21.01146579
2018/10/07 13:00,13.87039461
2018/10/07 14:00,8.632372294
2018/10/07 15:00,7.939311688
2018/10/07 16:00,6.355695455
2018/10/07 17:00,16.57832404
2018/10/07 18:00,14.64262696
2018/10/07 19:00,11.51527888
2018/10/07 20:00,3.96862013
2018/10/07 21:00,0
2018/10/07 22:00,0
2018/10/07 23:00,0
2018/10/08 00:00,0
2018/10/08 01:00,0
2018/10/08 02:00,0
2018/10/08 03:00,0
2018/10/08 04:00,0
2018/10/08 05:00,0
2018/10/08 06:00,0
2018/10/08 07:00,4.703376623
2018/10/08 08:00,10.1436526
2018/10/08 09:00,10.59944805
2018/10/08 10:00,7.979328692
2018/10/08 11:00,5.950957042
2018/10/08 12:00,9.296910324
2018/10/08 13:00,18.78261076
2018/10/08 14:00,7.317877759
2018/10/08 15:00,2.570130058
2018/10/08 16:00,7.48682546
2018/10/08 17:00,9.857908481
2018/10/08 18:00,20.22579809
2018/10/08 19:00,8.595742099
2018/10/08 20:00,0.583995366
2018/10/08 21:00,2.855438596
2018/10/08 22:00,0
2018/10/08 23:00,0
2018/10/09 00:00,0
2018/10/09 01:00,0
2018/10/09 02:00,0
2018/10/09 03:00,0
2018/10/09 04:00,0
2018/10/09 05:00,0
2018/10/09 06:00,0
2018/10/09 07:00,0
2018/10/09 08:00,4.718285229
2018/10/09 09:00,13.20071307
2018/10/09 10:00,9.44229202
2018/10/09 11:00,9.016272125
2018/10/09 12:00,16.5054844
2018/10/09 13:00,15.98317598
2018/10/09 14:00,9.642912958
2018/10/09 15:00,10.36221305
2018/10/09 16:00,17.33659045
2018/10/09 17:00,21.02720117
2018/10/09 18:00,11.05121249
2018/10/09 19:00,11.56696789
2018/10/09 20:00,9.615119531
2018/10/09 21:00,1.411559633
2018/10/09 22:00,2.060838926
2018/10/09 23:00,5.620469799
2018/10/10 00:00,5.620469799
2018/10/10 01:00,5.620469799
2018/10/10 02:00,5.620469799
2018/10/10 03:00,5.620469799
2018/10/10 04:00,5.620469799
2018/10/10 05:00,5.620469799
2018/10/10 06:00,8.575469799
2018/10/10 07:00,11.5304698
2018/10/10 08:00,13.56319804
2018/10/10 09:00,16.44269481
2018/10/10 10:00,20.47404004
2018/10/10 11:00,8.322439024
2018/10/10 12:00,10.84816078
2018/10/10 13:00,5.159400193
2018/10/10 14:00,0
2018/10/10 15:00,3.134649983
2018/10/10 16:00,5.77035418
2018/10/10 17:00,19.38864859
2018/10/10 18:00,18.22219211
2018/10/10 19:00,10.72465336
2018/10/10 20:00,8.185791166
2018/10/10 21:00,4.79883809
2018/10/10 22:00,4.886685552
2018/10/10 23:00,4.886685552
2018/10/11 00:00,4.886685552
2018/10/11 01:00,4.886685552
2018/10/11 02:00,4.886685552
2018/10/11 03:00,0.081444759
2018/10/11 04:00,0
2018/10/11 05:00,0
2018/10/11 06:00,3.305957447
2018/10/11 07:00,7.26868541
2018/10/11 08:00,12.02863839
2018/10/11 09:00,29.38300194
2018/10/11 10:00,28.79089273
2018/10/11 11:00,30.38323294
2018/10/11 12:00,26.56001219
2018/10/11 13:00,22.25971296
2018/10/11 14:00,19.4321901
2018/10/11 15:00,8.844189152
2018/10/11 16:00,16.21937689
2018/10/11 17:00,15.9674359
2018/10/11 18:00,12.46105206
2018/10/11 19:00,11.79693337
2018/10/11 20:00,6.276322027
2018/10/11 21:00,8.629005323
2018/10/11 22:00,8.629005323
2018/10/11 23:00,5.110823505
2018/10/12 00:00,4.964989339
2018/10/12 01:00,3.507846482
2018/10/12 02:00,3.21641791
2018/10/12 03:00,2.144278607
2018/10/12 04:00,0
2018/10/12 05:00,0
2018/10/12 06:00,3.03025
2018/10/12 07:00,5.865
2018/10/12 08:00,7.921137435
2018/10/12 09:00,19.85468883
2018/10/12 10:00,32.67789901
2018/10/12 11:00,23.64322944
2018/10/12 12:00,32.35623313
2018/10/12 13:00,21.2275292
2018/10/12 14:00,18.92777731
2018/10/12 15:00,17.30690313
2018/10/12 16:00,7.386789334
2018/10/12 17:00,19.70909061
2018/10/12 18:00,18.94208431
2018/10/12 19:00,19.71016252
2018/10/12 20:00,21.44357775
2018/10/12 21:00,9.207439648
2018/10/12 22:00,5.903125
2018/10/12 23:00,0.787083333
2018/10/13 00:00,0
2018/10/13 01:00,0
2018/10/13 02:00,0
2018/10/13 03:00,0
2018/10/13 04:00,0
2018/10/13 05:00,0
2018/10/13 06:00,2.526933333
2018/10/13 07:00,3.296
2018/10/13 08:00,3.737066667
2018/10/13 09:00,2.218542885
2018/10/13 10:00,11.61944769
2018/10/13 11:00,13.24396208
2018/10/13 12:00,17.61868162
2018/10/13 13:00,20.11374748
2018/10/13 14:00,16.09422946
2018/10/13 15:00,6.971388781
2018/10/13 16:00,0
2018/10/13 17:00,0.605357143
2018/10/13 18:00,7.658242857
2018/10/13 19:00,13.47587097
2018/10/13 20:00,12.45065806
2018/10/13 21:00,9.552129032
2018/10/13 22:00,3.607741935
2018/10/13 23:00,0
2018/10/14 00:00,0
2018/10/14 01:00,0
2018/10/14 02:00,0
2018/10/14 03:00,0
2018/10/14 04:00,0
2018/10/14 05:00,0
2018/10/14 06:00,0
2018/10/14 07:00,0
2018/10/14 08:00,1.984721311
2018/10/14 09:00,4.410491803
2018/10/14 10:00,4.410491803
2018/10/14 11:00,4.410491803
2018/10/14 12:00,4.410491803
2018/10/14 13:00,3.108696091
2018/10/14 14:00,1.734615385
2018/10/14 15:00,0.499130435
2018/10/14 16:00,4.159331104
2018/10/14 17:00,2.549615385
2018/10/14 18:00,3.501923077
2018/10/14 19:00,0
2018/10/14 20:00,0
2018/10/14 21:00,0
2018/10/14 22:00,0
2018/10/14 23:00,0
2018/10/15 00:00,0
2018/10/15 01:00,0
2018/10/15 02:00,0
2018/10/15 03:00,0
2018/10/15 04:00,0
2018/10/15 05:00,0
2018/10/15 06:00,0
2018/10/15 07:00,4.055555556
2018/10/15 08:00,10.52702683
2018/10/15 09:00,23.80931728
2018/10/15 10:00,24.89143114
2018/10/15 11:00,14.24664921
2018/10/15 12:00,10.98325312
2018/10/15 13:00,20.46325576
2018/10/15 14:00,17.22975588
2018/10/15 15:00,9.327396741
2018/10/15 16:00,5.471258754
2018/10/15 17:00,3.007407407
2018/10/15 18:00,3.906776316
2018/10/15 19:00,6.589982456
2018/10/15 20:00,7.583241228
2018/10/15 21:00,0
2018/10/15 22:00,0
2018/10/15 23:00,0
2018/10/16 00:00,0
2018/10/16 01:00,0
2018/10/16 02:00,0
2018/10/16 03:00,0
2018/10/16 04:00,0
2018/10/16 05:00,0
2018/10/16 06:00,4.479815126
2018/10/16 07:00,9.521794541
2018/10/16 08:00,20.3581254
2018/10/16 09:00,27.62340864
2018/10/16 10:00,13.77802849
2018/10/16 11:00,16.9693993
2018/10/16 12:00,22.43471366
2018/10/16 13:00,29.6399638
2018/10/16 14:00,28.33476459
2018/10/16 15:00,23.84661493
2018/10/16 16:00,14.25043706
2018/10/16 17:00,8.718558405
2018/10/16 18:00,8.917253872
2018/10/16 19:00,9.839663845
2018/10/16 20:00,10.92822758
2018/10/16 21:00,3.669230769
2018/10/16 22:00,0.36412844
2018/10/16 23:00,5.461926606
2018/10/17 00:00,5.461926606
2018/10/17 01:00,5.461926606
2018/10/17 02:00,5.461926606
2018/10/17 03:00,5.461926606
2018/10/17 04:00,5.461926606
2018/10/17 05:00,5.461926606
2018/10/17 06:00,1.092385321
2018/10/17 07:00,0
2018/10/17 08:00,2.941662971
2018/10/17 09:00,8.467631457
2018/10/17 10:00,9.585859259
2018/10/17 11:00,15.06229287
2018/10/17 12:00,13.44890054
2018/10/17 13:00,9.726421283
2018/10/17 14:00,6.166336634
2018/10/17 15:00,5.490740645
2018/10/17 16:00,0.916883117
2018/10/17 17:00,2.895262526
2018/10/17 18:00,14.94692796
2018/10/17 19:00,14.55362709
2018/10/17 20:00,9.270629792
2018/10/17 21:00,5.376315789
2018/10/17 22:00,5.376315789
2018/10/17 23:00,5.376315789
2018/10/18 00:00,5.376315789
2018/10/18 01:00,4.928289474
2018/10/18 02:00,0
2018/10/18 03:00,0
2018/10/18 04:00,0
2018/10/18 05:00,0
2018/10/18 06:00,0
2018/10/18 07:00,3.795302013
2018/10/18 08:00,13.00002029
2018/10/18 09:00,16.32367959
2018/10/18 10:00,14.79823889
2018/10/18 11:00,13.03040612
2018/10/18 12:00,9.003601853
2018/10/18 13:00,8.052434181
2018/10/18 14:00,18.06854023
2018/10/18 15:00,17.59451274
2018/10/18 16:00,16.79478284
2018/10/18 17:00,10.79780928
2018/10/18 18:00,11.25060857
2018/10/18 19:00,2.810252081
2018/10/18 20:00,2.211794872
2018/10/18 21:00,0.058205128
2018/10/18 22:00,0
2018/10/18 23:00,0
2018/10/19 00:00,0
2018/10/19 01:00,0
2018/10/19 02:00,0
2018/10/19 03:00,0
2018/10/19 04:00,0
2018/10/19 05:00,0
2018/10/19 06:00,1.863230769
2018/10/19 07:00,1.997204013
2018/10/19 08:00,9.399133302
2018/10/19 09:00,21.07365701
2018/10/19 10:00,31.48982781
2018/10/19 11:00,24.96696094
2018/10/19 12:00,16.30209797
2018/10/19 13:00,18.54996401
2018/10/19 14:00,20.9469907
2018/10/19 15:00,18.81615887
2018/10/19 16:00,16.34743904
2018/10/19 17:00,17.43775295
2018/10/19 18:00,8.223163708
2018/10/19 19:00,5.974933625
2018/10/19 20:00,5.554610294
2018/10/19 21:00,0.676875
2018/10/19 22:00,4.29261745
2018/10/19 23:00,6.438926174
2018/10/20 00:00,5.258456376
2018/10/20 01:00,0
2018/10/20 02:00,0.012105263
2018/10/20 03:00,0.007894737
2018/10/20 04:00,0
2018/10/20 05:00,0
2018/10/20 06:00,0
2018/10/20 07:00,0
2018/10/20 08:00,0
2018/10/20 09:00,5.229113924
2018/10/20 10:00,2.778386076
2018/10/20 11:00,5.759652778
2018/10/20 12:00,14.65321451
2018/10/20 13:00,23.07387852
2018/10/20 14:00,10.30392606
2018/10/20 15:00,12.93701683
2018/10/20 16:00,10.54268774
2018/10/20 17:00,10.57671452
2018/10/20 18:00,8.392886061
2018/10/20 19:00,6.090225564
2018/10/20 20:00,6.063748657
2018/10/20 21:00,2.666326531
2018/10/20 22:00,0
2018/10/20 23:00,0
2018/10/21 00:00,0
2018/10/21 01:00,0
2018/10/21 02:00,0
2018/10/21 03:00,0
2018/10/21 04:00,0
2018/10/21 05:00,0
2018/10/21 06:00,0
2018/10/21 07:00,0
2018/10/21 08:00,11.63840405
2018/10/21 09:00,19.12524661
2018/10/21 10:00,9.056060047
2018/10/21 11:00,16.24134374
2018/10/21 12:00,20.72659517
2018/10/21 13:00,9.905497785
2018/10/21 14:00,8.764212071
2018/10/21 15:00,5.98742314
2018/10/21 16:00,7.555817369
2018/10/21 17:00,1.264182631
2018/10/21 18:00,5.066326531
2018/10/21 19:00,4.863673469
2018/10/21 20:00,0
2018/10/21 21:00,0
2018/10/21 22:00,0
2018/10/21 23:00,0
2018/10/22 00:00,0
2018/10/22 01:00,0
2018/10/22 02:00,0
2018/10/22 03:00,0
2018/10/22 04:00,0
2018/10/22 05:00,0
2018/10/22 06:00,0.257190083
2018/10/22 07:00,13.0527725
2018/10/22 08:00,17.33434131
2018/10/22 09:00,15.82418512
2018/10/22 10:00,14.05223707
2018/10/22 11:00,11.56135907
2018/10/22 12:00,5.585698522
2018/10/22 13:00,2.566423358
2018/10/22 14:00,2.566423358
2018/10/22 15:00,1.82592805
2018/10/22 16:00,2.463288543
2018/10/22 17:00,9.650410936
2018/10/22 18:00,15.22676919
2018/10/22 19:00,14.39902209
2018/10/22 20:00,4.128939571
2018/10/22 21:00,2.312283951
2018/10/22 22:00,0
2018/10/22 23:00,0
2018/10/23 00:00,0
2018/10/23 01:00,0
2018/10/23 02:00,0
2018/10/23 03:00,0
2018/10/23 04:00,0
2018/10/23 05:00,0
2018/10/23 06:00,3.214444444
2018/10/23 07:00,5.844444444
2018/10/23 08:00,8.582922705
2018/10/23 09:00,6.846491977
2018/10/23 10:00,13.31707066
2018/10/23 11:00,12.11248291
2018/10/23 12:00,0.742142857
2018/10/23 13:00,3.90499843
2018/10/23 14:00,13.02779946
2018/10/23 15:00,2.987202107
2018/10/23 16:00,0
2018/10/23 17:00,0
2018/10/23 18:00,0
2018/10/23 19:00,6.812830189
2018/10/23 20:00,3.637169811
2018/10/23 21:00,0
2018/10/23 22:00,0
2018/10/23 23:00,1.00952381
2018/10/24 00:00,1.11047619
2018/10/24 01:00,0
2018/10/24 02:00,0
2018/10/24 03:00,0
2018/10/24 04:00,0
2018/10/24 05:00,0
2018/10/24 06:00,6.028164706
2018/10/24 07:00,15.6885807
2018/10/24 08:00,13.61396745
2018/10/24 09:00,21.87666911
2018/10/24 10:00,24.34281513
2018/10/24 11:00,24.16835116
2018/10/24 12:00,19.51183505
2018/10/24 13:00,20.15545689
2018/10/24 14:00,18.48227245
2018/10/24 15:00,8.921566232
2018/10/24 16:00,13.14649975
2018/10/24 17:00,8.704963462
2018/10/24 18:00,13.65323238
2018/10/24 19:00,16.68048513
2018/10/24 20:00,11.0339707
2018/10/24 21:00,5.779571664
2018/10/24 22:00,5.779571664
2018/10/24 23:00,4.142026359
2018/10/25 00:00,0
2018/10/25 01:00,0
2018/10/25 02:00,0
2018/10/25 03:00,0
2018/10/25 04:00,0
2018/10/25 05:00,0.254504505
2018/10/25 06:00,6.876406995
2018/10/25 07:00,5.928155351
2018/10/25 08:00,10.45216355
2018/10/25 09:00,15.47809796
2018/10/25 10:00,21.57037266
2018/10/25 11:00,20.44727311
2018/10/25 12:00,14.08218587
2018/10/25 13:00,11.63342065
2018/10/25 14:00,9.576481855
2018/10/25 15:00,8.209440903
2018/10/25 16:00,11.10211198
2018/10/25 17:00,11.32694268
2018/10/25 18:00,22.52631111
2018/10/25 19:00,17.57314829
2018/10/25 20:00,15.37566022
2018/10/25 21:00,6.487500887
2018/10/25 22:00,5.119821429
2018/10/25 23:00,0
2018/10/26 00:00,0
2018/10/26 01:00,0
2018/10/26 02:00,0
2018/10/26 03:00,0
2018/10/26 04:00,0
2018/10/26 05:00,1.986137931
2018/10/26 06:00,3.844137931
2018/10/26 07:00,6.427291705
2018/10/26 08:00,4.879932432
2018/10/26 09:00,12.18964442
2018/10/26 10:00,9.51212387
2018/10/26 11:00,10.32674436
2018/10/26 12:00,19.37487838
2018/10/26 13:00,11.62193628
2018/10/26 14:00,10.71701855
2018/10/26 15:00,9.320094459
2018/10/26 16:00,8.207947
2018/10/26 17:00,16.4925182
2018/10/26 18:00,15.30132607
2018/10/26 19:00,17.19237681
2018/10/26 20:00,13.91951228
2018/10/26 21:00,5.893103448
2018/10/26 22:00,1.473275862
2018/10/26 23:00,0
2018/10/27 00:00,0
2018/10/27 01:00,0.391111111
2018/10/27 02:00,1.368888889
2018/10/27 03:00,0
2018/10/27 04:00,0
2018/10/27 05:00,0
2018/10/27 06:00,0
2018/10/27 07:00,0.189896907
2018/10/27 08:00,2.848453608
2018/10/27 09:00,5.050433806
2018/10/27 10:00,7.107552938
2018/10/27 11:00,4.94600842
2018/10/27 12:00,8.902054462
2018/10/27 13:00,11.04205538
2018/10/27 14:00,15.02968992
2018/10/27 15:00,15.88887388
2018/10/27 16:00,22.27963719
2018/10/27 17:00,16.11031946
2018/10/27 18:00,10.73963889
2018/10/27 19:00,14.42118778
2018/10/27 20:00,9.421187783
2018/10/27 21:00,10.53374976
2018/10/27 22:00,4.635436893
2018/10/27 23:00,0
2018/10/28 00:00,0
2018/10/28 01:00,0
2018/10/28 02:00,0
2018/10/28 03:00,0
2018/10/28 04:00,0
2018/10/28 05:00,0
2018/10/28 06:00,0
2018/10/28 07:00,1.638108108
2018/10/28 08:00,2.085440279
2018/10/28 09:00,5.873955857
2018/10/28 10:00,6.308326777
2018/10/28 11:00,12.28889993
2018/10/28 12:00,21.56008809
2018/10/28 13:00,5.265180952
2018/10/28 14:00,5.180962567
2018/10/28 15:00,5.865240642
2018/10/28 16:00,7.559330559
2018/10/28 17:00,11.82530707
2018/10/28 18:00,7.949159159
2018/10/28 19:00,0
2018/10/28 20:00,5.443371648
2018/10/28 21:00,5.832183908
2018/10/28 22:00,5.832183908
2018/10/28 23:00,5.832183908
2018/10/29 00:00,2.430076628
2018/10/29 01:00,0
2018/10/29 02:00,0
2018/10/29 03:00,0
2018/10/29 04:00,0
2018/10/29 05:00,1.881578947
2018/10/29 06:00,6.663559809
2018/10/29 07:00,10.14607496
2018/10/29 08:00,13.44934108
2018/10/29 09:00,12.23340927
2018/10/29 10:00,12.63898102
2018/10/29 11:00,9.735095785
2018/10/29 12:00,11.50381359
2018/10/29 13:00,8.17813724
2018/10/29 14:00,3.72749834
2018/10/29 15:00,1.754581673
2018/10/29 16:00,5.372057401
2018/10/29 17:00,9.554661088
2018/10/29 18:00,11.06433739
2018/10/29 19:00,8.719443822
2018/10/29 20:00,5.984650812
2018/10/29 21:00,5.566666667
2018/10/29 22:00,5.566666667
2018/10/29 23:00,5.566666667
2018/10/30 00:00,5.566666667
2018/10/30 01:00,5.566666667
2018/10/30 02:00,0.649444444
2018/10/30 03:00,0
2018/10/30 04:00,0
2018/10/30 05:00,0.035974026
2018/10/30 06:00,7.49360256
2018/10/30 07:00,11.9456643
2018/10/30 08:00,6.000349288
2018/10/30 09:00,3.552176319
2018/10/30 10:00,4.615706507
2018/10/30 11:00,9.733220341
2018/10/30 12:00,12.89402959
2018/10/30 13:00,18.95779332
2018/10/30 14:00,16.16546554
2018/10/30 15:00,12.50551221
2018/10/30 16:00,15.05761807
2018/10/30 17:00,13.11257007
2018/10/30 18:00,14.24902727
2018/10/30 19:00,14.46920258
2018/10/30 20:00,8.938799812
2018/10/30 21:00,5.430174081
2018/10/30 22:00,5.430174081
2018/10/30 23:00,5.430174081
2018/10/31 00:00,5.430174081
2018/10/31 01:00,5.430174081
2018/10/31 02:00,5.430174081
2018/10/31 03:00,5.430174081
2018/10/31 04:00,2.172069632
2018/10/31 05:00,0
2018/10/31 06:00,0
2018/10/31 07:00,3.673765681
2018/10/31 08:00,19.58076103
2018/10/31 09:00,22.32751321
2018/10/31 10:00,23.97666048
2018/10/31 11:00,29.38992894
2018/10/31 12:00,35.57166497
2018/10/31 13:00,34.84709939
2018/10/31 14:00,23.62725827
2018/10/31 15:00,22.30597417
2018/10/31 16:00,24.76051509
2018/10/31 17:00,8.55270493
2018/10/31 18:00,13.64913968
2018/10/31 19:00,13.08272491
2018/10/31 20:00,13.58257013
2018/10/31 21:00,13.36278922
2018/10/31 22:00,10.71996569
2018/10/31 23:00,10.71996569
2018/11/01 00:00,12.71351408
2018/11/01 01:00,7.246674315
2018/11/01 02:00,5.343797468
2018/11/01 03:00,1.425012658
2018/11/01 04:00,0
2018/11/01 05:00,0
2018/11/01 06:00,0
2018/11/01 07:00,0
2018/11/01 08:00,7.536568311
2018/11/01 09:00,13.60140364
2018/11/01 10:00,14.99420016
2018/11/01 11:00,26.71999168
2018/11/01 12:00,26.46831766
2018/11/01 13:00,15.23949116
2018/11/01 14:00,9.941749072
2018/11/01 15:00,5.125858968
2018/11/01 16:00,12.07560643
2018/11/01 17:00,13.34345707
2018/11/01 18:00,14.03157371
2018/11/01 19:00,17.92249359
2018/11/01 20:00,18.8366527
2018/11/01 21:00,17.33705726
2018/11/01 22:00,19.57013584
2018/11/01 23:00,9.036649297
2018/11/02 00:00,5.825766871
2018/11/02 01:00,5.825766871
2018/11/02 02:00,5.825766871
2018/11/02 03:00,5.825766871
2018/11/02 04:00,5.825766871
2018/11/02 05:00,7.37531911
2018/11/02 06:00,3.400162378
2018/11/02 07:00,2.674477612
2018/11/02 08:00,12.65884853
2018/11/02 09:00,17.629079
2018/11/02 10:00,6.545814801
2018/11/02 11:00,12.04763592
2018/11/02 12:00,6.46211868
2018/11/02 13:00,9.279999699
2018/11/02 14:00,10.39184592
2018/11/02 15:00,9.918882166
2018/11/02 16:00,12.30609062
2018/11/02 17:00,9.31500731
2018/11/02 18:00,9.806504905
2018/11/02 19:00,16.60918159
2018/11/02 20:00,13.81649349
2018/11/02 21:00,2.730958904
2018/11/02 22:00,0
2018/11/02 23:00,0
2018/11/03 00:00,0
2018/11/03 01:00,0.386666667
2018/11/03 02:00,0.483333333
2018/11/03 03:00,0
2018/11/03 04:00,0
2018/11/03 05:00,0
2018/11/03 06:00,0
2018/11/03 07:00,0
2018/11/03 08:00,0
2018/11/03 09:00,6.809447514
2018/11/03 10:00,8.788785929
2018/11/03 11:00,13.95575832
2018/11/03 12:00,17.83424746
2018/11/03 13:00,15.11841031
2018/11/03 14:00,22.81097576
2018/11/03 15:00,31.91690258
2018/11/03 16:00,11.64522491
2018/11/03 17:00,9.599369154
2018/11/03 18:00,16.47806695
2018/11/03 19:00,12.09468064
2018/11/03 20:00,4.785900682
2018/11/03 21:00,2.406153846
2018/11/03 22:00,0
2018/11/03 23:00,0
2018/11/04 00:00,0
2018/11/04 01:00,0
2018/11/04 02:00,0
2018/11/04 03:00,0
2018/11/04 04:00,0
2018/11/04 05:00,0
2018/11/04 06:00,0
2018/11/04 07:00,0
2018/11/04 08:00,0
2018/11/04 09:00,5.0988
2018/11/04 10:00,7.994940886
2018/11/04 11:00,21.40198399
2018/11/04 12:00,15.95311907
2018/11/04 13:00,10.74664406
2018/11/04 14:00,15.22842133
2018/11/04 15:00,11.13184076
2018/11/04 16:00,9.202450912
2018/11/04 17:00,4.861798996
2018/11/04 18:00,0
2018/11/04 19:00,0
2018/11/04 20:00,0
2018/11/04 21:00,0
2018/11/04 22:00,0
2018/11/04 23:00,0
2018/11/05 00:00,0
2018/11/05 01:00,0
2018/11/05 02:00,0
2018/11/05 03:00,0
2018/11/05 04:00,0
2018/11/05 05:00,0
2018/11/05 06:00,0
2018/11/05 07:00,5.257237997
2018/11/05 08:00,14.22456446
2018/11/05 09:00,18.07599851
2018/11/05 10:00,17.72388804
2018/11/05 11:00,19.4369903
2018/11/05 12:00,23.61911301
2018/11/05 13:00,23.86438702
2018/11/05 14:00,11.69782065
2018/11/05 15:00,0
2018/11/05 16:00,2.72875
2018/11/05 17:00,0.66798913
2018/11/05 18:00,3.00326087
2018/11/05 19:00,0
2018/11/05 20:00,0
2018/11/05 21:00,0
2018/11/05 22:00,4.322638436
2018/11/05 23:00,5.763517915
2018/11/06 00:00,5.763517915
2018/11/06 01:00,5.763517915
2018/11/06 02:00,5.763517915
2018/11/06 03:00,5.763517915
2018/11/06 04:00,5.763517915
2018/11/06 05:00,6.318163585
2018/11/06 06:00,10.7899321
2018/11/06 07:00,16.92232795
2018/11/06 08:00,13.97418419
2018/11/06 09:00,13.76787155
2018/11/06 10:00,8.466980794
2018/11/06 11:00,2.556443016
2018/11/06 12:00,8.325539556
2018/11/06 13:00,9.026916584
2018/11/06 14:00,1.717894737
2018/11/06 15:00,2.869303638
2018/11/06 16:00,14.97210351
2018/11/06 17:00,9.826204193
2018/11/06 18:00,7.207262986
2018/11/06 19:00,18.83266256
2018/11/06 20:00,18.30806668
2018/11/06 21:00,6.484396438
2018/11/06 22:00,0
2018/11/06 23:00,0
2018/11/07 00:00,0
2018/11/07 01:00,0
2018/11/07 02:00,0
2018/11/07 03:00,0
2018/11/07 04:00,0
2018/11/07 05:00,0
2018/11/07 06:00,0.789808917
2018/11/07 07:00,5.923566879
2018/11/07 08:00,7.250233546
2018/11/07 09:00,10.60691347
2018/11/07 10:00,10.01420446
2018/11/07 11:00,8.499291237
2018/11/07 12:00,16.78185468
2018/11/07 13:00,20.29223329
2018/11/07 14:00,22.63359365
2018/11/07 15:00,11.4073422
2018/11/07 16:00,12.15601528
2018/11/07 17:00,10.63284728
2018/11/07 18:00,18.03406312
2018/11/07 19:00,23.52206168
2018/11/07 20:00,15.46163311
2018/11/07 21:00,12.77974855
2018/11/07 22:00,11.27702128
2018/11/07 23:00,6.01235461
2018/11/08 00:00,5.317021277
2018/11/08 01:00,2.038191489
2018/11/08 02:00,0
2018/11/08 03:00,0
2018/11/08 04:00,0
2018/11/08 05:00,0
2018/11/08 06:00,0
2018/11/08 07:00,0.201136364
2018/11/08 08:00,3.832727273
2018/11/08 09:00,3.854860606
2018/11/08 10:00,3.394376124
2018/11/08 11:00,10.46364161
2018/11/08 12:00,22.4555402
2018/11/08 13:00,21.7379487
2018/11/08 14:00,16.41094128
2018/11/08 15:00,10.96634042
2018/11/08 16:00,11.20262586
2018/11/08 17:00,16.07888838
2018/11/08 18:00,21.54640302
2018/11/08 19:00,27.27100973
2018/11/08 20:00,12.17010292
2018/11/08 21:00,11.20681012
2018/11/08 22:00,1.856647399
2018/11/08 23:00,0
2018/11/09 00:00,1
2018/11/09 01:00,1.5
2018/11/09 02:00,0
2018/11/09 03:00,0
2018/11/09 04:00,0
2018/11/09 05:00,2.121222707
2018/11/09 06:00,3.977292576
2018/11/09 07:00,4.834435434
2018/11/09 08:00,13.76439388
2018/11/09 09:00,12.85170545
2018/11/09 10:00,17.06476752
2018/11/09 11:00,23.72630957
2018/11/09 12:00,22.96007082
2018/11/09 13:00,17.10876223
2018/11/09 14:00,19.80537316
2018/11/09 15:00,9.435932802
2018/11/09 16:00,9.442222262
2018/11/09 17:00,15.00237558
2018/11/09 18:00,33.35046937
2018/11/09 19:00,24.76753709
2018/11/09 20:00,18.600087
2018/11/09 21:00,4.098133462
2018/11/09 22:00,0.358909091
2018/11/09 23:00,0
2018/11/10 00:00,0
2018/11/10 01:00,0
2018/11/10 02:00,0
2018/11/10 03:00,0
2018/11/10 04:00,0
2018/11/10 05:00,0
2018/11/10 06:00,0
2018/11/10 07:00,0
2018/11/10 08:00,0
2018/11/10 09:00,7.105009015
2018/11/10 10:00,13.63221346
2018/11/10 11:00,14.46596072
2018/11/10 12:00,10.15833487
2018/11/10 13:00,21.86716409
2018/11/10 14:00,4.734379073
2018/11/10 15:00,9.455357776
2018/11/10 16:00,13.67626552
2018/11/10 17:00,17.00484581
2018/11/10 18:00,12.42664881
2018/11/10 19:00,4.743820857
2018/11/10 20:00,11.87785548
2018/11/10 21:00,6.170955711
2018/11/10 22:00,0
2018/11/10 23:00,0
2018/11/11 00:00,0
2018/11/11 01:00,0
2018/11/11 02:00,0
2018/11/11 03:00,0
2018/11/11 04:00,0
2018/11/11 05:00,0
2018/11/11 06:00,0
2018/11/11 07:00,0
2018/11/11 08:00,8.087632551
2018/11/11 09:00,8.970704027
2018/11/11 10:00,4.895321958
2018/11/11 11:00,0.875408878
2018/11/11 12:00,12.61610454
2018/11/11 13:00,21.58132686
2018/11/11 14:00,20.3071495
2018/11/11 15:00,18.90702432
2018/11/11 16:00,21.35976586
2018/11/11 17:00,15.9754834
2018/11/11 18:00,14.97208447
2018/11/11 19:00,3.625652174
2018/11/11 20:00,0
2018/11/11 21:00,0
2018/11/11 22:00,0
2018/11/11 23:00,0
2018/11/12 00:00,0
2018/11/12 01:00,0
2018/11/12 02:00,0
2018/11/12 03:00,0
2018/11/12 04:00,0
2018/11/12 05:00,0
2018/11/12 06:00,0
2018/11/12 07:00,0
2018/11/12 08:00,9.23559707
2018/11/12 09:00,14.97161542
2018/11/12 10:00,19.1780861
2018/11/12 11:00,18.52374728
2018/11/12 12:00,8.611135954
2018/11/12 13:00,3.229090909
2018/11/12 14:00,1.560727273
2018/11/12 15:00,0
2018/11/12 16:00,0.291304348
2018/11/12 17:00,1.048695652
2018/11/12 18:00,12.25722409
2018/11/12 19:00,17.31115551
2018/11/12 20:00,11.29752203
2018/11/12 21:00,1.314098361
2018/11/12 22:00,0
2018/11/12 23:00,0
2018/11/13 00:00,0
2018/11/13 01:00,0
2018/11/13 02:00,0
2018/11/13 03:00,0
2018/11/13 04:00,0
2018/11/13 05:00,0.913432836
2018/11/13 06:00,3.044776119
2018/11/13 07:00,3.044776119
2018/11/13 08:00,8.996873028
2018/11/13 09:00,13.42541436
2018/11/13 10:00,18.82049229
2018/11/13 11:00,19.93744414
2018/11/13 12:00,14.05352056
2018/11/13 13:00,9.970726134
2018/11/13 14:00,13.74387195
2018/11/13 15:00,13.85018424
2018/11/13 16:00,10.04838856
2018/11/13 17:00,8.828178983
2018/11/13 18:00,21.38216314
2018/11/13 19:00,18.53601579
2018/11/13 20:00,19.40032336
2018/11/13 21:00,11.50503456
2018/11/13 22:00,1.318383838
2018/11/13 23:00,0
2018/11/14 00:00,0
2018/11/14 01:00,0
2018/11/14 02:00,0
2018/11/14 03:00,0
2018/11/14 04:00,0
2018/11/14 05:00,0
2018/11/14 06:00,0
2018/11/14 07:00,3.735875
2018/11/14 08:00,12.34471204
2018/11/14 09:00,21.07574535
2018/11/14 10:00,18.42451694
2018/11/14 11:00,23.45275582
2018/11/14 12:00,26.38572354
2018/11/14 13:00,17.49166511
2018/11/14 14:00,7.347627329
2018/11/14 15:00,19.02278967
2018/11/14 16:00,16.17732213
2018/11/14 17:00,16.18915114
2018/11/14 18:00,22.60193685
2018/11/14 19:00,18.19239887
2018/11/14 20:00,16.7615821
2018/11/14 21:00,17.34443516
2018/11/14 22:00,17.79250467
2018/11/14 23:00,20.57245554
2018/11/15 00:00,12.6884789
2018/11/15 01:00,10.63619318
2018/11/15 02:00,10.63619318
2018/11/15 03:00,9.194375
2018/11/15 04:00,0.8715625
2018/11/15 05:00,0
2018/11/15 06:00,0
2018/11/15 07:00,3.77429392
2018/11/15 08:00,13.66919063
2018/11/15 09:00,16.38587257
2018/11/15 10:00,8.540101599
2018/11/15 11:00,8.97110483
2018/11/15 12:00,14.82822171
2018/11/15 13:00,9.233396555
2018/11/15 14:00,13.39459447
2018/11/15 15:00,6.653223713
2018/11/15 16:00,4.14338481
2018/11/15 17:00,6.388216567
2018/11/15 18:00,22.61549822
2018/11/15 19:00,12.40384424
2018/11/15 20:00,14.44190704
2018/11/15 21:00,11.01267544
2018/11/15 22:00,0.564473684
2018/11/15 23:00,0
2018/11/16 00:00,0.672
2018/11/16 01:00,0.288
2018/11/16 02:00,0
2018/11/16 03:00,0
2018/11/16 04:00,0
2018/11/16 05:00,1.6575
2018/11/16 06:00,5.85
2018/11/16 07:00,5.85
2018/11/16 08:00,17.56756762
2018/11/16 09:00,19.06292008
2018/11/16 10:00,16.79219892
2018/11/16 11:00,11.21190765
2018/11/16 12:00,10.01747588
2018/11/16 13:00,4.021995744
2018/11/16 14:00,8.303723424
2018/11/16 15:00,10.17305985
2018/11/16 16:00,4.045346177
2018/11/16 17:00,10.00987441
2018/11/16 18:00,19.07443396
2018/11/16 19:00,9.859726131
2018/11/16 20:00,13.02430637
2018/11/16 21:00,11.97684091
2018/11/16 22:00,7.516650502
2018/11/16 23:00,8.37174221
2018/11/17 00:00,6.49049221
2018/11/17 01:00,5.14674221
2018/11/17 02:00,5.14674221
2018/11/17 03:00,5.14674221
2018/11/17 04:00,0.772011331
2018/11/17 05:00,0
2018/11/17 06:00,0
2018/11/17 07:00,0
2018/11/17 08:00,0
2018/11/17 09:00,1.9988
2018/11/17 10:00,9.259694737
2018/11/17 11:00,7.328052578
2018/11/17 12:00,17.08815825
2018/11/17 13:00,24.55081126
2018/11/17 14:00,4.947306666
2018/11/17 15:00,4.219415312
2018/11/17 16:00,11.82063619
2018/11/17 17:00,2.197125
2018/11/17 18:00,5.002105263
2018/11/17 19:00,0.937894737
2018/11/17 20:00,0
2018/11/17 21:00,3.744607143
2018/11/17 22:00,9.910714286
2018/11/17 23:00,4.740428571
2018/11/18 00:00,2.56425
2018/11/18 01:00,0
2018/11/18 02:00,0
2018/11/18 03:00,0
2018/11/18 04:00,0
2018/11/18 05:00,0
2018/11/18 06:00,0
2018/11/18 07:00,0
2018/11/18 08:00,0
2018/11/18 09:00,3.8871
2018/11/18 10:00,5.601796992
2018/11/18 11:00,10.09532368
2018/11/18 12:00,20.76746312
2018/11/18 13:00,9.886862368
2018/11/18 14:00,8.231336626
2018/11/18 15:00,9.195742297
2018/11/18 16:00,10.23288515
2018/11/18 17:00,4.559882945
2018/11/18 18:00,11.39342238
2018/11/18 19:00,3.497936508
2018/11/18 20:00,0
2018/11/18 21:00,0
2018/11/18 22:00,0
2018/11/18 23:00,0
2018/11/19 00:00,0
2018/11/19 01:00,0
2018/11/19 02:00,0
2018/11/19 03:00,0
2018/11/19 04:00,0
2018/11/19 05:00,0
2018/11/19 06:00,0.496099291
2018/11/19 07:00,8.369082962
2018/11/19 08:00,17.1637419
2018/11/19 09:00,23.59996782
2018/11/19 10:00,20.32341026
2018/11/19 11:00,21.04194448
2018/11/19 12:00,18.61786459
2018/11/19 13:00,22.55259635
2018/11/19 14:00,16.28631915
2018/11/19 15:00,22.66407922
2018/11/19 16:00,23.27116244
2018/11/19 17:00,14.04179877
2018/11/19 18:00,14.90450532
2018/11/19 19:00,18.02478149
2018/11/19 20:00,13.04365103
2018/11/19 21:00,6.007818456
2018/11/19 22:00,4.694117647
2018/11/19 23:00,4.694117647
2018/11/20 00:00,4.694117647
2018/11/20 01:00,4.694117647
2018/11/20 02:00,4.694117647
2018/11/20 03:00,4.694117647
2018/11/20 04:00,4.694117647
2018/11/20 05:00,0.782352941
2018/11/20 06:00,0
2018/11/20 07:00,4.271692903
2018/11/20 08:00,8.464219506
2018/11/20 09:00,3.862773723
2018/11/20 10:00,3.073664001
2018/11/20 11:00,2.698038715
2018/11/20 12:00,8.999174794
2018/11/20 13:00,5.694031698
2018/11/20 14:00,12.77938566
2018/11/20 15:00,13.28617393
2018/11/20 16:00,2.32084507
2018/11/20 17:00,3.287578947
2018/11/20 18:00,14.06431232
2018/11/20 19:00,10.95810873
2018/11/20 20:00,5.753289474
2018/11/20 21:00,6.513157895
2018/11/20 22:00,4.233552632
2018/11/20 23:00,0
2018/11/21 00:00,0
2018/11/21 01:00,0
2018/11/21 02:00,0
2018/11/21 03:00,0
2018/11/21 04:00,0
2018/11/21 05:00,0
2018/11/21 06:00,0.884117647
2018/11/21 07:00,5.894117647
2018/11/21 08:00,5.894117647
2018/11/21 09:00,9.873431763
2018/11/21 10:00,0.417419355
2018/11/21 11:00,1.918269231
2018/11/21 12:00,8.465430017
2018/11/21 13:00,11.77877121
2018/11/21 14:00,12.32061344
2018/11/21 15:00,5.5392419
2018/11/21 16:00,9.183967129
2018/11/21 17:00,9.890233681
2018/11/21 18:00,8.584406723
2018/11/21 19:00,9.929212851
2018/11/21 20:00,9.326120482
2018/11/21 21:00,2.878733333
2018/11/21 22:00,0
2018/11/21 23:00,0
2018/11/22 00:00,0
2018/11/22 01:00,0
2018/11/22 02:00,0
2018/11/22 03:00,0
2018/11/22 04:00,0
2018/11/22 05:00,0
2018/11/22 06:00,0.324953271
2018/11/22 07:00,6.499065421
2018/11/22 08:00,4.765981308
2018/11/22 09:00,0
2018/11/22 10:00,0
2018/11/22 11:00,2.685147059
2018/11/22 12:00,6.827993437
2018/11/22 13:00,5.434710744
2018/11/22 14:00,5.434710744
2018/11/22 15:00,8.53153771
2018/11/22 16:00,10.95228378
2018/11/22 17:00,9.010710744
2018/11/22 18:00,3.632905785
2018/11/22 19:00,0
2018/11/22 20:00,0
2018/11/22 21:00,0
2018/11/22 22:00,0
2018/11/22 23:00,0
2018/11/23 00:00,0
2018/11/23 01:00,0
2018/11/23 02:00,0
2018/11/23 03:00,0
2018/11/23 04:00,0
2018/11/23 05:00,0
2018/11/23 06:00,0
2018/11/23 07:00,0
2018/11/23 08:00,0
2018/11/23 09:00,0
2018/11/23 10:00,3.011076923
2018/11/23 11:00,3.226153846
2018/11/23 12:00,3.812409626
2018/11/23 13:00,4.600359604
2018/11/23 14:00,2.604128723
2018/11/23 15:00,4.510044505
2018/11/23 16:00,2.185826772
2018/11/23 17:00,6.009722222
2018/11/23 18:00,21.3205778
2018/11/23 19:00,23.76076797
2018/11/23 20:00,14.63385004
2018/11/23 21:00,3.365081967
2018/11/23 22:00,0
2018/11/23 23:00,0
2018/11/24 00:00,0
2018/11/24 01:00,0
2018/11/24 02:00,0
2018/11/24 03:00,0
2018/11/24 04:00,0
2018/11/24 05:00,0
2018/11/24 06:00,0
2018/11/24 07:00,0.372525253
2018/11/24 08:00,5.697001595
2018/11/24 09:00,6.260473153
2018/11/24 10:00,0
2018/11/24 11:00,6.928214286
2018/11/24 12:00,4.343571429
2018/11/24 13:00,7.452482755
2018/11/24 14:00,7.315731531
2018/11/24 15:00,0.701707317
2018/11/24 16:00,6.486385662
2018/11/24 17:00,11.58938963
2018/11/24 18:00,4.667168557
2018/11/24 19:00,7.682464495
2018/11/24 20:00,10.94529722
2018/11/24 21:00,12.23717769
2018/11/24 22:00,11.98320513
2018/11/24 23:00,2.217204301
2018/11/25 00:00,0
2018/11/25 01:00,0
2018/11/25 02:00,0
2018/11/25 03:00,0
2018/11/25 04:00,0
2018/11/25 05:00,0
2018/11/25 06:00,0
2018/11/25 07:00,0
2018/11/25 08:00,4.201456974
2018/11/25 09:00,6.62665424
2018/11/25 10:00,6.01766566
2018/11/25 11:00,4.605118746
2018/11/25 12:00,0.83910438
2018/11/25 13:00,0.42
2018/11/25 14:00,1.2
2018/11/25 15:00,0.945409836
2018/11/25 16:00,5.884590164
2018/11/25 17:00,10.36938335
2018/11/25 18:00,12.7794393
2018/11/25 19:00,4.84117735
2018/11/25 20:00,0
2018/11/25 21:00,0
2018/11/25 22:00,0
2018/11/25 23:00,0
2018/11/26 00:00,0
2018/11/26 01:00,0
2018/11/26 02:00,0
2018/11/26 03:00,0
2018/11/26 04:00,0
2018/11/26 05:00,0
2018/11/26 06:00,0
2018/11/26 07:00,0.874083109
2018/11/26 08:00,14.01464112
2018/11/26 09:00,20.50706402
2018/11/26 10:00,31.4695893
2018/11/26 11:00,27.62909993
2018/11/26 12:00,16.7691541
2018/11/26 13:00,17.01556043
2018/11/26 14:00,11.1602647
2018/11/26 15:00,8.165133503
2018/11/26 16:00,6.64615961
2018/11/26 17:00,12.61308389
2018/11/26 18:00,14.96142872
2018/11/26 19:00,12.1647295
2018/11/26 20:00,12.2495019
2018/11/26 21:00,10.77191948
2018/11/26 22:00,6.387239187
2018/11/26 23:00,5.346099291
2018/11/27 00:00,5.346099291
2018/11/27 01:00,5.346099291
2018/11/27 02:00,2.673049645
2018/11/27 03:00,0
2018/11/27 04:00,0
2018/11/27 05:00,0.11
2018/11/27 06:00,1.940555556
2018/11/27 07:00,3.049444444
2018/11/27 08:00,0
2018/11/27 09:00,9.386151195
2018/11/27 10:00,17.44392331
2018/11/27 11:00,15.11514201
2018/11/27 12:00,18.03897384
2018/11/27 13:00,9.583626859
2018/11/27 14:00,8.916552724
2018/11/27 15:00,8.006374307
2018/11/27 16:00,9.566149089
2018/11/27 17:00,4.62654359
2018/11/27 18:00,3.404383454
2018/11/27 19:00,6.580575849
2018/11/27 20:00,9.655690641
2018/11/27 21:00,6.4449829
2018/11/27 22:00,0.240930233
2018/11/27 23:00,0
2018/11/28 00:00,0
2018/11/28 01:00,0
2018/11/28 02:00,0
2018/11/28 03:00,0
2018/11/28 04:00,0
2018/11/28 05:00,0
2018/11/28 06:00,0
2018/11/28 07:00,1.962080698
2018/11/28 08:00,9.472681719
2018/11/28 09:00,19.38367109
2018/11/28 10:00,13.40678388
2018/11/28 11:00,1.374782609
2018/11/28 12:00,0
2018/11/28 13:00,4.844615385
2018/11/28 14:00,10.18200235
2018/11/28 15:00,15.2782482
2018/11/28 16:00,19.59385398
2018/11/28 17:00,8.481280094
2018/11/28 18:00,9.452043431
2018/11/28 19:00,18.98863075
2018/11/28 20:00,19.84829353
2018/11/28 21:00,10.66790729
2018/11/28 22:00,5.422961066
2018/11/28 23:00,0.120327869
2018/11/29 00:00,0
2018/11/29 01:00,0
2018/11/29 02:00,0
2018/11/29 03:00,0
2018/11/29 04:00,0
2018/11/29 05:00,1.001308901
2018/11/29 06:00,4.387977538
2018/11/29 07:00,12.9781212
2018/11/29 08:00,14.69719885
2018/11/29 09:00,14.83263506
2018/11/29 10:00,7.948026738
2018/11/29 11:00,9.569653891
2018/11/29 12:00,9.825386519
2018/11/29 13:00,11.18007225
2018/11/29 14:00,6.742095238
2018/11/29 15:00,6.131428571
2018/11/29 16:00,10.69347634
2018/11/29 17:00,11.94586148
2018/11/29 18:00,28.05640682
2018/11/29 19:00,19.5731976
2018/11/29 20:00,6.834181968
2018/11/29 21:00,2.187896254
2018/11/29 22:00,2.187896254
2018/11/29 23:00,2.187896254
2018/11/30 00:00,2.187896254
2018/11/30 01:00,2.187896254
2018/11/30 02:00,2.187896254
2018/11/30 03:00,2.187896254
2018/11/30 04:00,2.187896254
2018/11/30 05:00,2.187896254
2018/11/30 06:00,2.187896254
2018/11/30 07:00,4.963108754
2018/11/30 08:00,12.06425387
2018/11/30 09:00,20.21499477
2018/11/30 10:00,23.10187952
2018/11/30 11:00,13.01209456
2018/11/30 12:00,19.8161116
2018/11/30 13:00,22.08091014
2018/11/30 14:00,23.24084748
2018/11/30 15:00,9.877224241
2018/11/30 16:00,3.182762325
2018/11/30 17:00,9.172131032
2018/11/30 18:00,27.5821248
2018/11/30 19:00,26.46987116
2018/11/30 20:00,9.055440015
2018/11/30 21:00,5.074244898
2018/11/30 22:00,6.682693878
2018/11/30 23:00,5.834693878
2018/12/01 00:00,2.528367347
2018/12/01 01:00,0.3
2018/12/01 02:00,2.7
2018/12/01 03:00,0
2018/12/01 04:00,0
2018/12/01 05:00,0
2018/12/01 06:00,0
2018/12/01 07:00,0
2018/12/01 08:00,0
2018/12/01 09:00,8.534755156
2018/12/01 10:00,17.47300768
2018/12/01 11:00,10.44599392
2018/12/01 12:00,11.1872364
2018/12/01 13:00,6.767039629
2018/12/01 14:00,3.217596832
2018/12/01 15:00,8.804767173
2018/12/01 16:00,10.44861339
2018/12/01 17:00,21.91110501
2018/12/01 18:00,31.48522959
2018/12/01 19:00,26.50451618
2018/12/01 20:00,16.76675875
2018/12/01 21:00,1.363380282
2018/12/01 22:00,0
2018/12/01 23:00,0
2018/12/02 00:00,0
2018/12/02 01:00,1.244285714
2018/12/02 02:00,0.095714286
2018/12/02 03:00,0
2018/12/02 04:00,0
2018/12/02 05:00,0
2018/12/02 06:00,0
2018/12/02 07:00,0
2018/12/02 08:00,5.58744441
2018/12/02 09:00,10.45302547
2018/12/02 10:00,17.33992307
2018/12/02 11:00,28.5343651
2018/12/02 12:00,27.0683438
2018/12/02 13:00,31.9545115
2018/12/02 14:00,17.08164251
2018/12/02 15:00,7.378776929
2018/12/02 16:00,4.26504
2018/12/02 17:00,9.878673171
2018/12/02 18:00,15.59195495
2018/12/02 19:00,12.05051642
2018/12/02 20:00,5.10074813
2018/12/02 21:00,5.10074813
2018/12/02 22:00,5.10074813
2018/12/02 23:00,5.10074813
2018/12/03 00:00,5.10074813
2018/12/03 01:00,0.510074813
2018/12/03 02:00,0
2018/12/03 03:00,0
2018/12/03 04:00,0
2018/12/03 05:00,2.515882353
2018/12/03 06:00,4.312941176
2018/12/03 07:00,4.368535046
2018/12/03 08:00,14.09893443
2018/12/03 09:00,24.53023736
2018/12/03 10:00,21.13653988
2018/12/03 11:00,27.79501862
2018/12/03 12:00,22.73135868
2018/12/03 13:00,16.38415325
2018/12/03 14:00,13.31957866
2018/12/03 15:00,15.45418392
2018/12/03 16:00,12.71945998
2018/12/03 17:00,11.31965385
2018/12/03 18:00,12.89355799
2018/12/03 19:00,13.8758112
2018/12/03 20:00,9.379986923
2018/12/03 21:00,0
2018/12/03 22:00,0
2018/12/03 23:00,0
2018/12/04 00:00,0
2018/12/04 01:00,0
2018/12/04 02:00,0
2018/12/04 03:00,0
2018/12/04 04:00,0
2018/12/04 05:00,0.84765625
2018/12/04 06:00,3.390625
2018/12/04 07:00,7.420956126
2018/12/04 08:00,13.19291244
2018/12/04 09:00,16.26429468
2018/12/04 10:00,14.58406928
2018/12/04 11:00,9.804924817
2018/12/04 12:00,5.033949975
2018/12/04 13:00,15.48370163
2018/12/04 14:00,16.75195613
2018/12/04 15:00,15.16713216
2018/12/04 16:00,15.46822094
2018/12/04 17:00,15.38439341
2018/12/04 18:00,18.60583997
2018/12/04 19:00,13.04040467
2018/12/04 20:00,4.904299956
2018/12/04 21:00,3.184662577
2018/12/04 22:00,0
2018/12/04 23:00,0
2018/12/05 00:00,0
2018/12/05 01:00,0
2018/12/05 02:00,0
2018/12/05 03:00,0
2018/12/05 04:00,0
2018/12/05 05:00,0
2018/12/05 06:00,0
2018/12/05 07:00,4.547231487
2018/12/05 08:00,11.67691274
2018/12/05 09:00,10.05501248
2018/12/05 10:00,7.258043291
2018/12/05 11:00,6.247304527
2018/12/05 12:00,9.095165158
2018/12/05 13:00,12.52899925
2018/12/05 14:00,8.666008097
2018/12/05 15:00,19.56327258
2018/12/05 16:00,16.36816276
2018/12/05 17:00,25.35861237
2018/12/05 18:00,22.56989038
2018/12/05 19:00,18.27977009
2018/12/05 20:00,17.71425469
2018/12/05 21:00,8.93259789
2018/12/05 22:00,4.955952771
2018/12/05 23:00,1.397381342
2018/12/06 00:00,1.403291412
2018/12/06 01:00,0.696315789
2018/12/06 02:00,0
2018/12/06 03:00,0
2018/12/06 04:00,0
2018/12/06 05:00,0.544806202
2018/12/06 06:00,2.334883721
2018/12/06 07:00,5.313251254
2018/12/06 08:00,5.238711716
2018/12/06 09:00,5.34263184
2018/12/06 10:00,7.662423584
2018/12/06 11:00,5.783472952
2018/12/06 12:00,9.117766649
2018/12/06 13:00,12.75356087
2018/12/06 14:00,19.89698918
2018/12/06 15:00,27.00014385
2018/12/06 16:00,28.76919098
2018/12/06 17:00,17.86316009
2018/12/06 18:00,15.94194641
2018/12/06 19:00,22.4941712
2018/12/06 20:00,11.14677736
2018/12/06 21:00,3.757650602
2018/12/06 22:00,0
2018/12/06 23:00,5.508037383
2018/12/07 00:00,5.611962617
2018/12/07 01:00,0
2018/12/07 02:00,0
2018/12/07 03:00,0
2018/12/07 04:00,0
2018/12/07 05:00,1.716644295
2018/12/07 06:00,4.753701662
2018/12/07 07:00,10.6540588
2018/12/07 08:00,12.62035089
2018/12/07 09:00,19.26516454
2018/12/07 10:00,23.02005742
2018/12/07 11:00,27.85253172
2018/12/07 12:00,17.29686673
2018/12/07 13:00,19.50563517
2018/12/07 14:00,33.51416367
2018/12/07 15:00,12.05900467
2018/12/07 16:00,8.337013804
2018/12/07 17:00,18.83883959
2018/12/07 18:00,32.17925138
2018/12/07 19:00,27.25709113
2018/12/07 20:00,23.76732353
2018/12/07 21:00,10.95583429
2018/12/07 22:00,5.087309909
2018/12/07 23:00,9.28900005
2018/12/08 00:00,9.28900005
2018/12/08 01:00,9.28900005
2018/12/08 02:00,9.28900005
2018/12/08 03:00,9.28900005
2018/12/08 04:00,8.525056388
2018/12/08 05:00,1.725290629
2018/12/08 06:00,0
2018/12/08 07:00,0
2018/12/08 08:00,0
2018/12/08 09:00,0
2018/12/08 10:00,0.515964488
2018/12/08 11:00,8.443289117
2018/12/08 12:00,6.553560907
2018/12/08 13:00,7.406432519
2018/12/08 14:00,9.136299866
2018/12/08 15:00,23.08382817
2018/12/08 16:00,20.0700284
2018/12/08 17:00,26.58395602
2018/12/08 18:00,26.96947703
2018/12/08 19:00,18.84565617
2018/12/08 20:00,17.60994688
2018/12/08 21:00,15.05743874
2018/12/08 22:00,14.08718139
2018/12/08 23:00,12.34012256
2018/12/09 00:00,8.578561588
2018/12/09 01:00,3.13660804
2018/12/09 02:00,0
2018/12/09 03:00,0
2018/12/09 04:00,0
2018/12/09 05:00,0
2018/12/09 06:00,0
2018/12/09 07:00,0
2018/12/09 08:00,7.598249944
2018/12/09 09:00,16.03360062
2018/12/09 10:00,19.13365272
2018/12/09 11:00,28.97359843
2018/12/09 12:00,38.56978362
2018/12/09 13:00,37.76818159
2018/12/09 14:00,17.9470783
2018/12/09 15:00,23.50880277
2018/12/09 16:00,22.42064596
2018/12/09 17:00,19.55547637
2018/12/09 18:00,5.217263761
2018/12/09 19:00,6.589491525
2018/12/09 20:00,0.551864407
2018/12/09 21:00,0
2018/12/09 22:00,0
2018/12/09 23:00,0
2018/12/10 00:00,0
2018/12/10 01:00,0
2018/12/10 02:00,0
2018/12/10 03:00,0
2018/12/10 04:00,0
2018/12/10 05:00,0
2018/12/10 06:00,1.980818876
2018/12/10 07:00,6.18276891
2018/12/10 08:00,8.349127307
2018/12/10 09:00,9.246223515
2018/12/10 10:00,16.31342245
2018/12/10 11:00,22.32243045
2018/12/10 12:00,19.66381375
2018/12/10 13:00,11.6045392
2018/12/10 14:00,10.05056085
2018/12/10 15:00,16.71087177
2018/12/10 16:00,13.24454034
2018/12/10 17:00,18.55916239
2018/12/10 18:00,16.45466578
2018/12/10 19:00,14.07802364
2018/12/10 20:00,9.872156983
2018/12/10 21:00,5.187765957
2018/12/10 22:00,5.187765957
2018/12/10 23:00,5.187765957
2018/12/11 00:00,5.187765957
2018/12/11 01:00,4.582526596
2018/12/11 02:00,0
2018/12/11 03:00,0
2018/12/11 04:00,0
2018/12/11 05:00,0.565059524
2018/12/11 06:00,7.349297329
2018/12/11 07:00,14.11151906
2018/12/11 08:00,24.18707991
2018/12/11 09:00,21.62473617
2018/12/11 10:00,24.31079052
2018/12/11 11:00,18.54909844
2018/12/11 12:00,15.73749777
2018/12/11 13:00,16.79672148
2018/12/11 14:00,17.97024204
2018/12/11 15:00,25.4272309
2018/12/11 16:00,21.51855857
2018/12/11 17:00,15.44595208
2018/12/11 18:00,12.3966271
2018/12/11 19:00,18.48302459
2018/12/11 20:00,8.485135955
2018/12/11 21:00,0.110588235
2018/12/11 22:00,0
2018/12/11 23:00,0
2018/12/12 00:00,0
2018/12/12 01:00,0
2018/12/12 02:00,0
2018/12/12 03:00,0
2018/12/12 04:00,0
2018/12/12 05:00,2.355265487
2018/12/12 06:00,7.645288262
2018/12/12 07:00,12.37517861
2018/12/12 08:00,14.82772765
2018/12/12 09:00,10.61906598
2018/12/12 10:00,19.59626944
2018/12/12 11:00,21.95222531
2018/12/12 12:00,16.56184754
2018/12/12 13:00,13.11442333
2018/12/12 14:00,16.11573822
2018/12/12 15:00,11.42018812
2018/12/12 16:00,14.72089683
2018/12/12 17:00,22.40141563
2018/12/12 18:00,17.74465703
2018/12/12 19:00,14.27089547
2018/12/12 20:00,11.90248638
2018/12/12 21:00,6.105531835
2018/12/12 22:00,6.318810964
2018/12/12 23:00,5.967032967
2018/12/13 00:00,0.895054945
2018/12/13 01:00,0
2018/12/13 02:00,0
2018/12/13 03:00,0
2018/12/13 04:00,0
2018/12/13 05:00,0.754802215
2018/12/13 06:00,4.347223101
2018/12/13 07:00,5.408653612
2018/12/13 08:00,27.79373248
2018/12/13 09:00,34.28935213
2018/12/13 10:00,23.34598921
2018/12/13 11:00,23.95936046
2018/12/13 12:00,23.37730917
2018/12/13 13:00,16.43164225
2018/12/13 14:00,7.876765
2018/12/13 15:00,7.787226948
2018/12/13 16:00,23.66164004
2018/12/13 17:00,33.11622983
2018/12/13 18:00,30.31705772
2018/12/13 19:00,20.19369161
2018/12/13 20:00,13.87724843
2018/12/13 21:00,8.33255814
2018/12/13 22:00,4.009147287
2018/12/13 23:00,0
2018/12/14 00:00,0
2018/12/14 01:00,0
2018/12/14 02:00,0
2018/12/14 03:00,0
2018/12/14 04:00,0
2018/12/14 05:00,0
2018/12/14 06:00,2.963793103
2018/12/14 07:00,10.73813207
2018/12/14 08:00,19.97221897
2018/12/14 09:00,29.6085455
2018/12/14 10:00,34.52690927
2018/12/14 11:00,35.34065845
2018/12/14 12:00,27.04805356
2018/12/14 13:00,18.16901134
2018/12/14 14:00,13.82236641
2018/12/14 15:00,13.56650689
2018/12/14 16:00,6.937916645
2018/12/14 17:00,9.928715003
2018/12/14 18:00,15.22282741
2018/12/14 19:00,11.57275448
2018/12/14 20:00,5.631590909
2018/12/14 21:00,0
2018/12/14 22:00,0
2018/12/14 23:00,0
2018/12/15 00:00,0
2018/12/15 01:00,0
2018/12/15 02:00,0
2018/12/15 03:00,0
2018/12/15 04:00,0
2018/12/15 05:00,0
2018/12/15 06:00,0
2018/12/15 07:00,0.045591398
2018/12/15 08:00,5.00312538
2018/12/15 09:00,5.805372972
2018/12/15 10:00,5.614964304
2018/12/15 11:00,5.902778558
2018/12/15 12:00,13.5396662
2018/12/15 13:00,15.96180307
2018/12/15 14:00,14.86336585
2018/12/15 15:00,12.80517599
2018/12/15 16:00,3.791766667
2018/12/15 17:00,5.586
2018/12/15 18:00,6.098552381
2018/12/15 19:00,8.755047619
2018/12/15 20:00,4.0664
2018/12/15 21:00,0
2018/12/15 22:00,2.739967427
2018/12/15 23:00,4.981758958
2018/12/16 00:00,4.981758958
2018/12/16 01:00,5.816880909
2018/12/16 02:00,8.426637006
2018/12/16 03:00,2.822996743
2018/12/16 04:00,0
2018/12/16 05:00,0
2018/12/16 06:00,0
2018/12/16 07:00,0
2018/12/16 08:00,4.948308744
2018/12/16 09:00,10.46058042
2018/12/16 10:00,8.459385065
2018/12/16 11:00,16.64578715
2018/12/16 12:00,15.6769522
2018/12/16 13:00,16.71237652
2018/12/16 14:00,14.86047174
2018/12/16 15:00,12.18666912
2018/12/16 16:00,5.940619475
2018/12/16 17:00,0.27739726
2018/12/16 18:00,3.328767123
2018/12/16 19:00,2.124727336
2018/12/16 20:00,3.477707006
2018/12/16 21:00,3.477707006
2018/12/16 22:00,0.463694268
2018/12/16 23:00,0
2018/12/17 00:00,0
2018/12/17 01:00,0
2018/12/17 02:00,0
2018/12/17 03:00,0
2018/12/17 04:00,0
2018/12/17 05:00,2.07321267
2018/12/17 06:00,6.116803017
2018/12/17 07:00,7.111900909
2018/12/17 08:00,21.98094992
2018/12/17 09:00,24.63237106
2018/12/17 10:00,17.9361647
2018/12/17 11:00,15.22183184
2018/12/17 12:00,19.18979913
2018/12/17 13:00,16.55759278
2018/12/17 14:00,6.418462473
2018/12/17 15:00,6.034723886
2018/12/17 16:00,10.69237766
2018/12/17 17:00,10.28352151
2018/12/17 18:00,15.76805518
2018/12/17 19:00,21.95657715
2018/12/17 20:00,21.05555891
2018/12/17 21:00,4.755232357
2018/12/17 22:00,0
2018/12/17 23:00,0
2018/12/18 00:00,2.902666667
2018/12/18 01:00,0.837333333
2018/12/18 02:00,5.4
2018/12/18 03:00,0.9
2018/12/18 04:00,0
2018/12/18 05:00,0
2018/12/18 06:00,9.544238328
2018/12/18 07:00,11.95367989
2018/12/18 08:00,14.27711957
2018/12/18 09:00,20.68213779
2018/12/18 10:00,18.24979542
2018/12/18 11:00,24.90572155
2018/12/18 12:00,23.90152077
2018/12/18 13:00,14.1372017
2018/12/18 14:00,18.59249948
2018/12/18 15:00,9.006626196
2018/12/18 16:00,8.422261556
2018/12/18 17:00,20.15364926
2018/12/18 18:00,24.12608945
2018/12/18 19:00,27.71546107
2018/12/18 20:00,17.85884575
2018/12/18 21:00,11.22455834
2018/12/18 22:00,7.127630149
2018/12/18 23:00,5.310755149
2018/12/19 00:00,5.310755149
2018/12/19 01:00,5.310755149
2018/12/19 02:00,1.150663616
2018/12/19 03:00,4.199871795
2018/12/19 04:00,3.790128205
2018/12/19 05:00,1.982281553
2018/12/19 06:00,11.42631209
2018/12/19 07:00,6.773057737
2018/12/19 08:00,13.75767636
2018/12/19 09:00,30.45573512
2018/12/19 10:00,24.9919318
2018/12/19 11:00,23.05101386
2018/12/19 12:00,32.12746806
2018/12/19 13:00,33.26820346
2018/12/19 14:00,38.11459046
2018/12/19 15:00,40.58023824
2018/12/19 16:00,32.63254945
2018/12/19 17:00,23.38636263
2018/12/19 18:00,41.08577898
2018/12/19 19:00,42.50203126
2018/12/19 20:00,13.70841766
2018/12/19 21:00,12.1712896
2018/12/19 22:00,8.464495641
2018/12/19 23:00,0
2018/12/20 00:00,0
2018/12/20 01:00,0
2018/12/20 02:00,0
2018/12/20 03:00,0
2018/12/20 04:00,0.754156379
2018/12/20 05:00,4.271762065
2018/12/20 06:00,6.48630752
2018/12/20 07:00,12.85822651
2018/12/20 08:00,20.55593764
2018/12/20 09:00,22.97872439
2018/12/20 10:00,23.11739992
2018/12/20 11:00,16.15279617
2018/12/20 12:00,21.63231362
2018/12/20 13:00,17.98905868
2018/12/20 14:00,23.74983375
2018/12/20 15:00,15.19017436
2018/12/20 16:00,9.135352698
2018/12/20 17:00,21.80557244
2018/12/20 18:00,25.67570773
2018/12/20 19:00,23.12375428
2018/12/20 20:00,13.97105369
2018/12/20 21:00,12.24248765
2018/12/20 22:00,5.837211842
2018/12/20 23:00,4.022168675
2018/12/21 00:00,0
2018/12/21 01:00,0
2018/12/21 02:00,0
2018/12/21 03:00,0
2018/12/21 04:00,0
2018/12/21 05:00,0.104153846
2018/12/21 06:00,6.249230769
2018/12/21 07:00,7.423104647
2018/12/21 08:00,19.20598733
2018/12/21 09:00,42.12057806
2018/12/21 10:00,42.90079229
2018/12/21 11:00,34.90874281
2018/12/21 12:00,34.53223007
2018/12/21 13:00,40.70592384
2018/12/21 14:00,37.4910461
2018/12/21 15:00,27.58319322
2018/12/21 16:00,16.25084558
2018/12/21 17:00,11.63076184
2018/12/21 18:00,15.88334817
2018/12/21 19:00,13.38601336
2018/12/21 20:00,5.703452524
2018/12/21 21:00,2.570595533
2018/12/21 22:00,0
2018/12/21 23:00,0
2018/12/22 00:00,0
2018/12/22 01:00,0
2018/12/22 02:00,0
2018/12/22 03:00,0
2018/12/22 04:00,0
2018/12/22 05:00,0
2018/12/22 06:00,0
2018/12/22 07:00,0
2018/12/22 08:00,0
2018/12/22 09:00,2.259230769
2018/12/22 10:00,7.485451049
2018/12/22 11:00,11.24547703
2018/12/22 12:00,22.92033347
2018/12/22 13:00,14.17798215
2018/12/22 14:00,14.67152554
2018/12/22 15:00,8.84255814
2018/12/22 16:00,0.40744186
2018/12/22 17:00,2.851940468
2018/12/22 18:00,17.26906764
2018/12/22 19:00,9.034469697
2018/12/22 20:00,2.4675
2018/12/22 21:00,0
2018/12/22 22:00,0
2018/12/22 23:00,0
2018/12/23 00:00,0.902555205
2018/12/23 01:00,4.923028391
2018/12/23 02:00,4.923028391
2018/12/23 03:00,4.923028391
2018/12/23 04:00,4.923028391
2018/12/23 05:00,4.923028391
2018/12/23 06:00,0.492302839
2018/12/23 07:00,0
2018/12/23 08:00,4.379599918
2018/12/23 09:00,9.445164078
2018/12/23 10:00,12.22705419
2018/12/23 11:00,13.38098578
2018/12/23 12:00,28.31894494
2018/12/23 13:00,19.36412489
2018/12/23 14:00,22.1013073
2018/12/23 15:00,20.08780587
2018/12/23 16:00,26.61515451
2018/12/23 17:00,26.37810351
2018/12/23 18:00,19.31058249
2018/12/23 19:00,18.86714208
2018/12/23 20:00,6.924030443
2018/12/23 21:00,0
2018/12/23 22:00,0
2018/12/23 23:00,0
2018/12/24 00:00,0
2018/12/24 01:00,0
2018/12/24 02:00,0
2018/12/24 03:00,0
2018/12/24 04:00,0
2018/12/24 05:00,2.104761905
2018/12/24 06:00,4.20952381
2018/12/24 07:00,7.252894596
2018/12/24 08:00,12.73782875
2018/12/24 09:00,11.59850802
2018/12/24 10:00,6.831299484
2018/12/24 11:00,3.76525692
2018/12/24 12:00,8.319293009
2018/12/24 13:00,16.37193975
2018/12/24 14:00,11.36953996
2018/12/24 15:00,5.612740794
2018/12/24 16:00,3.658378378
2018/12/24 17:00,3.3168006
2018/12/24 18:00,11.96882177
2018/12/24 19:00,15.13834275
2018/12/24 20:00,2.327440285
2018/12/24 21:00,0
2018/12/24 22:00,0
2018/12/24 23:00,0
2018/12/25 00:00,0
2018/12/25 01:00,0
2018/12/25 02:00,0
2018/12/25 03:00,0
2018/12/25 04:00,0
2018/12/25 05:00,0
2018/12/25 06:00,0
2018/12/25 07:00,0
2018/12/25 08:00,1.906666667
2018/12/25 09:00,3.010526316
2018/12/25 10:00,1.76011471
2018/12/25 11:00,1.662692308
2018/12/25 12:00,3.78763229
2018/12/25 13:00,9.746003496
2018/12/25 14:00,6.328709589
2018/12/25 15:00,12.43686371
2018/12/25 16:00,3.436560145
2018/12/25 17:00,2.109685315
2018/12/25 18:00,6.018181818
2018/12/25 19:00,5.416363636
2018/12/25 20:00,0
2018/12/25 21:00,0
2018/12/25 22:00,0
2018/12/25 23:00,0
2018/12/26 00:00,0
2018/12/26 01:00,0
2018/12/26 02:00,0
2018/12/26 03:00,0
2018/12/26 04:00,0
2018/12/26 05:00,1.291987179
2018/12/26 06:00,2.673076923
2018/12/26 07:00,8.202525742
2018/12/26 08:00,7.634114577
2018/12/26 09:00,9.536274302
2018/12/26 10:00,1.992021277
2018/12/26 11:00,0
2018/12/26 12:00,3.769066667
2018/12/26 13:00,16.1556274
2018/12/26 14:00,13.16445575
2018/12/26 15:00,6.255479816
2018/12/26 16:00,5.347234914
2018/12/26 17:00,11.29880399
2018/12/26 18:00,14.98240033
2018/12/26 19:00,6.955614618
2018/12/26 20:00,2.031395349
2018/12/26 21:00,0
2018/12/26 22:00,0
2018/12/26 23:00,0
2018/12/27 00:00,0
2018/12/27 01:00,0
2018/12/27 02:00,0
2018/12/27 03:00,0
2018/12/27 04:00,0
2018/12/27 05:00,0.106262626
2018/12/27 06:00,1.593939394
2018/12/27 07:00,1.784306177
2018/12/27 08:00,15.3225173
2018/12/27 09:00,21.91321009
2018/12/27 10:00,13.72329547
2018/12/27 11:00,9.502937964
2018/12/27 12:00,10.15082902
2018/12/27 13:00,10.34193179
2018/12/27 14:00,16.7548955
2018/12/27 15:00,9.123372347
2018/12/27 16:00,15.66054439
2018/12/27 17:00,11.45844733
2018/12/27 18:00,22.3997923
2018/12/27 19:00,25.1454393
2018/12/27 20:00,14.65631009
2018/12/27 21:00,6.978910088
2018/12/27 22:00,5.653058824
2018/12/27 23:00,0
2018/12/28 00:00,0
2018/12/28 01:00,0
2018/12/28 02:00,0
2018/12/28 03:00,0
2018/12/28 04:00,0
2018/12/28 05:00,1.276530612
2018/12/28 06:00,2.553061224
2018/12/28 07:00,2.553061224
2018/12/28 08:00,3.719593041
2018/12/28 09:00,13.26560515
2018/12/28 10:00,14.71546116
2018/12/28 11:00,16.84238456
2018/12/28 12:00,17.48834865
2018/12/28 13:00,12.74971931
2018/12/28 14:00,13.67466359
2018/12/28 15:00,17.6837381
2018/12/28 16:00,14.03728094
2018/12/28 17:00,19.67777171
2018/12/28 18:00,23.44011413
2018/12/28 19:00,14.09533494
2018/12/28 20:00,6.810166309
2018/12/28 21:00,1.591416309
2018/12/28 22:00,1.591416309
2018/12/28 23:00,0.079570815
2018/12/29 00:00,0
2018/12/29 01:00,0
2018/12/29 02:00,0
2018/12/29 03:00,0
2018/12/29 04:00,0
2018/12/29 05:00,0
2018/12/29 06:00,0
2018/12/29 07:00,0
2018/12/29 08:00,3.133802817
2018/12/29 09:00,1.316197183
2018/12/29 10:00,1.512
2018/12/29 11:00,14.56805964
2018/12/29 12:00,15.85475818
2018/12/29 13:00,9.92735969
2018/12/29 14:00,13.29756033
2018/12/29 15:00,17.06805767
2018/12/29 16:00,8.431537833
2018/12/29 17:00,9.703946428
2018/12/29 18:00,6.576622405
2018/12/29 19:00,8.215932914
2018/12/29 20:00,4.20416492
2018/12/29 21:00,0
2018/12/29 22:00,0
2018/12/29 23:00,0
2018/12/30 00:00,0
2018/12/30 01:00,0
2018/12/30 02:00,0
2018/12/30 03:00,0
2018/12/30 04:00,0
2018/12/30 05:00,0
2018/12/30 06:00,0
2018/12/30 07:00,0
2018/12/30 08:00,3.610174446
2018/12/30 09:00,8.11301273
2018/12/30 10:00,7.659540565
2018/12/30 11:00,20.40821001
2018/12/30 12:00,26.57253788
2018/12/30 13:00,9.27135248
2018/12/30 14:00,12.47517189
2018/12/30 15:00,4.573235294
2018/12/30 16:00,1.616764706
2018/12/30 17:00,5.658457143
2018/12/30 18:00,3.859142857
2018/12/30 19:00,0.6324
2018/12/30 20:00,0
2018/12/30 21:00,0
2018/12/30 22:00,0
2018/12/30 23:00,0
2018/12/31 00:00,0
2018/12/31 01:00,0
2018/12/31 02:00,0
2018/12/31 03:00,0
2018/12/31 04:00,0
2018/12/31 05:00,1.701895735
2018/12/31 06:00,3.781990521
2018/12/31 07:00,4.002625442
2018/12/31 08:00,13.2622555
2018/12/31 09:00,30.99033169
2018/12/31 10:00,22.91459702
2018/12/31 11:00,16.24898211
2018/12/31 12:00,11.17549878
2018/12/31 13:00,5.08075037
2018/12/31 14:00,12.74727669
2018/12/31 15:00,10.48891242
2018/12/31 16:00,6.027906977
2018/12/31 17:00,6.027906977
2018/12/31 18:00,4.119069767
2018/12/31 19:00,0
2018/12/31 20:00,0
2018/12/31 21:00,0
2018/12/31 22:00,0
2018/12/31 23:00,0
2019/01/01 00:00,0
2019/01/01 01:00,0
2019/01/01 02:00,0
2019/01/01 03:00,0
2019/01/01 04:00,0
2019/01/01 05:00,0
2019/01/01 06:00,0
2019/01/01 07:00,0
2019/01/01 08:00,0
2019/01/01 09:00,0
2019/01/01 10:00,1.928888889
2019/01/01 11:00,3.443974359
2019/01/01 12:00,3.018120359
2019/01/01 13:00,8.349732054
2019/01/01 14:00,10.98455993
2019/01/01 15:00,11.03154058
2019/01/01 16:00,12.33534299
2019/01/01 17:00,9.408977206
2019/01/01 18:00,6.786363636
2019/01/01 19:00,3.7325
2019/01/01 20:00,4.18119403
2019/01/01 21:00,5.973134328
2019/01/01 22:00,5.973134328
2019/01/01 23:00,3.882537313
2019/01/02 00:00,0
2019/01/02 01:00,0
2019/01/02 02:00,0
2019/01/02 03:00,0
2019/01/02 04:00,0
2019/01/02 05:00,1.038955614
2019/01/02 06:00,7.329538031
2019/01/02 07:00,8.057560954
2019/01/02 08:00,10.71999574
2019/01/02 09:00,20.66206396
2019/01/02 10:00,16.87062317
2019/01/02 11:00,8.767501608
2019/01/02 12:00,5.485385543
2019/01/02 13:00,4.995553123
2019/01/02 14:00,10.22350721
2019/01/02 15:00,12.39164551
2019/01/02 16:00,12.39164551
2019/01/02 17:00,9.535131173
2019/01/02 18:00,5.919642857
2019/01/02 19:00,2.81875
2019/01/02 20:00,6.238455056
2019/01/02 21:00,1.644044944
2019/01/02 22:00,0
2019/01/02 23:00,0
2019/01/03 00:00,0
2019/01/03 01:00,0
2019/01/03 02:00,0
2019/01/03 03:00,0
2019/01/03 04:00,0
2019/01/03 05:00,0.06975
2019/01/03 06:00,1.395
2019/01/03 07:00,1.32525
2019/01/03 08:00,7.939677616
2019/01/03 09:00,11.90416766
2019/01/03 10:00,21.50248272
2019/01/03 11:00,24.26624155
2019/01/03 12:00,32.99708433
2019/01/03 13:00,24.27050357
2019/01/03 14:00,11.4689685
2019/01/03 15:00,14.3784865
2019/01/03 16:00,10.23588794
2019/01/03 17:00,8.041554566
2019/01/03 18:00,6.860718789
2019/01/03 19:00,10.33997675
2019/01/03 20:00,8.539381788
2019/01/03 21:00,4.924867725
2019/01/03 22:00,0
2019/01/03 23:00,0
2019/01/04 00:00,0
2019/01/04 01:00,0
2019/01/04 02:00,0
2019/01/04 03:00,0
2019/01/04 04:00,0
2019/01/04 05:00,0.889473684
2019/01/04 06:00,4.967969002
2019/01/04 07:00,6.788569583
2019/01/04 08:00,7.930674847
2019/01/04 09:00,8.445893529
2019/01/04 10:00,14.67696454
2019/01/04 11:00,13.88336391
2019/01/04 12:00,5.016363636
2019/01/04 13:00,15.55637194
2019/01/04 14:00,14.52699286
2019/01/04 15:00,17.5365028
2019/01/04 16:00,20.59336512
2019/01/04 17:00,18.63908398
2019/01/04 18:00,15.92015759
2019/01/04 19:00,3.518252985
2019/01/04 20:00,0
2019/01/04 21:00,5.101851852
2019/01/04 22:00,5.918148148
2019/01/04 23:00,0
2019/01/05 00:00,0
2019/01/05 01:00,0
2019/01/05 02:00,0
2019/01/05 03:00,0
2019/01/05 04:00,0
2019/01/05 05:00,0
2019/01/05 06:00,0
2019/01/05 07:00,6.032280702
2019/01/05 08:00,0.107719298
2019/01/05 09:00,11.39455861
2019/01/05 10:00,11.80171258
2019/01/05 11:00,5.63087097
2019/01/05 12:00,11.95460784
2019/01/05 13:00,5.859161392
2019/01/05 14:00,4.934288608
2019/01/05 15:00,12.89593725
2019/01/05 16:00,7.924005602
2019/01/05 17:00,7.749035487
2019/01/05 18:00,7.953983406
2019/01/05 19:00,8.365825511
2019/01/05 20:00,6.594904459
2019/01/05 21:00,6.594904459
2019/01/05 22:00,6.594904459
2019/01/05 23:00,6.594904459
2019/01/06 00:00,6.594904459
2019/01/06 01:00,0.659490446
2019/01/06 02:00,0
2019/01/06 03:00,0
2019/01/06 04:00,0
2019/01/06 05:00,0
2019/01/06 06:00,0
2019/01/06 07:00,0
2019/01/06 08:00,3.787304348
2019/01/06 09:00,8.498250045
2019/01/06 10:00,13.14781289
2019/01/06 11:00,30.01396409
2019/01/06 12:00,30.84791706
2019/01/06 13:00,15.94236322
2019/01/06 14:00,16.93688141
2019/01/06 15:00,17.03765872
2019/01/06 16:00,8.818765621
2019/01/06 17:00,11.94563477
2019/01/06 18:00,9.528947903
2019/01/06 19:00,3.734499911
2019/01/06 20:00,0
2019/01/06 21:00,0
2019/01/06 22:00,0
2019/01/06 23:00,0
2019/01/07 00:00,0
2019/01/07 01:00,0
2019/01/07 02:00,0
2019/01/07 03:00,0
2019/01/07 04:00,0
2019/01/07 05:00,0
2019/01/07 06:00,0
2019/01/07 07:00,3.893658537
2019/01/07 08:00,12.14109069
2019/01/07 09:00,22.27543712
2019/01/07 10:00,9.452433392
2019/01/07 11:00,18.88338134
2019/01/07 12:00,26.24877674
2019/01/07 13:00,34.53869942
2019/01/07 14:00,29.92218481
2019/01/07 15:00,18.31678723
2019/01/07 16:00,7.037807125
2019/01/07 17:00,0
2019/01/07 18:00,18.41874522
2019/01/07 19:00,21.1501343
2019/01/07 20:00,10.70561257
2019/01/07 21:00,5.320669201
2019/01/07 22:00,0
2019/01/07 23:00,0
2019/01/08 00:00,0
2019/01/08 01:00,0
2019/01/08 02:00,0
2019/01/08 03:00,0
2019/01/08 04:00,0
2019/01/08 05:00,1.525732484
2019/01/08 06:00,3.156687898
2019/01/08 07:00,4.900825829
2019/01/08 08:00,9.255169672
2019/01/08 09:00,14.29403553
2019/01/08 10:00,2.796403829
2019/01/08 11:00,5.759854634
2019/01/08 12:00,8.55121508
2019/01/08 13:00,9.708158307
2019/01/08 14:00,9.971458785
2019/01/08 15:00,13.14209998
2019/01/08 16:00,6.745101758
2019/01/08 17:00,9.480002202
2019/01/08 18:00,12.88373092
2019/01/08 19:00,25.37859943
2019/01/08 20:00,19.58587045
2019/01/08 21:00,11.54351475
2019/01/08 22:00,0
2019/01/08 23:00,0
2019/01/09 00:00,0
2019/01/09 01:00,0
2019/01/09 02:00,0
2019/01/09 03:00,1.992680412
2019/01/09 04:00,3.516494845
2019/01/09 05:00,3.719544173
2019/01/09 06:00,11.53777283
2019/01/09 07:00,17.29769408
2019/01/09 08:00,17.23039199
2019/01/09 09:00,22.13914336
2019/01/09 10:00,11.01451945
2019/01/09 11:00,23.77646075
2019/01/09 12:00,21.49034652
2019/01/09 13:00,18.63729464
2019/01/09 14:00,9.660296489
2019/01/09 15:00,21.69290951
2019/01/09 16:00,13.39608963
2019/01/09 17:00,6.677440352
2019/01/09 18:00,26.19774885
2019/01/09 19:00,20.89126547
2019/01/09 20:00,15.77044343
2019/01/09 21:00,9.967674185
2019/01/09 22:00,9.061380479
2019/01/09 23:00,6.578303556
2019/01/10 00:00,5.241262136
2019/01/10 01:00,0.524126214
2019/01/10 02:00,0
2019/01/10 03:00,0
2019/01/10 04:00,4.992648649
2019/01/10 05:00,7.072131648
2019/01/10 06:00,9.186630799
2019/01/10 07:00,8.64911522
2019/01/10 08:00,13.74900116
2019/01/10 09:00,22.36671024
2019/01/10 10:00,9.965984513
2019/01/10 11:00,6.352276957
2019/01/10 12:00,17.70242939
2019/01/10 13:00,21.47144698
2019/01/10 14:00,17.70285577
2019/01/10 15:00,14.88659668
2019/01/10 16:00,6.333330787
2019/01/10 17:00,10.31670868
2019/01/10 18:00,15.71094625
2019/01/10 19:00,19.32999937
2019/01/10 20:00,13.35823564
2019/01/10 21:00,6.097326278
2019/01/10 22:00,0
2019/01/10 23:00,0
2019/01/11 00:00,0
2019/01/11 01:00,0
2019/01/11 02:00,0
2019/01/11 03:00,0
2019/01/11 04:00,0
2019/01/11 05:00,0.18404908
2019/01/11 06:00,3.680981595
2019/01/11 07:00,3.680981595
2019/01/11 08:00,11.8081296
2019/01/11 09:00,23.94207246
2019/01/11 10:00,19.06931268
2019/01/11 11:00,20.83378027
2019/01/11 12:00,18.97714807
2019/01/11 13:00,8.347754266
2019/01/11 14:00,7.911016548
2019/01/11 15:00,4.10028282
2019/01/11 16:00,12.10006432
2019/01/11 17:00,27.33914893
2019/01/11 18:00,13.18601945
2019/01/11 19:00,10.70404341
2019/01/11 20:00,9.698522621
2019/01/11 21:00,6.045418405
2019/01/11 22:00,3.263694268
2019/01/11 23:00,0.217579618
2019/01/12 00:00,0
2019/01/12 01:00,0
2019/01/12 02:00,0
2019/01/12 03:00,0
2019/01/12 04:00,0
2019/01/12 05:00,0
2019/01/12 06:00,0
2019/01/12 07:00,0
2019/01/12 08:00,0.058156682
2019/01/12 09:00,6.006474092
2019/01/12 10:00,9.782083848
2019/01/12 11:00,7.579644824
2019/01/12 12:00,2.814831029
2019/01/12 13:00,1.796428571
2019/01/12 14:00,2.575280899
2019/01/12 15:00,5.064719101
2019/01/12 16:00,5.536279144
2019/01/12 17:00,11.6175208
2019/01/12 18:00,23.14258032
2019/01/12 19:00,16.48086087
2019/01/12 20:00,14.08819871
2019/01/12 21:00,13.61931429
2019/01/12 22:00,2.238322797
2019/01/12 23:00,0
2019/01/13 00:00,0
2019/01/13 01:00,0
2019/01/13 02:00,0
2019/01/13 03:00,0
2019/01/13 04:00,0
2019/01/13 05:00,0
2019/01/13 06:00,0
2019/01/13 07:00,0
2019/01/13 08:00,3.748
2019/01/13 09:00,3.877241379
2019/01/13 10:00,11.29147539
2019/01/13 11:00,25.34598544
2019/01/13 12:00,27.44046469
2019/01/13 13:00,18.21794712
2019/01/13 14:00,9.499021122
2019/01/13 15:00,9.480276527
2019/01/13 16:00,13.05106356
2019/01/13 17:00,9.476650005
2019/01/13 18:00,20.96158121
2019/01/13 19:00,13.04040092
2019/01/13 20:00,7.266618308
2019/01/13 21:00,2.433274336
2019/01/13 22:00,0
2019/01/13 23:00,0
2019/01/14 00:00,0
2019/01/14 01:00,0
2019/01/14 02:00,0
2019/01/14 03:00,0
2019/01/14 04:00,0
2019/01/14 05:00,2.154489796
2019/01/14 06:00,3.902358277
2019/01/14 07:00,12.47225123
2019/01/14 08:00,13.81056463
2019/01/14 09:00,29.96539681
2019/01/14 10:00,33.58402559
2019/01/14 11:00,35.50923246
2019/01/14 12:00,17.96630679
2019/01/14 13:00,10.57516785
2019/01/14 14:00,15.91190343
2019/01/14 15:00,2.223667428
2019/01/14 16:00,7.302249742
2019/01/14 17:00,7.756985193
2019/01/14 18:00,11.05486868
2019/01/14 19:00,12.51834047
2019/01/14 20:00,19.67668709
2019/01/14 21:00,9.156511103
2019/01/14 22:00,2.47225
2019/01/14 23:00,4.495
2019/01/15 00:00,4.495
2019/01/15 01:00,4.495
2019/01/15 02:00,2.02275
2019/01/15 03:00,0
2019/01/15 04:00,0
2019/01/15 05:00,1.808780488
2019/01/15 06:00,3.617560976
2019/01/15 07:00,12.61443969
2019/01/15 08:00,13.01657151
2019/01/15 09:00,12.93451766
2019/01/15 10:00,17.32965339
2019/01/15 11:00,23.49235635
2019/01/15 12:00,19.726223
2019/01/15 13:00,10.81230901
2019/01/15 14:00,20.48463297
2019/01/15 15:00,29.94680841
2019/01/15 16:00,14.25649818
2019/01/15 17:00,17.08708414
2019/01/15 18:00,24.00510891
2019/01/15 19:00,14.69404532
2019/01/15 20:00,13.32413631
2019/01/15 21:00,3.9986988
2019/01/15 22:00,3.956129032
2019/01/15 23:00,3.956129032
2019/01/16 00:00,0.395612903
2019/01/16 01:00,0
2019/01/16 02:00,0
2019/01/16 03:00,0
2019/01/16 04:00,0
2019/01/16 05:00,0.338235294
2019/01/16 06:00,8.901656863
2019/01/16 07:00,10.24487987
2019/01/16 08:00,17.91140444
2019/01/16 09:00,24.55629518
2019/01/16 10:00,20.05266263
2019/01/16 11:00,20.54083738
2019/01/16 12:00,21.19365036
2019/01/16 13:00,13.16219855
2019/01/16 14:00,15.46350222
2019/01/16 15:00,17.25408919
2019/01/16 16:00,13.834348
2019/01/16 17:00,27.87345207
2019/01/16 18:00,22.43861273
2019/01/16 19:00,16.92059068
2019/01/16 20:00,12.07602851
2019/01/16 21:00,10.84362201
2019/01/16 22:00,7.566239289
2019/01/16 23:00,7.204314155
2019/01/17 00:00,2.828674699
2019/01/17 01:00,0
2019/01/17 02:00,0
2019/01/17 03:00,0
2019/01/17 04:00,0
2019/01/17 05:00,0.209411765
2019/01/17 06:00,4.188235294
2019/01/17 07:00,4.282198709
2019/01/17 08:00,9.826040172
2019/01/17 09:00,7.103687231
2019/01/17 10:00,14.25701137
2019/01/17 11:00,17.47097043
2019/01/17 12:00,25.85563799
2019/01/17 13:00,14.82559344
2019/01/17 14:00,14.2781472
2019/01/17 15:00,9.670136068
2019/01/17 16:00,6.613061329
2019/01/17 17:00,10.52547834
2019/01/17 18:00,17.04378069
2019/01/17 19:00,18.29923898
2019/01/17 20:00,15.02054907
2019/01/17 21:00,16.93361322
2019/01/17 22:00,11.28314263
2019/01/17 23:00,11.28314263
2019/01/18 00:00,7.254923449
2019/01/18 01:00,5.085882353
2019/01/18 02:00,3.560117647
2019/01/18 03:00,0
2019/01/18 04:00,0
2019/01/18 05:00,0
2019/01/18 06:00,0
2019/01/18 07:00,0
2019/01/18 08:00,1.452420635
2019/01/18 09:00,9.350079365
2019/01/18 10:00,4.508493976
2019/01/18 11:00,8.058126506
2019/01/18 12:00,7.463927506
2019/01/18 13:00,23.1103909
2019/01/18 14:00,37.63371706
2019/01/18 15:00,16.52375512
2019/01/18 16:00,15.56091424
2019/01/18 17:00,17.78663441
2019/01/18 18:00,20.8454838
2019/01/18 19:00,20.24178693
2019/01/18 20:00,5.386564835
2019/01/18 21:00,3.588495575
2019/01/18 22:00,3.588495575
2019/01/18 23:00,3.588495575
2019/01/19 00:00,0.538274336
2019/01/19 01:00,0
2019/01/19 02:00,2.214347826
2019/01/19 03:00,2.415652174
2019/01/19 04:00,0
2019/01/19 05:00,0
2019/01/19 06:00,0
2019/01/19 07:00,3.78125
2019/01/19 08:00,8.864253115
2019/01/19 09:00,11.45542525
2019/01/19 10:00,3.415153509
2019/01/19 11:00,2.933418129
2019/01/19 12:00,0.3605
2019/01/19 13:00,9.716796537
2019/01/19 14:00,20.35092201
2019/01/19 15:00,16.12174091
2019/01/19 16:00,2.683219112
2019/01/19 17:00,6.18717381
2019/01/19 18:00,19.53986738
2019/01/19 19:00,20.26086549
2019/01/19 20:00,14.84957277
2019/01/19 21:00,18.3958588
2019/01/19 22:00,6.143983179
2019/01/19 23:00,0.208148148
2019/01/20 00:00,2.601851852
2019/01/20 01:00,0
2019/01/20 02:00,0
2019/01/20 03:00,0
2019/01/20 04:00,0
2019/01/20 05:00,0
2019/01/20 06:00,0
2019/01/20 07:00,0
2019/01/20 08:00,5.590625768
2019/01/20 09:00,6.674615195
2019/01/20 10:00,15.08022374
2019/01/20 11:00,25.01674178
2019/01/20 12:00,23.4549842
2019/01/20 13:00,16.27648207
2019/01/20 14:00,10.75251223
2019/01/20 15:00,8.895957867
2019/01/20 16:00,3.159183673
2019/01/20 17:00,2.909195857
2019/01/20 18:00,7.052238806
2019/01/20 19:00,0
2019/01/20 20:00,0
2019/01/20 21:00,0
2019/01/20 22:00,0
2019/01/20 23:00,0
2019/01/21 00:00,0
2019/01/21 01:00,0
2019/01/21 02:00,0
2019/01/21 03:00,0
2019/01/21 04:00,0
2019/01/21 05:00,2.03
2019/01/21 06:00,4.2
2019/01/21 07:00,4.2
2019/01/21 08:00,5.287184466
2019/01/21 09:00,5.930097087
2019/01/21 10:00,3.844648271
2019/01/21 11:00,2.79005848
2019/01/21 12:00,5.980383612
2019/01/21 13:00,9.319348695
2019/01/21 14:00,9.784068862
2019/01/21 15:00,0.784210526
2019/01/21 16:00,1.384791667
2019/01/21 17:00,5.883952979
2019/01/21 18:00,9.794547691
2019/01/21 19:00,8.393916632
2019/01/21 20:00,14.23486098
2019/01/21 21:00,9.626973115
2019/01/21 22:00,0.320956938
2019/01/21 23:00,0
2019/01/22 00:00,0
2019/01/22 01:00,0
2019/01/22 02:00,0
2019/01/22 03:00,0
2019/01/22 04:00,0
2019/01/22 05:00,0.910344828
2019/01/22 06:00,2.275862069
2019/01/22 07:00,3.796239912
2019/01/22 08:00,12.5588103
2019/01/22 09:00,18.97456797
2019/01/22 10:00,17.56735293
2019/01/22 11:00,20.80024874
2019/01/22 12:00,15.01117587
2019/01/22 13:00,10.0149897
2019/01/22 14:00,9.56801009
2019/01/22 15:00,14.27676858
2019/01/22 16:00,20.07071398
2019/01/22 17:00,8.348352522
2019/01/22 18:00,12.9418006
2019/01/22 19:00,2.994761905
2019/01/22 20:00,0
2019/01/22 21:00,0
2019/01/22 22:00,0
2019/01/22 23:00,4.449305556
2019/01/23 00:00,3.000694444
2019/01/23 01:00,0
2019/01/23 02:00,0
2019/01/23 03:00,0
2019/01/23 04:00,0
2019/01/23 05:00,0.183715596
2019/01/23 06:00,7.588311927
2019/01/23 07:00,5.172884307
2019/01/23 08:00,17.69007377
2019/01/23 09:00,18.4911673
2019/01/23 10:00,14.39088462
2019/01/23 11:00,19.64421841
2019/01/23 12:00,22.56662121
2019/01/23 13:00,26.09978976
2019/01/23 14:00,28.92852469
2019/01/23 15:00,23.03738724
2019/01/23 16:00,18.38158732
2019/01/23 17:00,15.27440111
2019/01/23 18:00,21.35159832
2019/01/23 19:00,11.95714455
2019/01/23 20:00,6.582794961
2019/01/23 21:00,1.293191071
2019/01/23 22:00,0.416138614
2019/01/23 23:00,0
2019/01/24 00:00,0
2019/01/24 01:00,0
2019/01/24 02:00,0
2019/01/24 03:00,0
2019/01/24 04:00,0
2019/01/24 05:00,0
2019/01/24 06:00,6.372669468
2019/01/24 07:00,11.4584652
2019/01/24 08:00,20.60104745
2019/01/24 09:00,31.25486919
2019/01/24 10:00,33.41815179
2019/01/24 11:00,29.18158098
2019/01/24 12:00,20.03124745
2019/01/24 13:00,11.17420674
2019/01/24 14:00,12.55939751
2019/01/24 15:00,12.87601781
2019/01/24 16:00,15.05690028
2019/01/24 17:00,13.0036769
2019/01/24 18:00,4.389230769
2019/01/24 19:00,1.682538462
2019/01/24 20:00,0
2019/01/24 21:00,4.537910448
2019/01/24 22:00,2.372089552
2019/01/24 23:00,0
2019/01/25 00:00,0
2019/01/25 01:00,0
2019/01/25 02:00,0
2019/01/25 03:00,0
2019/01/25 04:00,0
2019/01/25 05:00,0.070120482
2019/01/25 06:00,2.301796276
2019/01/25 07:00,8.049069003
2019/01/25 08:00,28.71523848
2019/01/25 09:00,43.46684258
2019/01/25 10:00,27.73590248
2019/01/25 11:00,20.03846441
2019/01/25 12:00,25.9779553
2019/01/25 13:00,22.45368273
2019/01/25 14:00,20.71800631
2019/01/25 15:00,18.29689971
2019/01/25 16:00,18.80980536
2019/01/25 17:00,27.33865784
2019/01/25 18:00,38.30166122
2019/01/25 19:00,43.13087765
2019/01/25 20:00,31.09290436
2019/01/25 21:00,7.21795888
2019/01/25 22:00,4.311013216
2019/01/25 23:00,2.981045973
2019/01/26 00:00,1.468205128
2019/01/26 01:00,0
2019/01/26 02:00,0
2019/01/26 03:00,0
2019/01/26 04:00,0
2019/01/26 05:00,0
2019/01/26 06:00,0
2019/01/26 07:00,0
2019/01/26 08:00,0.788965517
2019/01/26 09:00,5.290017608
2019/01/26 10:00,4.778038151
2019/01/26 11:00,15.15785442
2019/01/26 12:00,30.67088687
2019/01/26 13:00,16.02396716
2019/01/26 14:00,15.82543553
2019/01/26 15:00,19.10036596
2019/01/26 16:00,18.0857747
2019/01/26 17:00,28.18002181
2019/01/26 18:00,32.03450794
2019/01/26 19:00,20.03305305
2019/01/26 20:00,18.42853864
2019/01/26 21:00,13.43568334
2019/01/26 22:00,9.335519435
2019/01/26 23:00,0
2019/01/27 00:00,0
2019/01/27 01:00,0
2019/01/27 02:00,0
2019/01/27 03:00,0
2019/01/27 04:00,0
2019/01/27 05:00,0
2019/01/27 06:00,0
2019/01/27 07:00,0
2019/01/27 08:00,3.465986395
2019/01/27 09:00,10.19912146
2019/01/27 10:00,21.44072446
2019/01/27 11:00,27.27391797
2019/01/27 12:00,16.19376492
2019/01/27 13:00,6.432975169
2019/01/27 14:00,16.05579849
2019/01/27 15:00,18.83922121
2019/01/27 16:00,5.288489927
2019/01/27 17:00,6.04047619
2019/01/27 18:00,6.142857143
2019/01/27 19:00,0.716666667
2019/01/27 20:00,0
2019/01/27 21:00,0
2019/01/27 22:00,0
2019/01/27 23:00,0
2019/01/28 00:00,0
2019/01/28 01:00,0
2019/01/28 02:00,0
2019/01/28 03:00,0
2019/01/28 04:00,0
2019/01/28 05:00,2.263300971
2019/01/28 06:00,4.380582524
2019/01/28 07:00,4.380582524
2019/01/28 08:00,14.62679522
2019/01/28 09:00,21.22778818
2019/01/28 10:00,31.28452598
2019/01/28 11:00,23.61010813
2019/01/28 12:00,12.22899813
2019/01/28 13:00,12.12907276
2019/01/28 14:00,12.12907276
2019/01/28 15:00,16.03056394
2019/01/28 16:00,25.97063898
2019/01/28 17:00,19.18148473
2019/01/28 18:00,13.33944812
2019/01/28 19:00,14.3203954
2019/01/28 20:00,13.27272272
2019/01/28 21:00,6.148648649
2019/01/28 22:00,6.148648649
2019/01/28 23:00,3.996621622
2019/01/29 00:00,0
2019/01/29 01:00,0
2019/01/29 02:00,0
2019/01/29 03:00,0
2019/01/29 04:00,0
2019/01/29 05:00,1.369166667
2019/01/29 06:00,9.048584888
2019/01/29 07:00,22.99077154
2019/01/29 08:00,23.09298432
2019/01/29 09:00,21.47643384
2019/01/29 10:00,13.4048788
2019/01/29 11:00,16.48072689
2019/01/29 12:00,17.26214606
2019/01/29 13:00,30.58427741
2019/01/29 14:00,27.43990721
2019/01/29 15:00,30.6076324
2019/01/29 16:00,20.97580995
2019/01/29 17:00,20.48902552
2019/01/29 18:00,26.63851584
2019/01/29 19:00,12.90962829
2019/01/29 20:00,16.20501574
2019/01/29 21:00,5.611209974
2019/01/29 22:00,0
2019/01/29 23:00,0
2019/01/30 00:00,0
2019/01/30 01:00,0
2019/01/30 02:00,0
2019/01/30 03:00,0
2019/01/30 04:00,0
2019/01/30 05:00,0.108571429
2019/01/30 06:00,13.4648453
2019/01/30 07:00,25.493474
2019/01/30 08:00,47.38074025
2019/01/30 09:00,41.3737272
2019/01/30 10:00,25.2859578
2019/01/30 11:00,30.77580659
2019/01/30 12:00,26.09181113
2019/01/30 13:00,32.14137771
2019/01/30 14:00,24.31900608
2019/01/30 15:00,22.46308471
2019/01/30 16:00,18.22178403
2019/01/30 17:00,13.10747096
2019/01/30 18:00,9.069766961
2019/01/30 19:00,10.20378272
2019/01/30 20:00,6.39919701
2019/01/30 21:00,0.044206897
2019/01/30 22:00,0
2019/01/30 23:00,0
2019/01/31 00:00,0
2019/01/31 01:00,0
2019/01/31 02:00,0
2019/01/31 03:00,0
2019/01/31 04:00,0
2019/01/31 05:00,0.223134328
2019/01/31 06:00,5.842543447
2019/01/31 07:00,12.00243822
2019/01/31 08:00,18.31336385
2019/01/31 09:00,38.85078793
2019/01/31 10:00,43.68642384
2019/01/31 11:00,34.4866838
2019/01/31 12:00,32.84212655
2019/01/31 13:00,23.22879796
2019/01/31 14:00,22.73688098
2019/01/31 15:00,26.29500409
2019/01/31 16:00,24.80632967
2019/01/31 17:00,23.16725853
2019/01/31 18:00,26.24478359
2019/01/31 19:00,18.13540463
2019/01/31 20:00,12.20952568
2019/01/31 21:00,4.026933962
2019/01/31 22:00,0
2019/01/31 23:00,2.654025974
2019/02/01 00:00,5.205974026
2019/02/01 01:00,0
2019/02/01 02:00,0
2019/02/01 03:00,0
2019/02/01 04:00,0
2019/02/01 05:00,0.193457944
2019/02/01 06:00,7.434968934
2019/02/01 07:00,9.918338429
2019/02/01 08:00,25.94035366
2019/02/01 09:00,28.30315261
2019/02/01 10:00,20.52303721
2019/02/01 11:00,13.46243083
2019/02/01 12:00,17.41863628
2019/02/01 13:00,26.02171634
2019/02/01 14:00,25.30777265
2019/02/01 15:00,24.88010006
2019/02/01 16:00,22.70342911
2019/02/01 17:00,18.6200109
2019/02/01 18:00,20.24760918
2019/02/01 19:00,22.04411979
2019/02/01 20:00,16.10557436
2019/02/01 21:00,13.95942821
2019/02/01 22:00,5.393503953
2019/02/01 23:00,6.698689139
2019/02/02 00:00,3.883670412
2019/02/02 01:00,0.3
2019/02/02 02:00,0
2019/02/02 03:00,0
2019/02/02 04:00,0
2019/02/02 05:00,0
2019/02/02 06:00,0
2019/02/02 07:00,0
2019/02/02 08:00,1.972790698
2019/02/02 09:00,8.092492622
2019/02/02 10:00,10.32831338
2019/02/02 11:00,7.60271114
2019/02/02 12:00,7.996719113
2019/02/02 13:00,15.70175405
2019/02/02 14:00,11.91695877
2019/02/02 15:00,10.76933752
2019/02/02 16:00,18.71799462
2019/02/02 17:00,25.76054509
2019/02/02 18:00,27.48829771
2019/02/02 19:00,36.27216793
2019/02/02 20:00,27.300128
2019/02/02 21:00,6.624535316
2019/02/02 22:00,6.624535316
2019/02/02 23:00,6.624535316
2019/02/03 00:00,6.624535316
2019/02/03 01:00,7.929951983
2019/02/03 02:00,6.62502943
2019/02/03 03:00,0
2019/02/03 04:00,0
2019/02/03 05:00,0
2019/02/03 06:00,0
2019/02/03 07:00,0
2019/02/03 08:00,3.145035461
2019/02/03 09:00,3.85106383
2019/02/03 10:00,9.281598942
2019/02/03 11:00,13.05473598
2019/02/03 12:00,6.617565789
2019/02/03 13:00,0.66
2019/02/03 14:00,5.418421927
2019/02/03 15:00,4.749727191
2019/02/03 16:00,12.80082965
2019/02/03 17:00,8.194354561
2019/02/03 18:00,6.028571429
2019/02/03 19:00,2.683202126
2019/02/03 20:00,5.318764846
2019/02/03 21:00,8.617927636
2019/02/03 22:00,9.62202066
2019/02/03 23:00,9.62202066
2019/02/04 00:00,8.833090427
2019/02/04 01:00,5.318764846
2019/02/04 02:00,4.432304038
2019/02/04 03:00,0
2019/02/04 04:00,0
2019/02/04 05:00,1.438362573
2019/02/04 06:00,5.491656575
2019/02/04 07:00,9.909367858
2019/02/04 08:00,11.72648799
2019/02/04 09:00,5.222458333
2019/02/04 10:00,4.953586428
2019/02/04 11:00,24.40685098
2019/02/04 12:00,21.99805222
2019/02/04 13:00,15.99607686
2019/02/04 14:00,10.40567307
2019/02/04 15:00,17.56575288
2019/02/04 16:00,30.54330963
2019/02/04 17:00,18.47131308
2019/02/04 18:00,4.795740896
2019/02/04 19:00,9.378962174
2019/02/04 20:00,14.81334897
2019/02/04 21:00,8.195489426
2019/02/04 22:00,3.912264151
2019/02/04 23:00,0
2019/02/05 00:00,0
2019/02/05 01:00,0
2019/02/05 02:00,0
2019/02/05 03:00,0
2019/02/05 04:00,0
2019/02/05 05:00,0
2019/02/05 06:00,3.774432703
2019/02/05 07:00,10.30121246
2019/02/05 08:00,26.06020096
2019/02/05 09:00,34.65336481
2019/02/05 10:00,29.36847542
2019/02/05 11:00,28.57721646
2019/02/05 12:00,12.70111911
2019/02/05 13:00,9.315706584
2019/02/05 14:00,18.89482673
2019/02/05 15:00,17.68473329
2019/02/05 16:00,11.7469744
2019/02/05 17:00,5.445868524
2019/02/05 18:00,10.17218741
2019/02/05 19:00,16.11453111
2019/02/05 20:00,14.46795227
2019/02/05 21:00,4.408368524
2019/02/05 22:00,4.408368524
2019/02/05 23:00,3.257566176
2019/02/06 00:00,3.077537594
2019/02/06 01:00,0
2019/02/06 02:00,0
2019/02/06 03:00,0
2019/02/06 04:00,0
2019/02/06 05:00,0.168358209
2019/02/06 06:00,3.247825965
2019/02/06 07:00,7.272920304
2019/02/06 08:00,1.077059906
2019/02/06 09:00,5.921232877
2019/02/06 10:00,12.02899758
2019/02/06 11:00,15.07621692
2019/02/06 12:00,18.22443231
2019/02/06 13:00,19.22760974
2019/02/06 14:00,8.13102186
2019/02/06 15:00,0.274324324
2019/02/06 16:00,0
2019/02/06 17:00,5.565015242
2019/02/06 18:00,13.16489289
2019/02/06 19:00,21.72469485
2019/02/06 20:00,20.82481208
2019/02/06 21:00,4.43058494
2019/02/06 22:00,0
2019/02/06 23:00,0
2019/02/07 00:00,1.636923077
2019/02/07 01:00,2.661940559
2019/02/07 02:00,4.221136364
2019/02/07 03:00,0
2019/02/07 04:00,0
2019/02/07 05:00,0.101162791
2019/02/07 06:00,2.89797218
2019/02/07 07:00,3.94479461
2019/02/07 08:00,6.680201671
2019/02/07 09:00,21.94447486
2019/02/07 10:00,23.71021183
2019/02/07 11:00,33.52560846
2019/02/07 12:00,30.8198683
2019/02/07 13:00,18.4577555
2019/02/07 14:00,14.51127901
2019/02/07 15:00,7.100938817
2019/02/07 16:00,12.3168098
2019/02/07 17:00,11.03768648
2019/02/07 18:00,34.10130574
2019/02/07 19:00,32.59349526
2019/02/07 20:00,25.3006158
2019/02/07 21:00,12.92094226
2019/02/07 22:00,11.20278856
2019/02/07 23:00,11.78363194
2019/02/08 00:00,5.348595059
2019/02/08 01:00,3.912493369
2019/02/08 02:00,2.599045093
2019/02/08 03:00,0.358153846
2019/02/08 04:00,0
2019/02/08 05:00,0.227843137
2019/02/08 06:00,2.278431373
2019/02/08 07:00,2.87378021
2019/02/08 08:00,21.43680843
2019/02/08 09:00,37.97980379
2019/02/08 10:00,34.23365984
2019/02/08 11:00,21.99879444
2019/02/08 12:00,32.75151157
2019/02/08 13:00,23.04822986
2019/02/08 14:00,8.530586938
2019/02/08 15:00,16.26791271
2019/02/08 16:00,19.65444689
2019/02/08 17:00,17.02067395
2019/02/08 18:00,26.052796
2019/02/08 19:00,21.16257351
2019/02/08 20:00,9.398263211
2019/02/08 21:00,3.115481172
2019/02/08 22:00,3.115481172
2019/02/08 23:00,3.115481172
2019/02/09 00:00,0.830794979
2019/02/09 01:00,0
2019/02/09 02:00,0
2019/02/09 03:00,0
2019/02/09 04:00,0
2019/02/09 05:00,0
2019/02/09 06:00,0
2019/02/09 07:00,0
2019/02/09 08:00,0.251258373
2019/02/09 09:00,9.387362316
2019/02/09 10:00,4.24137931
2019/02/09 11:00,5.021246018
2019/02/09 12:00,12.35942158
2019/02/09 13:00,25.43302917
2019/02/09 14:00,17.71934954
2019/02/09 15:00,12.89010873
2019/02/09 16:00,13.72336993
2019/02/09 17:00,18.87946801
2019/02/09 18:00,22.40753696
2019/02/09 19:00,26.31439983
2019/02/09 20:00,10.26351327
2019/02/09 21:00,7.779554479
2019/02/09 22:00,6.008977556
2019/02/09 23:00,9.042310889
2019/02/10 00:00,3.127714048
2019/02/10 01:00,0
2019/02/10 02:00,0
2019/02/10 03:00,0
2019/02/10 04:00,0
2019/02/10 05:00,0
2019/02/10 06:00,0
2019/02/10 07:00,0
2019/02/10 08:00,0.760025313
2019/02/10 09:00,11.3692419
2019/02/10 10:00,10.93050498
2019/02/10 11:00,18.98783079
2019/02/10 12:00,16.20157386
2019/02/10 13:00,16.09249451
2019/02/10 14:00,14.84109669
2019/02/10 15:00,13.69481169
2019/02/10 16:00,10.72939603
2019/02/10 17:00,15.7245678
2019/02/10 18:00,35.05686443
2019/02/10 19:00,22.52085592
2019/02/10 20:00,10.97042572
2019/02/10 21:00,12.39017712
2019/02/10 22:00,11.63017026
2019/02/10 23:00,5.137235715
2019/02/11 00:00,2.495598802
2019/02/11 01:00,3.652095808
2019/02/11 02:00,3.652095808
2019/02/11 03:00,3.652095808
2019/02/11 04:00,3.652095808
2019/02/11 05:00,4.322776585
2019/02/11 06:00,5.805437192
2019/02/11 07:00,7.299768473
2019/02/11 08:00,10.55249846
2019/02/11 09:00,21.85592594
2019/02/11 10:00,21.85592594
2019/02/11 11:00,21.09742666
2019/02/11 12:00,17.00640945
2019/02/11 13:00,16.73725715
2019/02/11 14:00,15.15070658
2019/02/11 15:00,13.59611313
2019/02/11 16:00,17.30330543
2019/02/11 17:00,8.668650943
2019/02/11 18:00,15.04863543
2019/02/11 19:00,22.02193973
2019/02/11 20:00,11.27737767
2019/02/11 21:00,0
2019/02/11 22:00,0
2019/02/11 23:00,0
2019/02/12 00:00,0
2019/02/12 01:00,0
2019/02/12 02:00,0
2019/02/12 03:00,0
2019/02/12 04:00,0
2019/02/12 05:00,0.903504274
2019/02/12 06:00,1.748717949
2019/02/12 07:00,7.856439494
2019/02/12 08:00,23.51388679
2019/02/12 09:00,27.41298706
2019/02/12 10:00,20.87227251
2019/02/12 11:00,16.94491478
2019/02/12 12:00,13.25570701
2019/02/12 13:00,20.66066199
2019/02/12 14:00,18.53809351
2019/02/12 15:00,12.75260695
2019/02/12 16:00,24.1929047
2019/02/12 17:00,23.13096695
2019/02/12 18:00,21.90366762
2019/02/12 19:00,27.50952351
2019/02/12 20:00,11.91578491
2019/02/12 21:00,2.88736
2019/02/12 22:00,0
2019/02/12 23:00,0.490738255
2019/02/13 00:00,3.680536913
2019/02/13 01:00,3.680536913
2019/02/13 02:00,1.288187919
2019/02/13 03:00,0
2019/02/13 04:00,0
2019/02/13 05:00,0.377472527
2019/02/13 06:00,4.831736769
2019/02/13 07:00,10.56372078
2019/02/13 08:00,26.44539839
2019/02/13 09:00,33.23712709
2019/02/13 10:00,22.73450218
2019/02/13 11:00,26.96508551
2019/02/13 12:00,22.45029632
2019/02/13 13:00,12.90652468
2019/02/13 14:00,12.60115599
2019/02/13 15:00,10.76718942
2019/02/13 16:00,20.27977828
2019/02/13 17:00,11.96511199
2019/02/13 18:00,12.30016005
2019/02/13 19:00,15.59957549
2019/02/13 20:00,7.675943293
2019/02/13 21:00,4.28508982
2019/02/13 22:00,4.192814371
2019/02/13 23:00,6.392814371
2019/02/14 00:00,3.019281437
2019/02/14 01:00,0
2019/02/14 02:00,0
2019/02/14 03:00,0
2019/02/14 04:00,0
2019/02/14 05:00,0.145
2019/02/14 06:00,3.912532468
2019/02/14 07:00,0.87
2019/02/14 08:00,8.515166619
2019/02/14 09:00,31.35045094
2019/02/14 10:00,30.82605204
2019/02/14 11:00,20.79513613
2019/02/14 12:00,17.1404066
2019/02/14 13:00,23.5653527
2019/02/14 14:00,22.28414862
2019/02/14 15:00,32.27332859
2019/02/14 16:00,18.06706263
2019/02/14 17:00,12.94512341
2019/02/14 18:00,12.81982895
2019/02/14 19:00,7.288849747
2019/02/14 20:00,5.925756012
2019/02/14 21:00,6.576580677
2019/02/14 22:00,9.078593069
2019/02/14 23:00,10.4335481
2019/02/15 00:00,10.251778
2019/02/15 01:00,4.967907036
2019/02/15 02:00,2.601574803
2019/02/15 03:00,0
2019/02/15 04:00,0
2019/02/15 05:00,1.0875
2019/02/15 06:00,9.399671053
2019/02/15 07:00,10.62414855
2019/02/15 08:00,18.63286687
2019/02/15 09:00,24.71603031
2019/02/15 10:00,27.41035906
2019/02/15 11:00,22.38028048
2019/02/15 12:00,20.05404049
2019/02/15 13:00,14.06133928
2019/02/15 14:00,18.12237233
2019/02/15 15:00,23.40287461
2019/02/15 16:00,21.32454765
2019/02/15 17:00,17.83305019
2019/02/15 18:00,34.53252141
2019/02/15 19:00,37.59485244
2019/02/15 20:00,36.07912725
2019/02/15 21:00,23.35762444
2019/02/15 22:00,12.56237463
2019/02/15 23:00,4.018697591
2019/02/16 00:00,2.580887372
2019/02/16 01:00,2.580887372
2019/02/16 02:00,2.580887372
2019/02/16 03:00,2.580887372
2019/02/16 04:00,2.580887372
2019/02/16 05:00,2.580887372
2019/02/16 06:00,1.419488055
2019/02/16 07:00,5.351941748
2019/02/16 08:00,6.553398058
2019/02/16 09:00,7.108398058
2019/02/16 10:00,9.416662136
2019/02/16 11:00,0.290509091
2019/02/16 12:00,12.11616939
2019/02/16 13:00,3.872921523
2019/02/16 14:00,11.55045626
2019/02/16 15:00,19.84005162
2019/02/16 16:00,20.3371837
2019/02/16 17:00,12.25535502
2019/02/16 18:00,15.78008853
2019/02/16 19:00,8.512034096
2019/02/16 20:00,13.53587669
2019/02/16 21:00,11.43262705
2019/02/16 22:00,0.647865487
2019/02/16 23:00,0
2019/02/17 00:00,0
2019/02/17 01:00,0
2019/02/17 02:00,0
2019/02/17 03:00,0
2019/02/17 04:00,0
2019/02/17 05:00,0
2019/02/17 06:00,0
2019/02/17 07:00,0
2019/02/17 08:00,5.332132353
2019/02/17 09:00,11.74408961
2019/02/17 10:00,12.31457539
2019/02/17 11:00,17.98820879
2019/02/17 12:00,13.48003076
2019/02/17 13:00,13.6470492
2019/02/17 14:00,13.12277625
2019/02/17 15:00,7.796650246
2019/02/17 16:00,0.867428571
2019/02/17 17:00,2.067655678
2019/02/17 18:00,9.050618132
2019/02/17 19:00,2.85172619
2019/02/17 20:00,0
2019/02/17 21:00,0
2019/02/17 22:00,0
2019/02/17 23:00,0
2019/02/18 00:00,0
2019/02/18 01:00,0
2019/02/18 02:00,0
2019/02/18 03:00,0
2019/02/18 04:00,0
2019/02/18 05:00,1.822702703
2019/02/18 06:00,3.905791506
2019/02/18 07:00,3.905791506
2019/02/18 08:00,6.500954296
2019/02/18 09:00,13.50144292
2019/02/18 10:00,12.25891162
2019/02/18 11:00,23.42367035
2019/02/18 12:00,15.29073511
2019/02/18 13:00,0
2019/02/18 14:00,2.8875
2019/02/18 15:00,3.694285714
2019/02/18 16:00,6.078571429
2019/02/18 17:00,1.519642857
2019/02/18 18:00,7.550911747
2019/02/18 19:00,17.8580617
2019/02/18 20:00,18.78074436
2019/02/18 21:00,11.20620157
2019/02/18 22:00,9.708804308
2019/02/18 23:00,9.708804308
2019/02/19 00:00,6.808481727
2019/02/19 01:00,6.486223663
2019/02/19 02:00,6.486223663
2019/02/19 03:00,6.486223663
2019/02/19 04:00,3.459319287
2019/02/19 05:00,0
2019/02/19 06:00,0
2019/02/19 07:00,3.422648084
2019/02/19 08:00,23.01445525
2019/02/19 09:00,42.12336086
2019/02/19 10:00,35.43214921
2019/02/19 11:00,20.44282144
2019/02/19 12:00,21.87071929
2019/02/19 13:00,30.50164022
2019/02/19 14:00,16.93236114
2019/02/19 15:00,16.33678626
2019/02/19 16:00,15.5305387
2019/02/19 17:00,10.30494317
2019/02/19 18:00,20.54412686
2019/02/19 19:00,20.03641575
2019/02/19 20:00,13.88148659
2019/02/19 21:00,6.078018576
2019/02/19 22:00,6.078018576
2019/02/19 23:00,5.875417957
2019/02/20 00:00,0
2019/02/20 01:00,0
2019/02/20 02:00,0
2019/02/20 03:00,0
2019/02/20 04:00,0
2019/02/20 05:00,0.236298343
2019/02/20 06:00,9.196364387
2019/02/20 07:00,18.59315692
2019/02/20 08:00,27.59949652
2019/02/20 09:00,25.35577242
2019/02/20 10:00,24.84675075
2019/02/20 11:00,30.40760845
2019/02/20 12:00,26.79305158
2019/02/20 13:00,14.09633513
2019/02/20 14:00,5.061481119
2019/02/20 15:00,10.07057647
2019/02/20 16:00,19.51267204
2019/02/20 17:00,19.99728672
2019/02/20 18:00,10.62109554
2019/02/20 19:00,20.85471989
2019/02/20 20:00,18.30571044
2019/02/20 21:00,9.758454269
2019/02/20 22:00,4.307746479
2019/02/20 23:00,3.015422535
2019/02/21 00:00,0
2019/02/21 01:00,0
2019/02/21 02:00,0
2019/02/21 03:00,0
2019/02/21 04:00,0
2019/02/21 05:00,0
2019/02/21 06:00,4.354640884
2019/02/21 07:00,14.8324118
2019/02/21 08:00,20.40862025
2019/02/21 09:00,9.596316022
2019/02/21 10:00,10.62916159
2019/02/21 11:00,15.56638717
2019/02/21 12:00,18.8306118
2019/02/21 13:00,20.23075864
2019/02/21 14:00,23.3259441
2019/02/21 15:00,22.54668397
2019/02/21 16:00,24.18262155
2019/02/21 17:00,11.71286932
2019/02/21 18:00,24.96051613
2019/02/21 19:00,22.14764669
2019/02/21 20:00,16.39959655
2019/02/21 21:00,7.771260064
2019/02/21 22:00,4.077209302
2019/02/21 23:00,4.077209302
2019/02/22 00:00,5.019227191
2019/02/22 01:00,2.220307692
2019/02/22 02:00,0
2019/02/22 03:00,0
2019/02/22 04:00,0
2019/02/22 05:00,0
2019/02/22 06:00,3.177102273
2019/02/22 07:00,5.845685932
2019/02/22 08:00,17.90261718
2019/02/22 09:00,19.21812431
2019/02/22 10:00,20.01764929
2019/02/22 11:00,21.22246022
2019/02/22 12:00,18.93069396
2019/02/22 13:00,11.29466565
2019/02/22 14:00,11.90472266
2019/02/22 15:00,11.46878909
2019/02/22 16:00,7.067565584
2019/02/22 17:00,7.431140573
2019/02/22 18:00,11.85012633
2019/02/22 19:00,19.1385558
2019/02/22 20:00,9.499815765
2019/02/22 21:00,2.539603827
2019/02/22 22:00,2.298100559
2019/02/22 23:00,2.298100559
2019/02/23 00:00,2.298100559
2019/02/23 01:00,2.298100559
2019/02/23 02:00,3.201003784
2019/02/23 03:00,4.007275545
2019/02/23 04:00,0
2019/02/23 05:00,0
2019/02/23 06:00,0
2019/02/23 07:00,0
2019/02/23 08:00,0
2019/02/23 09:00,1.03826087
2019/02/23 10:00,0
2019/02/23 11:00,2.26875
2019/02/23 12:00,5.57152027
2019/02/23 13:00,4.264571835
2019/02/23 14:00,17.00835954
2019/02/23 15:00,13.41908051
2019/02/23 16:00,9.64347872
2019/02/23 17:00,7.78673913
2019/02/23 18:00,11.95790868
2019/02/23 19:00,18.26808885
2019/02/23 20:00,14.12073627
2019/02/23 21:00,9.950164692
2019/02/23 22:00,4.914707861
2019/02/23 23:00,7.393796674
2019/02/24 00:00,10.12509091
2019/02/24 01:00,5.306024242
2019/02/24 02:00,3.973090909
2019/02/24 03:00,1.787890909
2019/02/24 04:00,0
2019/02/24 05:00,0
2019/02/24 06:00,0
2019/02/24 07:00,0
2019/02/24 08:00,0
2019/02/24 09:00,0
2019/02/24 10:00,1.248641115
2019/02/24 11:00,6.732296699
2019/02/24 12:00,11.71690403
2019/02/24 13:00,12.2870898
2019/02/24 14:00,13.58816522
2019/02/24 15:00,9.151215529
2019/02/24 16:00,20.59630509
2019/02/24 17:00,19.89352672
2019/02/24 18:00,10.9555409
2019/02/24 19:00,8.491009042
2019/02/24 20:00,4.94382691
2019/02/24 21:00,4.887356322
2019/02/24 22:00,4.887356322
2019/02/24 23:00,2.280766284
2019/02/25 00:00,0
2019/02/25 01:00,0
2019/02/25 02:00,0
2019/02/25 03:00,0
2019/02/25 04:00,0
2019/02/25 05:00,1.722032967
2019/02/25 06:00,3.332967033
2019/02/25 07:00,3.332967033
2019/02/25 08:00,11.13930238
2019/02/25 09:00,14.71244023
2019/02/25 10:00,11.54232402
2019/02/25 11:00,11.54232402
2019/02/25 12:00,16.7658922
2019/02/25 13:00,24.81265011
2019/02/25 14:00,19.42957023
2019/02/25 15:00,16.75766964
2019/02/25 16:00,17.59986015
2019/02/25 17:00,2.636511628
2019/02/25 18:00,9.697666128
2019/02/25 19:00,19.28046111
2019/02/25 20:00,12.37252036
2019/02/25 21:00,2.182840778
2019/02/25 22:00,0
2019/02/25 23:00,1.163529412
2019/02/26 00:00,3.878431373
2019/02/26 01:00,3.878431373
2019/02/26 02:00,3.878431373
2019/02/26 03:00,3.878431373
2019/02/26 04:00,3.102745098
2019/02/26 05:00,0
2019/02/26 06:00,0.56047619
2019/02/26 07:00,5.604761905
2019/02/26 08:00,9.823808831
2019/02/26 09:00,17.65067265
2019/02/26 10:00,18.84281019
2019/02/26 11:00,15.32228261
2019/02/26 12:00,17.70619566
2019/02/26 13:00,23.13359733
2019/02/26 14:00,21.27106745
2019/02/26 15:00,3.609565282
2019/02/26 16:00,8.418843802
2019/02/26 17:00,18.57883376
2019/02/26 18:00,24.81969191
2019/02/26 19:00,18.67303252
2019/02/26 20:00,15.37811975
2019/02/26 21:00,7.110434783
2019/02/26 22:00,0.601043478
2019/02/26 23:00,0
2019/02/27 00:00,0
2019/02/27 01:00,0
2019/02/27 02:00,0
2019/02/27 03:00,0
2019/02/27 04:00,0
2019/02/27 05:00,0.13426009
2019/02/27 06:00,4.027802691
2019/02/27 07:00,4.027802691
2019/02/27 08:00,8.471755519
2019/02/27 09:00,18.68928511
2019/02/27 10:00,19.98015282
2019/02/27 11:00,24.10564226
2019/02/27 12:00,31.61930594
2019/02/27 13:00,23.05763694
2019/02/27 14:00,20.12410079
2019/02/27 15:00,14.33595021
2019/02/27 16:00,9.532481883
2019/02/27 17:00,5.244445098
2019/02/27 18:00,16.20718498
2019/02/27 19:00,11.14540541
2019/02/27 20:00,6.810915739
2019/02/27 21:00,5.784705882
2019/02/27 22:00,2.488740458
2019/02/27 23:00,4.266412214
2019/02/28 00:00,4.675301103
2019/02/28 01:00,6.617523325
2019/02/28 02:00,3.342022901
2019/02/28 03:00,0
2019/02/28 04:00,0
2019/02/28 05:00,0
2019/02/28 06:00,1.504054054
2019/02/28 07:00,6.143780047
2019/02/28 08:00,19.33373415
2019/02/28 09:00,16.73349529
2019/02/28 10:00,12.62553462
2019/02/28 11:00,13.00321319
2019/02/28 12:00,15.95873613
2019/02/28 13:00,17.12475696
2019/02/28 14:00,18.11768863
2019/02/28 15:00,24.93200746
2019/02/28 16:00,26.12527627
2019/02/28 17:00,13.36747835
2019/02/28 18:00,7.693600874
2019/02/28 19:00,9.11204825
2019/02/28 20:00,7.174273146
2019/02/28 21:00,3.058881533
2019/02/28 22:00,4.56419214
2019/02/28 23:00,6.897248908
2019/03/01 00:00,8.806113537
2019/03/01 01:00,7.360786026
2019/03/01 02:00,4.241921397
2019/03/01 03:00,1.131179039
2019/03/01 04:00,0
2019/03/01 05:00,1.556458333
2019/03/01 06:00,9.049639344
2019/03/01 07:00,14.89572722
2019/03/01 08:00,18.91237996
2019/03/01 09:00,24.14278368
2019/03/01 10:00,18.78666511
2019/03/01 11:00,13.96231679
2019/03/01 12:00,18.07217686
2019/03/01 13:00,13.88354294
2019/03/01 14:00,14.62532219
2019/03/01 15:00,16.02093862
2019/03/01 16:00,17.07952012
2019/03/01 17:00,18.52097171
2019/03/01 18:00,14.10046727
2019/03/01 19:00,6.464515261
2019/03/01 20:00,0.516574586
2019/03/01 21:00,0
2019/03/01 22:00,0
2019/03/01 23:00,0
2019/03/02 00:00,0
2019/03/02 01:00,0
2019/03/02 02:00,0
2019/03/02 03:00,0
2019/03/02 04:00,0
2019/03/02 05:00,0
2019/03/02 06:00,0
2019/03/02 07:00,0
2019/03/02 08:00,0
2019/03/02 09:00,1.214693878
2019/03/02 10:00,8.757294273
2019/03/02 11:00,11.29651703
2019/03/02 12:00,15.5995158
2019/03/02 13:00,25.78785359
2019/03/02 14:00,27.33703689
2019/03/02 15:00,21.81219044
2019/03/02 16:00,15.08285326
2019/03/02 17:00,3.153827015
2019/03/02 18:00,5.569445288
2019/03/02 19:00,6.606319704
2019/03/02 20:00,3.554716981
2019/03/02 21:00,0.177735849
2019/03/02 22:00,0
2019/03/02 23:00,0
2019/03/03 00:00,0
2019/03/03 01:00,0
2019/03/03 02:00,0
2019/03/03 03:00,0
2019/03/03 04:00,0
2019/03/03 05:00,0
2019/03/03 06:00,0
2019/03/03 07:00,0
2019/03/03 08:00,0
2019/03/03 09:00,5.067265704
2019/03/03 10:00,11.53600057
2019/03/03 11:00,15.00225462
2019/03/03 12:00,8.755233845
2019/03/03 13:00,10.4311411
2019/03/03 14:00,10.3418515
2019/03/03 15:00,12.80036015
2019/03/03 16:00,11.21066174
2019/03/03 17:00,7.319261538
2019/03/03 18:00,5.787661538
2019/03/03 19:00,9.612806366
2019/03/03 20:00,13.19361003
2019/03/03 21:00,16.05996842
2019/03/03 22:00,14.91442995
2019/03/03 23:00,8.249079131
2019/03/04 00:00,6.099310345
2019/03/04 01:00,6.099310345
2019/03/04 02:00,1.829793103
2019/03/04 03:00,0
2019/03/04 04:00,0
2019/03/04 05:00,0
2019/03/04 06:00,0
2019/03/04 07:00,0.193538462
2019/03/04 08:00,9.388217848
2019/03/04 09:00,17.71614103
2019/03/04 10:00,22.40934706
2019/03/04 11:00,30.32727077
2019/03/04 12:00,37.72826717
2019/03/04 13:00,32.68039821
2019/03/04 14:00,35.24491248
2019/03/04 15:00,23.55257061
2019/03/04 16:00,25.87147579
2019/03/04 17:00,19.24928078
2019/03/04 18:00,3.496108745
2019/03/04 19:00,0
2019/03/04 20:00,0
2019/03/04 21:00,2.903740157
2019/03/04 22:00,3.871653543
2019/03/04 23:00,3.871653543
2019/03/05 00:00,3.871653543
2019/03/05 01:00,1.871299213
2019/03/05 02:00,0
2019/03/05 03:00,0
2019/03/05 04:00,0
2019/03/05 05:00,1.329363057
2019/03/05 06:00,7.277474607
2019/03/05 07:00,14.34056005
2019/03/05 08:00,20.95121756
2019/03/05 09:00,31.116787
2019/03/05 10:00,26.5165442
2019/03/05 11:00,21.1781942
2019/03/05 12:00,27.32702212
2019/03/05 13:00,25.84849452
2019/03/05 14:00,22.29309878
2019/03/05 15:00,10.66886766
2019/03/05 16:00,4.066238806
2019/03/05 17:00,8.349290898
2019/03/05 18:00,9.670937957
2019/03/05 19:00,18.00597806
2019/03/05 20:00,16.71300354
2019/03/05 21:00,16.96180028
2019/03/05 22:00,11.70969683
2019/03/05 23:00,4.986124496
2019/03/06 00:00,4.067716535
2019/03/06 01:00,4.067716535
2019/03/06 02:00,1.491496063
2019/03/06 03:00,0
2019/03/06 04:00,0
2019/03/06 05:00,0
2019/03/06 06:00,0
2019/03/06 07:00,5.453114754
2019/03/06 08:00,4.735142177
2019/03/06 09:00,11.12488133
2019/03/06 10:00,18.35819611
2019/03/06 11:00,19.15666971
2019/03/06 12:00,3.930329254
2019/03/06 13:00,2.751660628
2019/03/06 14:00,10.69261539
2019/03/06 15:00,11.55117656
2019/03/06 16:00,24.15638039
2019/03/06 17:00,16.06957234
2019/03/06 18:00,10.84321472
2019/03/06 19:00,9.853926848
2019/03/06 20:00,6.907510184
2019/03/06 21:00,8.294873663
2019/03/06 22:00,2.250735944
2019/03/06 23:00,0
2019/03/07 00:00,0
2019/03/07 01:00,0
2019/03/07 02:00,0
2019/03/07 03:00,0
2019/03/07 04:00,0
2019/03/07 05:00,0.040367647
2019/03/07 06:00,2.422058824
2019/03/07 07:00,6.50342246
2019/03/07 08:00,5.679078606
2019/03/07 09:00,3.206858178
2019/03/07 10:00,9.508924485
2019/03/07 11:00,21.11697301
2019/03/07 12:00,26.28966235
2019/03/07 13:00,15.33520484
2019/03/07 14:00,13.31548998
2019/03/07 15:00,10.86914712
2019/03/07 16:00,2.7828125
2019/03/07 17:00,10.13650537
2019/03/07 18:00,26.37960521
2019/03/07 19:00,23.52617044
2019/03/07 20:00,23.57768422
2019/03/07 21:00,7.449512108
2019/03/07 22:00,2.236933798
2019/03/07 23:00,2.236933798
2019/03/08 00:00,6.319850465
2019/03/08 01:00,2.934017131
2019/03/08 02:00,2.236933798
2019/03/08 03:00,1.565853659
2019/03/08 04:00,0
2019/03/08 05:00,0.179242424
2019/03/08 06:00,9.298281321
2019/03/08 07:00,13.1151755
2019/03/08 08:00,17.73415635
2019/03/08 09:00,21.85366944
2019/03/08 10:00,19.74043144
2019/03/08 11:00,12.22678611
2019/03/08 12:00,6.116826923
2019/03/08 13:00,8.524059066
2019/03/08 14:00,14.19288911
2019/03/08 15:00,11.45429153
2019/03/08 16:00,6.967560756
2019/03/08 17:00,10.28558649
2019/03/08 18:00,18.19153389
2019/03/08 19:00,15.91637379
2019/03/08 20:00,11.66754944
2019/03/08 21:00,5.951351351
2019/03/08 22:00,0.099189189
2019/03/08 23:00,0
2019/03/09 00:00,0
2019/03/09 01:00,0
2019/03/09 02:00,0
2019/03/09 03:00,0
2019/03/09 04:00,0
2019/03/09 05:00,0
2019/03/09 06:00,0
2019/03/09 07:00,0
2019/03/09 08:00,4.48
2019/03/09 09:00,6.591176471
2019/03/09 10:00,10.99409987
2019/03/09 11:00,14.60423629
2019/03/09 12:00,24.92965448
2019/03/09 13:00,26.60986467
2019/03/09 14:00,12.00096822
2019/03/09 15:00,5.568411158
2019/03/09 16:00,11.10251023
2019/03/09 17:00,4.501791374
2019/03/09 18:00,10.51203579
2019/03/09 19:00,18.4550595
2019/03/09 20:00,18.9140723
2019/03/09 21:00,12.05611964
2019/03/09 22:00,0
2019/03/09 23:00,0
2019/03/10 00:00,0
2019/03/10 01:00,0
2019/03/10 02:00,0
2019/03/10 03:00,0
2019/03/10 04:00,0
2019/03/10 05:00,0
2019/03/10 06:00,0.207460317
2019/03/10 07:00,6.223809524
2019/03/10 08:00,9.534145094
2019/03/10 09:00,6.774014595
2019/03/10 10:00,11.7092211
2019/03/10 11:00,8.882672608
2019/03/10 12:00,16.24956419
2019/03/10 13:00,17.53828935
2019/03/10 14:00,10.97192994
2019/03/10 15:00,10.13594939
2019/03/10 16:00,6.302943893
2019/03/10 17:00,2.020609756
2019/03/10 18:00,12.85947154
2019/03/10 19:00,15.43036585
2019/03/10 20:00,12.15247967
2019/03/10 21:00,5.034146341
2019/03/10 22:00,0.922926829
2019/03/10 23:00,0
2019/03/11 00:00,0
2019/03/11 01:00,0
2019/03/11 02:00,0
2019/03/11 03:00,0
2019/03/11 04:00,0
2019/03/11 05:00,0
2019/03/11 06:00,0
2019/03/11 07:00,0
2019/03/11 08:00,4.398055327
2019/03/11 09:00,9.112094081
2019/03/11 10:00,18.32020481
2019/03/11 11:00,18.95055897
2019/03/11 12:00,11.35541149
2019/03/11 13:00,4.803675325
2019/03/11 14:00,0
2019/03/11 15:00,0.576481481
2019/03/11 16:00,6.667233252
2019/03/11 17:00,15.27358908
2019/03/11 18:00,23.34749073
2019/03/11 19:00,25.76828677
2019/03/11 20:00,12.01135975
2019/03/11 21:00,5.404014536
2019/03/11 22:00,4.559073359
2019/03/11 23:00,4.559073359
2019/03/12 00:00,2.963397683
2019/03/12 01:00,0
2019/03/12 02:00,0
2019/03/12 03:00,0
2019/03/12 04:00,0
2019/03/12 05:00,1.775632911
2019/03/12 06:00,3.436708861
2019/03/12 07:00,4.862542194
2019/03/12 08:00,6.534625838
2019/03/12 09:00,11.35697371
2019/03/12 10:00,6.712160258
2019/03/12 11:00,14.31918875
2019/03/12 12:00,15.93554118
2019/03/12 13:00,5.705197724
2019/03/12 14:00,0
2019/03/12 15:00,0
2019/03/12 16:00,7.912668316
2019/03/12 17:00,17.61771617
2019/03/12 18:00,11.69297766
2019/03/12 19:00,7.830619081
2019/03/12 20:00,6.941207316
2019/03/12 21:00,6.941207316
2019/03/12 22:00,5.091862338
2019/03/12 23:00,3.770901639
2019/03/13 00:00,3.770901639
2019/03/13 01:00,0.439938525
2019/03/13 02:00,0
2019/03/13 03:00,0
2019/03/13 04:00,0
2019/03/13 05:00,0.368932039
2019/03/13 06:00,2.766990291
2019/03/13 07:00,1.61407767
2019/03/13 08:00,0
2019/03/13 09:00,0
2019/03/13 10:00,0
2019/03/13 11:00,0
2019/03/13 12:00,1.839
2019/03/13 13:00,4.243846154
2019/03/13 14:00,4.243846154
2019/03/13 15:00,4.243846154
2019/03/13 16:00,3.819461538
2019/03/13 17:00,0
2019/03/13 18:00,0
2019/03/13 19:00,0
2019/03/13 20:00,0
2019/03/13 21:00,0
2019/03/13 22:00,0
2019/03/13 23:00,0
2019/03/14 00:00,0
2019/03/14 01:00,0
2019/03/14 02:00,0
2019/03/14 03:00,0
2019/03/14 04:00,0
2019/03/14 05:00,0
2019/03/14 06:00,0
2019/03/14 07:00,0
2019/03/14 08:00,0
2019/03/14 09:00,1.962295082
2019/03/14 10:00,4.503324113
2019/03/14 11:00,1.983215161
2019/03/14 12:00,9.456824281
2019/03/14 13:00,20.63315812
2019/03/14 14:00,20.402507
2019/03/14 15:00,14.4573599
2019/03/14 16:00,9.920691347
2019/03/14 17:00,4.351029412
2019/03/14 18:00,9.512999844
2019/03/14 19:00,11.85609574
2019/03/14 20:00,6.145
2019/03/14 21:00,2.0755
2019/03/14 22:00,0
2019/03/14 23:00,0
2019/03/15 00:00,0.971428571
2019/03/15 01:00,1.068571429
2019/03/15 02:00,0
2019/03/15 03:00,0
2019/03/15 04:00,0
2019/03/15 05:00,0.134836066
2019/03/15 06:00,4.045081967
2019/03/15 07:00,5.96356538
2019/03/15 08:00,9.800532204
2019/03/15 09:00,19.06123941
2019/03/15 10:00,21.54005573
2019/03/15 11:00,10.4426722
2019/03/15 12:00,12.98722991
2019/03/15 13:00,4.094911013
2019/03/15 14:00,9.449933896
2019/03/15 15:00,11.55319289
2019/03/15 16:00,9.933253448
2019/03/15 17:00,21.07741769
2019/03/15 18:00,23.77594315
2019/03/15 19:00,20.04881
2019/03/15 20:00,8.736614952
2019/03/15 21:00,5.2047101
2019/03/15 22:00,0
2019/03/15 23:00,0
2019/03/16 00:00,0
2019/03/16 01:00,0
2019/03/16 02:00,0
2019/03/16 03:00,0
2019/03/16 04:00,0
2019/03/16 05:00,0
2019/03/16 06:00,0
2019/03/16 07:00,7.042362708
2019/03/16 08:00,9.029512292
2019/03/16 09:00,5.471388598
2019/03/16 10:00,3.948953975
2019/03/16 11:00,8.545382546
2019/03/16 12:00,20.264242
2019/03/16 13:00,26.72311371
2019/03/16 14:00,24.98486816
2019/03/16 15:00,29.61424718
2019/03/16 16:00,13.55965554
2019/03/16 17:00,12.85901616
2019/03/16 18:00,27.07461875
2019/03/16 19:00,25.16465191
2019/03/16 20:00,14.41331613
2019/03/16 21:00,1.327857143
2019/03/16 22:00,0
2019/03/16 23:00,2.849446494
2019/03/17 00:00,4.383763838
2019/03/17 01:00,4.383763838
2019/03/17 02:00,4.383763838
2019/03/17 03:00,3.799261993
2019/03/17 04:00,0
2019/03/17 05:00,0
2019/03/17 06:00,0
2019/03/17 07:00,0
2019/03/17 08:00,4.728299876
2019/03/17 09:00,9.685844344
2019/03/17 10:00,13.03790694
2019/03/17 11:00,21.9332817
2019/03/17 12:00,20.32822683
2019/03/17 13:00,8.280985759
2019/03/17 14:00,1.916462695
2019/03/17 15:00,11.48733558
2019/03/17 16:00,30.72363614
2019/03/17 17:00,25.98936864
2019/03/17 18:00,11.78947245
2019/03/17 19:00,7.274633581
2019/03/17 20:00,0.169090909
2019/03/17 21:00,0
2019/03/17 22:00,0
2019/03/17 23:00,0
2019/03/18 00:00,0
2019/03/18 01:00,0
2019/03/18 02:00,0
2019/03/18 03:00,0
2019/03/18 04:00,0
2019/03/18 05:00,1.961411765
2019/03/18 06:00,4.83669969
2019/03/18 07:00,6.989226006
2019/03/18 08:00,15.50741556
2019/03/18 09:00,25.49045987
2019/03/18 10:00,42.39485426
2019/03/18 11:00,41.27847793
2019/03/18 12:00,28.90124021
2019/03/18 13:00,24.10035973
2019/03/18 14:00,19.2267594
2019/03/18 15:00,14.67105287
2019/03/18 16:00,22.59095974
2019/03/18 17:00,18.81015379
2019/03/18 18:00,5.53753176
2019/03/18 19:00,9.691079043
2019/03/18 20:00,9.766027807
2019/03/18 21:00,10.80147083
2019/03/18 22:00,7.689227731
2019/03/18 23:00,7.689227731
2019/03/19 00:00,6.793520184
2019/03/19 01:00,0.301860465
2019/03/19 02:00,0
2019/03/19 03:00,0
2019/03/19 04:00,0
2019/03/19 05:00,3.055629139
2019/03/19 06:00,9.848330521
2019/03/19 07:00,15.58858795
2019/03/19 08:00,16.37517201
2019/03/19 09:00,23.47873487
2019/03/19 10:00,23.04721362
2019/03/19 11:00,15.97405602
2019/03/19 12:00,18.56695244
2019/03/19 13:00,28.04199788
2019/03/19 14:00,29.26345934
2019/03/19 15:00,26.47490228
2019/03/19 16:00,26.1123278
2019/03/19 17:00,22.57529973
2019/03/19 18:00,15.87216225
2019/03/19 19:00,20.08200411
2019/03/19 20:00,10.2698367
2019/03/19 21:00,3.453333333
2019/03/19 22:00,0
2019/03/19 23:00,0
2019/03/20 00:00,0
2019/03/20 01:00,0
2019/03/20 02:00,0
2019/03/20 03:00,0
2019/03/20 04:00,0
2019/03/20 05:00,0
2019/03/20 06:00,1.054080882
2019/03/20 07:00,12.61248501
2019/03/20 08:00,26.25375611
2019/03/20 09:00,27.8992123
2019/03/20 10:00,30.99108038
2019/03/20 11:00,34.12796819
2019/03/20 12:00,32.10135794
2019/03/20 13:00,35.11620755
2019/03/20 14:00,27.87841127
2019/03/20 15:00,19.68117165
2019/03/20 16:00,18.25876451
2019/03/20 17:00,28.32877299
2019/03/20 18:00,31.81535207
2019/03/20 19:00,25.39704847
2019/03/20 20:00,8.787651888
2019/03/20 21:00,4.042133333
2019/03/20 22:00,0
2019/03/20 23:00,0
2019/03/21 00:00,0
2019/03/21 01:00,0
2019/03/21 02:00,0
2019/03/21 03:00,0
2019/03/21 04:00,0
2019/03/21 05:00,0.22
2019/03/21 06:00,4.209
2019/03/21 07:00,11.56909353
2019/03/21 08:00,15.66588118
2019/03/21 09:00,12.65221982
2019/03/21 10:00,15.17045618
2019/03/21 11:00,21.91648255
2019/03/21 12:00,21.2196051
2019/03/21 13:00,19.44178282
2019/03/21 14:00,19.22409728
2019/03/21 15:00,17.36469598
2019/03/21 16:00,9.46160981
2019/03/21 17:00,5.140075758
2019/03/21 18:00,11.70362966
2019/03/21 19:00,22.6351544
2019/03/21 20:00,21.17879818
2019/03/21 21:00,7.32810206
2019/03/21 22:00,3.987959772
2019/03/21 23:00,3.281355932
2019/03/22 00:00,0
2019/03/22 01:00,0
2019/03/22 02:00,0
2019/03/22 03:00,0
2019/03/22 04:00,0
2019/03/22 05:00,2.285836753
2019/03/22 06:00,9.972530553
2019/03/22 07:00,13.62421705
2019/03/22 08:00,30.85978283
2019/03/22 09:00,45.17264707
2019/03/22 10:00,31.15341729
2019/03/22 11:00,19.56034303
2019/03/22 12:00,21.47325409
2019/03/22 13:00,14.12131817
2019/03/22 14:00,8.606140993
2019/03/22 15:00,22.81088573
2019/03/22 16:00,25.08909674
2019/03/22 17:00,21.42901538
2019/03/22 18:00,20.6224309
2019/03/22 19:00,9.807324395
2019/03/22 20:00,3.569226841
2019/03/22 21:00,6.783001676
2019/03/22 22:00,4.109411314
2019/03/22 23:00,1.272119205
2019/03/23 00:00,0
2019/03/23 01:00,0
2019/03/23 02:00,0
2019/03/23 03:00,0
2019/03/23 04:00,0
2019/03/23 05:00,0
2019/03/23 06:00,0.309722222
2019/03/23 07:00,1.920277778
2019/03/23 08:00,0
2019/03/23 09:00,0
2019/03/23 10:00,0
2019/03/23 11:00,1.30969163
2019/03/23 12:00,8.214984469
2019/03/23 13:00,11.39645883
2019/03/23 14:00,12.21303812
2019/03/23 15:00,12.62941919
2019/03/23 16:00,3.666407767
2019/03/23 17:00,12.85578861
2019/03/23 18:00,17.06667891
2019/03/23 19:00,12.55966159
2019/03/23 20:00,11.32566159
2019/03/23 21:00,2.192209302
2019/03/23 22:00,0
2019/03/23 23:00,0
2019/03/24 00:00,0
2019/03/24 01:00,0
2019/03/24 02:00,0
2019/03/24 03:00,0
2019/03/24 04:00,0
2019/03/24 05:00,0
2019/03/24 06:00,0
2019/03/24 07:00,2.090790835
2019/03/24 08:00,14.46850317
2019/03/24 09:00,23.95944843
2019/03/24 10:00,34.45568392
2019/03/24 11:00,34.35583577
2019/03/24 12:00,11.36640455
2019/03/24 13:00,6.038039216
2019/03/24 14:00,11.97141895
2019/03/24 15:00,16.01765686
2019/03/24 16:00,16.52169077
2019/03/24 17:00,12.38288282
2019/03/24 18:00,15.39250733
2019/03/24 19:00,3.527068429
2019/03/24 20:00,0
2019/03/24 21:00,0
2019/03/24 22:00,0
2019/03/24 23:00,0
2019/03/25 00:00,0
2019/03/25 01:00,0
2019/03/25 02:00,0
2019/03/25 03:00,0
2019/03/25 04:00,0
2019/03/25 05:00,0
2019/03/25 06:00,2.5974
2019/03/25 07:00,8.531016393
2019/03/25 08:00,16.2901022
2019/03/25 09:00,24.68169485
2019/03/25 10:00,24.95867976
2019/03/25 11:00,22.87471691
2019/03/25 12:00,13.05921734
2019/03/25 13:00,18.35243365
2019/03/25 14:00,14.32476305
2019/03/25 15:00,16.97542203
2019/03/25 16:00,12.38261737
2019/03/25 17:00,14.21108439
2019/03/25 18:00,10.40725298
2019/03/25 19:00,9.668571429
2019/03/25 20:00,9.668571429
2019/03/25 21:00,11.18933855
2019/03/25 22:00,5.933759295
2019/03/25 23:00,0
2019/03/26 00:00,0
2019/03/26 01:00,0
2019/03/26 02:00,0
2019/03/26 03:00,0
2019/03/26 04:00,0
2019/03/26 05:00,0.262954545
2019/03/26 06:00,6.010032468
2019/03/26 07:00,11.43746419
2019/03/26 08:00,15.32146238
2019/03/26 09:00,17.841517
2019/03/26 10:00,12.28492583
2019/03/26 11:00,19.97889715
2019/03/26 12:00,24.94975193
2019/03/26 13:00,10.84550527
2019/03/26 14:00,8.737676907
2019/03/26 15:00,12.99627315
2019/03/26 16:00,15.92730599
2019/03/26 17:00,17.50967259
2019/03/26 18:00,13.1476544
2019/03/26 19:00,19.86940529
2019/03/26 20:00,18.62859184
2019/03/26 21:00,1.840909091
2019/03/26 22:00,0
2019/03/26 23:00,0
2019/03/27 00:00,0
2019/03/27 01:00,0
2019/03/27 02:00,0
2019/03/27 03:00,0
2019/03/27 04:00,0
2019/03/27 05:00,0
2019/03/27 06:00,3.156933577
2019/03/27 07:00,15.1816566
2019/03/27 08:00,8.325818168
2019/03/27 09:00,19.54476813
2019/03/27 10:00,14.35807562
2019/03/27 11:00,5.17314007
2019/03/27 12:00,11.6425292
2019/03/27 13:00,9.465022371
2019/03/27 14:00,9.96887845
2019/03/27 15:00,14.80455348
2019/03/27 16:00,11.33625686
2019/03/27 17:00,10.83177162
2019/03/27 18:00,7.019677501
2019/03/27 19:00,2.470950739
2019/03/27 20:00,4.00137931
2019/03/27 21:00,3.601241379
2019/03/27 22:00,0
2019/03/27 23:00,0
2019/03/28 00:00,0
2019/03/28 01:00,0
2019/03/28 02:00,0
2019/03/28 03:00,0
2019/03/28 04:00,0
2019/03/28 05:00,0
2019/03/28 06:00,2.465337423
2019/03/28 07:00,3.287116564
2019/03/28 08:00,3.177546012
2019/03/28 09:00,4.854094853
2019/03/28 10:00,7.069363794
2019/03/28 11:00,10.88965824
2019/03/28 12:00,4.58961039
2019/03/28 13:00,2.677272727
2019/03/28 14:00,2.644012821
2019/03/28 15:00,4.862141026
2019/03/28 16:00,1.616463604
2019/03/28 17:00,5.359731544
2019/03/28 18:00,8.503805618
2019/03/28 19:00,5.235697241
2019/03/28 20:00,8.806882255
2019/03/28 21:00,5.903072344
2019/03/28 22:00,4.041290323
2019/03/28 23:00,4.041290323
2019/03/29 00:00,0.875612903
2019/03/29 01:00,0
2019/03/29 02:00,0
2019/03/29 03:00,0
2019/03/29 04:00,0
2019/03/29 05:00,0.214041451
2019/03/29 06:00,6.814500891
2019/03/29 07:00,12.98127309
2019/03/29 08:00,12.41868882
2019/03/29 09:00,14.26410984
2019/03/29 10:00,13.66555336
2019/03/29 11:00,13.43326133
2019/03/29 12:00,18.53859313
2019/03/29 13:00,17.44890081
2019/03/29 14:00,3.654473684
2019/03/29 15:00,0.644722323
2019/03/29 16:00,3.289655172
2019/03/29 17:00,7.958120066
2019/03/29 18:00,6.267397175
2019/03/29 19:00,2.425224719
2019/03/29 20:00,10.10898876
2019/03/29 21:00,5.517977528
2019/03/29 22:00,2.857808989
2019/03/29 23:00,0
2019/03/30 00:00,0
2019/03/30 01:00,0
2019/03/30 02:00,0
2019/03/30 03:00,0
2019/03/30 04:00,0
2019/03/30 05:00,0
2019/03/30 06:00,2.294545455
2019/03/30 07:00,6.608663559
2019/03/30 08:00,6.534568765
2019/03/30 09:00,5.429259259
2019/03/30 10:00,4.356666667
2019/03/30 11:00,5.850153856
2019/03/30 12:00,9.321579453
2019/03/30 13:00,5.959740921
2019/03/30 14:00,3.920737558
2019/03/30 15:00,18.28274945
2019/03/30 16:00,21.45583122
2019/03/30 17:00,9.809589294
2019/03/30 18:00,8.662818591
2019/03/30 19:00,14.00098013
2019/03/30 20:00,10.7010922
2019/03/30 21:00,1.111023622
2019/03/30 22:00,0
2019/03/30 23:00,0
2019/03/31 00:00,0
2019/03/31 01:00,0
2019/03/31 02:00,0
2019/03/31 03:00,0
2019/03/31 04:00,0
2019/03/31 05:00,0
2019/03/31 06:00,0
2019/03/31 07:00,0
2019/03/31 08:00,0
2019/03/31 09:00,0
2019/03/31 10:00,0.651975845
2019/03/31 11:00,9.359855072
2019/03/31 12:00,12.64052582
2019/03/31 13:00,13.23024582
2019/03/31 14:00,7.415346154
2019/03/31 15:00,10.18038462
2019/03/31 16:00,6.713321343
2019/03/31 17:00,7.817419664
2019/03/31 18:00,13.74408355
2019/03/31 19:00,7.65116671
2019/03/31 20:00,8.187153228
2019/03/31 21:00,4.610837438
2019/03/31 22:00,4.610837438
2019/03/31 23:00,0.076847291
2019/04/01 00:00,0
2019/04/01 01:00,0
2019/04/01 02:00,0
2019/04/01 03:00,0
2019/04/01 04:00,0
2019/04/01 05:00,1.962197802
2019/04/01 06:00,4.297802198
2019/04/01 07:00,15.46133161
2019/04/01 08:00,11.50048756
2019/04/01 09:00,29.44677847
2019/04/01 10:00,31.88609427
2019/04/01 11:00,23.90075182
2019/04/01 12:00,21.29498911
2019/04/01 13:00,11.03413708
2019/04/01 14:00,10.24595526
2019/04/01 15:00,10.6921578
2019/04/01 16:00,18.93813173
2019/04/01 17:00,14.0675082
2019/04/01 18:00,16.07368649
2019/04/01 19:00,28.76052406
2019/04/01 20:00,17.87571485
2019/04/01 21:00,9.441751688
2019/04/01 22:00,0
2019/04/01 23:00,0
2019/04/02 00:00,0
2019/04/02 01:00,0
2019/04/02 02:00,0
2019/04/02 03:00,0
2019/04/02 04:00,0
2019/04/02 05:00,1.988961039
2019/04/02 06:00,6.448556999
2019/04/02 07:00,8.077287157
2019/04/02 08:00,5.566711511
2019/04/02 09:00,16.87602366
2019/04/02 10:00,16.27107234
2019/04/02 11:00,7.422142013
2019/04/02 12:00,10.71359505
2019/04/02 13:00,17.96432561
2019/04/02 14:00,17.58365553
2019/04/02 15:00,23.53727759
2019/04/02 16:00,28.11249972
2019/04/02 17:00,27.10484949
2019/04/02 18:00,28.9651055
2019/04/02 19:00,25.00783657
2019/04/02 20:00,16.31557421
2019/04/02 21:00,14.39510326
2019/04/02 22:00,13.64064043
2019/04/02 23:00,14.70128043
2019/04/03 00:00,9.918927488
2019/04/03 01:00,9.484168129
2019/04/03 02:00,2.394406282
2019/04/03 03:00,0
2019/04/03 04:00,0
2019/04/03 05:00,0
2019/04/03 06:00,5.662086331
2019/04/03 07:00,10.65298234
2019/04/03 08:00,13.06476839
2019/04/03 09:00,24.57696062
2019/04/03 10:00,28.28954582
2019/04/03 11:00,25.16471845
2019/04/03 12:00,25.40759045
2019/04/03 13:00,9.493653169
2019/04/03 14:00,5.26264066
2019/04/03 15:00,4.795574597
2019/04/03 16:00,15.12445551
2019/04/03 17:00,8.659556704
2019/04/03 18:00,6.891531857
2019/04/03 19:00,15.82300547
2019/04/03 20:00,15.39976608
2019/04/03 21:00,5.654941823
2019/04/03 22:00,5.455656109
2019/04/03 23:00,5.455656109
2019/04/04 00:00,5.455656109
2019/04/04 01:00,5.455656109
2019/04/04 02:00,4.273597285
2019/04/04 03:00,0
2019/04/04 04:00,0
2019/04/04 05:00,0.277922078
2019/04/04 06:00,5.08197141
2019/04/04 07:00,9.25774169
2019/04/04 08:00,17.3338843
2019/04/04 09:00,17.47613961
2019/04/04 10:00,17.91253787
2019/04/04 11:00,7.935919545
2019/04/04 12:00,4.710679612
2019/04/04 13:00,1.413203883
2019/04/04 14:00,2.675380004
2019/04/04 15:00,16.43017331
2019/04/04 16:00,16.74529963
2019/04/04 17:00,8.045668789
2019/04/04 18:00,3.552173913
2019/04/04 19:00,12.21854683
2019/04/04 20:00,12.37956863
2019/04/04 21:00,3.573188889
2019/04/04 22:00,3.746342857
2019/04/04 23:00,4.241142857
2019/04/05 00:00,4.241142857
2019/04/05 01:00,0.141371429
2019/04/05 02:00,0
2019/04/05 03:00,0
2019/04/05 04:00,0
2019/04/05 05:00,1.421826923
2019/04/05 06:00,6.599251321
2019/04/05 07:00,8.775918762
2019/04/05 08:00,21.88474501
2019/04/05 09:00,27.56142693
2019/04/05 10:00,18.46511984
2019/04/05 11:00,24.49195148
2019/04/05 12:00,17.91453852
2019/04/05 13:00,17.30220825
2019/04/05 14:00,17.52163761
2019/04/05 15:00,7.735791542
2019/04/05 16:00,20.68489623
2019/04/05 17:00,23.55743902
2019/04/05 18:00,18.11113322
2019/04/05 19:00,12.56415617
2019/04/05 20:00,5.557959184
2019/04/05 21:00,0
2019/04/05 22:00,0
2019/04/05 23:00,0
2019/04/06 00:00,0
2019/04/06 01:00,0
2019/04/06 02:00,0
2019/04/06 03:00,0
2019/04/06 04:00,0
2019/04/06 05:00,0
2019/04/06 06:00,0.215666667
2019/04/06 07:00,6.254333333
2019/04/06 08:00,1.105757954
2019/04/06 09:00,12.13258417
2019/04/06 10:00,15.43902505
2019/04/06 11:00,12.3334791
2019/04/06 12:00,14.24574577
2019/04/06 13:00,11.98946556
2019/04/06 14:00,7.472652397
2019/04/06 15:00,15.91564533
2019/04/06 16:00,11.46118497
2019/04/06 17:00,9.267244792
2019/04/06 18:00,11.70065483
2019/04/06 19:00,11.27364766
2019/04/06 20:00,9.057814116
2019/04/06 21:00,3.467755308
2019/04/06 22:00,1.767342995
2019/04/06 23:00,0
2019/04/07 00:00,0
2019/04/07 01:00,0
2019/04/07 02:00,0
2019/04/07 03:00,0
2019/04/07 04:00,0
2019/04/07 05:00,0
2019/04/07 06:00,0
2019/04/07 07:00,0
2019/04/07 08:00,9.433802223
2019/04/07 09:00,7.13084894
2019/04/07 10:00,15.9388242
2019/04/07 11:00,25.56271475
2019/04/07 12:00,20.77002234
2019/04/07 13:00,13.98998215
2019/04/07 14:00,4.849154225
2019/04/07 15:00,3.260904542
2019/04/07 16:00,16.48641629
2019/04/07 17:00,10.09267917
2019/04/07 18:00,2.531746032
2019/04/07 19:00,3.848253968
2019/04/07 20:00,0
2019/04/07 21:00,1.981929825
2019/04/07 22:00,9.993202283
2019/04/07 23:00,7.974166138
2019/04/08 00:00,4.573684211
2019/04/08 01:00,1.677017544
2019/04/08 02:00,0
2019/04/08 03:00,0
2019/04/08 04:00,0
2019/04/08 05:00,3.406383374
2019/04/08 06:00,7.082413182
2019/04/08 07:00,7.889079848
2019/04/08 08:00,16.4316594
2019/04/08 09:00,33.0325632
2019/04/08 10:00,32.41130169
2019/04/08 11:00,29.96683835
2019/04/08 12:00,28.75740659
2019/04/08 13:00,20.06503335
2019/04/08 14:00,17.5933555
2019/04/08 15:00,15.10667965
2019/04/08 16:00,19.00103074
2019/04/08 17:00,14.53079697
2019/04/08 18:00,2.035458167
2019/04/08 19:00,1.971666667
2019/04/08 20:00,3.033333333
2019/04/08 21:00,1.365
2019/04/08 22:00,0
2019/04/08 23:00,0
2019/04/09 00:00,0
2019/04/09 01:00,0
2019/04/09 02:00,0
2019/04/09 03:00,0
2019/04/09 04:00,0
2019/04/09 05:00,8.70880532
2019/04/09 06:00,12.43344521
2019/04/09 07:00,10.60366672
2019/04/09 08:00,18.4445076
2019/04/09 09:00,17.47906465
2019/04/09 10:00,9.111827309
2019/04/09 11:00,7.939377637
2019/04/09 12:00,4.759517544
2019/04/09 13:00,8.815082129
2019/04/09 14:00,6.757717088
2019/04/09 15:00,12.59211232
2019/04/09 16:00,13.05376711
2019/04/09 17:00,19.45827827
2019/04/09 18:00,11.95501592
2019/04/09 19:00,9.332019759
2019/04/09 20:00,16.41801485
2019/04/09 21:00,9.065031163
2019/04/09 22:00,2.450255319
2019/04/09 23:00,4.758510638
2019/04/10 00:00,4.758510638
2019/04/10 01:00,4.758510638
2019/04/10 02:00,0.475851064
2019/04/10 03:00,0
2019/04/10 04:00,0
2019/04/10 05:00,1.277678086
2019/04/10 06:00,7.485668951
2019/04/10 07:00,7.485668951
2019/04/10 08:00,6.889962736
2019/04/10 09:00,9.807916136
2019/04/10 10:00,9.474742991
2019/04/10 11:00,8.984044639
2019/04/10 12:00,11.66959314
2019/04/10 13:00,17.9466385
2019/04/10 14:00,5.738085869
2019/04/10 15:00,2.051685393
2019/04/10 16:00,2.901156849
2019/04/10 17:00,7.5700149
2019/04/10 18:00,3.004761905
2019/04/10 19:00,1.608263305
2019/04/10 20:00,3.30604795
2019/04/10 21:00,6.912909091
2019/04/10 22:00,6.912909091
2019/04/10 23:00,5.220009091
2019/04/11 00:00,3.150909091
2019/04/11 01:00,3.150909091
2019/04/11 02:00,1.470424242
2019/04/11 03:00,0
2019/04/11 04:00,0
2019/04/11 05:00,0
2019/04/11 06:00,0.82018018
2019/04/11 07:00,3.940955676
2019/04/11 08:00,12.57659565
2019/04/11 09:00,14.1251719
2019/04/11 10:00,7.65132116
2019/04/11 11:00,3.496279027
2019/04/11 12:00,5.032544465
2019/04/11 13:00,14.92490975
2019/04/11 14:00,20.99843752
2019/04/11 15:00,14.73027134
2019/04/11 16:00,10.08846154
2019/04/11 17:00,10.26002075
2019/04/11 18:00,11.21992992
2019/04/11 19:00,8.034921117
2019/04/11 20:00,0
2019/04/11 21:00,0
2019/04/11 22:00,0
2019/04/11 23:00,0
2019/04/12 00:00,0
2019/04/12 01:00,0
2019/04/12 02:00,0
2019/04/12 03:00,0
2019/04/12 04:00,0
2019/04/12 05:00,0
2019/04/12 06:00,4.389134627
2019/04/12 07:00,10.52032628
2019/04/12 08:00,10.18750496
2019/04/12 09:00,16.59116783
2019/04/12 10:00,19.8874136
2019/04/12 11:00,21.68671698
2019/04/12 12:00,26.91597202
2019/04/12 13:00,20.25195191
2019/04/12 14:00,6.676278293
2019/04/12 15:00,10.28429649
2019/04/12 16:00,5.109662341
2019/04/12 17:00,19.48677295
2019/04/12 18:00,30.31464657
2019/04/12 19:00,21.15769892
2019/04/12 20:00,20.3930239
2019/04/12 21:00,9.134401127
2019/04/12 22:00,3.62519337
2019/04/12 23:00,0
2019/04/13 00:00,0
2019/04/13 01:00,0
2019/04/13 02:00,0
2019/04/13 03:00,0
2019/04/13 04:00,0
2019/04/13 05:00,0
2019/04/13 06:00,0
2019/04/13 07:00,0
2019/04/13 08:00,10.11110151
2019/04/13 09:00,23.22277044
2019/04/13 10:00,9.822112897
2019/04/13 11:00,14.44962121
2019/04/13 12:00,14.12222499
2019/04/13 13:00,17.96625228
2019/04/13 14:00,7.045916667
2019/04/13 15:00,2.04
2019/04/13 16:00,19.33738642
2019/04/13 17:00,28.9379719
2019/04/13 18:00,23.91840793
2019/04/13 19:00,16.1624918
2019/04/13 20:00,10.35507027
2019/04/13 21:00,6.67981203
2019/04/13 22:00,4.546584971
2019/04/13 23:00,4.35193133
2019/04/14 00:00,4.35193133
2019/04/14 01:00,4.35193133
2019/04/14 02:00,3.336480687
2019/04/14 03:00,0
2019/04/14 04:00,0
2019/04/14 05:00,0
2019/04/14 06:00,0
2019/04/14 07:00,0
2019/04/14 08:00,2.675077314
2019/04/14 09:00,11.0487408
2019/04/14 10:00,16.16156211
2019/04/14 11:00,29.93493781
2019/04/14 12:00,27.47014995
2019/04/14 13:00,23.21668846
2019/04/14 14:00,21.12787716
2019/04/14 15:00,34.0437019
2019/04/14 16:00,32.18419814
2019/04/14 17:00,40.62591858
2019/04/14 18:00,25.34711431
2019/04/14 19:00,9.71263612
2019/04/14 20:00,7.330052795
2019/04/14 21:00,2.034285714
2019/04/14 22:00,6.102857143
2019/04/14 23:00,0
2019/04/15 00:00,0.707577855
2019/04/15 01:00,3.265743945
2019/04/15 02:00,3.265743945
2019/04/15 03:00,3.265743945
2019/04/15 04:00,3.265743945
2019/04/15 05:00,3.093034153
2019/04/15 06:00,3.091603053
2019/04/15 07:00,2.79480916
2019/04/15 08:00,4.475573664
2019/04/15 09:00,12.18207984
2019/04/15 10:00,12.34765495
2019/04/15 11:00,12.42386636
2019/04/15 12:00,16.32460141
2019/04/15 13:00,14.19589417
2019/04/15 14:00,14.96351955
2019/04/15 15:00,14.65218536
2019/04/15 16:00,22.88986723
2019/04/15 17:00,21.78408937
2019/04/15 18:00,16.66985271
2019/04/15 19:00,9.182157983
2019/04/15 20:00,11.46706597
2019/04/15 21:00,5.988726852
2019/04/15 22:00,3.840625
2019/04/15 23:00,1.472239583
2019/04/16 00:00,0
2019/04/16 01:00,0
2019/04/16 02:00,0
2019/04/16 03:00,0
2019/04/16 04:00,0
2019/04/16 05:00,0
2019/04/16 06:00,3.812244898
2019/04/16 07:00,11.50268107
2019/04/16 08:00,10.70728456
2019/04/16 09:00,7.473349282
2019/04/16 10:00,12.81057914
2019/04/16 11:00,16.02017329
2019/04/16 12:00,15.44835806
2019/04/16 13:00,6.894949495
2019/04/16 14:00,9.455282218
2019/04/16 15:00,12.93478692
2019/04/16 16:00,8.087851841
2019/04/16 17:00,11.39385245
2019/04/16 18:00,18.46104518
2019/04/16 19:00,16.7300488
2019/04/16 20:00,14.93061069
2019/04/16 21:00,13.88758702
2019/04/16 22:00,11.49670175
2019/04/16 23:00,11.34594152
2019/04/17 00:00,6.973894737
2019/04/17 01:00,6.973894737
2019/04/17 02:00,6.973894737
2019/04/17 03:00,6.973894737
2019/04/17 04:00,6.973894737
2019/04/17 05:00,3.719410526
2019/04/17 06:00,2.882317073
2019/04/17 07:00,6.301696532
2019/04/17 08:00,8.643336428
2019/04/17 09:00,24.6342214
2019/04/17 10:00,16.35451856
2019/04/17 11:00,12.86439179
2019/04/17 12:00,24.74872192
2019/04/17 13:00,14.01769838
2019/04/17 14:00,12.57245652
2019/04/17 15:00,19.03898318
2019/04/17 16:00,20.41730686
2019/04/17 17:00,19.72530061
2019/04/17 18:00,14.08230938
2019/04/17 19:00,2.928320313
2019/04/17 20:00,4.613142857
2019/04/17 21:00,2.406857143
2019/04/17 22:00,3.555844749
2019/04/17 23:00,4.961643836
2019/04/18 00:00,7.21097119
2019/04/18 01:00,9.129522288
2019/04/18 02:00,4.498654709
2019/04/18 03:00,4.498654709
2019/04/18 04:00,0.97470852
2019/04/18 05:00,0
2019/04/18 06:00,1.576956522
2019/04/18 07:00,7.503660272
2019/04/18 08:00,12.39036747
2019/04/18 09:00,17.75105957
2019/04/18 10:00,15.49969815
2019/04/18 11:00,18.94564611
2019/04/18 12:00,19.16138567
2019/04/18 13:00,20.38424799
2019/04/18 14:00,21.27985136
2019/04/18 15:00,18.54598319
2019/04/18 16:00,8.474132419
2019/04/18 17:00,3.125401898
2019/04/18 18:00,13.00366755
2019/04/18 19:00,17.69452631
2019/04/18 20:00,11.48680672
2019/04/18 21:00,11.45757992
2019/04/18 22:00,5.394899671
2019/04/18 23:00,4.967123288
2019/04/19 00:00,4.967123288
2019/04/19 01:00,2.069634703
2019/04/19 02:00,0
2019/04/19 03:00,0
2019/04/19 04:00,0
2019/04/19 05:00,0
2019/04/19 06:00,1.966292135
2019/04/19 07:00,13.64554377
2019/04/19 08:00,17.56626804
2019/04/19 09:00,10.67571568
2019/04/19 10:00,8.862509572
2019/04/19 11:00,13.84956291
2019/04/19 12:00,15.52373292
2019/04/19 13:00,19.45878838
2019/04/19 14:00,11.07280595
2019/04/19 15:00,4.400588377
2019/04/19 16:00,4.850374314
2019/04/19 17:00,17.07052442
2019/04/19 18:00,27.73665807
2019/04/19 19:00,24.06018362
2019/04/19 20:00,14.85000409
2019/04/19 21:00,6.548543133
2019/04/19 22:00,4.459354839
2019/04/19 23:00,5.597568732
2019/04/20 00:00,4.526141079
2019/04/20 01:00,4.526141079
2019/04/20 02:00,4.526141079
2019/04/20 03:00,3.017427386
2019/04/20 04:00,0
2019/04/20 05:00,0
2019/04/20 06:00,0
2019/04/20 07:00,8.562963942
2019/04/20 08:00,14.28394935
2019/04/20 09:00,6.519767944
2019/04/20 10:00,12.33854957
2019/04/20 11:00,17.99591098
2019/04/20 12:00,14.75724468
2019/04/20 13:00,5.27841765
2019/04/20 14:00,5.606594629
2019/04/20 15:00,16.08877655
2019/04/20 16:00,14.16126403
2019/04/20 17:00,16.68441754
2019/04/20 18:00,9.91675224
2019/04/20 19:00,15.41654878
2019/04/20 20:00,12.44678068
2019/04/20 21:00,1.316956522
2019/04/20 22:00,0
2019/04/20 23:00,0
2019/04/21 00:00,0
2019/04/21 01:00,0
2019/04/21 02:00,0
2019/04/21 03:00,0
2019/04/21 04:00,0
2019/04/21 05:00,0
2019/04/21 06:00,0
2019/04/21 07:00,0
2019/04/21 08:00,0
2019/04/21 09:00,0
2019/04/21 10:00,4.993162393
2019/04/21 11:00,6.615362886
2019/04/21 12:00,6.505034043
2019/04/21 13:00,6.16551702
2019/04/21 14:00,8.53227959
2019/04/21 15:00,2.768644068
2019/04/21 16:00,2.172610748
2019/04/21 17:00,11.8274687
2019/04/21 18:00,9.965006821
2019/04/21 19:00,11.05253817
2019/04/21 20:00,6.522375563
2019/04/21 21:00,0
2019/04/21 22:00,0
2019/04/21 23:00,0
2019/04/22 00:00,0
2019/04/22 01:00,0
2019/04/22 02:00,0
2019/04/22 03:00,0
2019/04/22 04:00,0
2019/04/22 05:00,0.1809375
2019/04/22 06:00,3.61875
2019/04/22 07:00,1.301310362
2019/04/22 08:00,12.0921495
2019/04/22 09:00,13.10425392
2019/04/22 10:00,6.356680346
2019/04/22 11:00,9.833482091
2019/04/22 12:00,14.58421081
2019/04/22 13:00,13.42525559
2019/04/22 14:00,6.916066116
2019/04/22 15:00,4.860701997
2019/04/22 16:00,16.19719364
2019/04/22 17:00,14.45250419
2019/04/22 18:00,9.671927384
2019/04/22 19:00,12.90026869
2019/04/22 20:00,13.20528351
2019/04/22 21:00,8.992301944
2019/04/22 22:00,2.936722408
2019/04/22 23:00,4.042721893
2019/04/23 00:00,4.111242604
2019/04/23 01:00,3.426035503
2019/04/23 02:00,0
2019/04/23 03:00,0
2019/04/23 04:00,0
2019/04/23 05:00,0
2019/04/23 06:00,0.826041667
2019/04/23 07:00,4.1905
2019/04/23 08:00,12.06340909
2019/04/23 09:00,9.622925955
2019/04/23 10:00,6.902559305
2019/04/23 11:00,7.572803207
2019/04/23 12:00,13.28288329
2019/04/23 13:00,18.58286912
2019/04/23 14:00,23.23031572
2019/04/23 15:00,19.22699524
2019/04/23 16:00,17.41226446
2019/04/23 17:00,19.96851708
2019/04/23 18:00,27.95286621
2019/04/23 19:00,20.66484438
2019/04/23 20:00,8.499205283
2019/04/23 21:00,6.155319149
2019/04/23 22:00,9.894893617
2019/04/23 23:00,5.895893617
2019/04/24 00:00,0
2019/04/24 01:00,0
2019/04/24 02:00,0
2019/04/24 03:00,0
2019/04/24 04:00,0
2019/04/24 05:00,1.709230769
2019/04/24 06:00,3.016289593
2019/04/24 07:00,4.634845487
2019/04/24 08:00,13.40861883
2019/04/24 09:00,19.81021229
2019/04/24 10:00,22.12243163
2019/04/24 11:00,15.57917917
2019/04/24 12:00,18.89805172
2019/04/24 13:00,9.726226421
2019/04/24 14:00,4.561810636
2019/04/24 15:00,4.386594345
2019/04/24 16:00,6.976509104
2019/04/24 17:00,3.387540984
2019/04/24 18:00,2.591448915
2019/04/24 19:00,2.981010101
2019/04/24 20:00,0
2019/04/24 21:00,0
2019/04/24 22:00,0
2019/04/24 23:00,0
2019/04/25 00:00,0
2019/04/25 01:00,0
2019/04/25 02:00,0
2019/04/25 03:00,0
2019/04/25 04:00,0
2019/04/25 05:00,0
2019/04/25 06:00,1.929241731
2019/04/25 07:00,9.803413089
2019/04/25 08:00,18.7181178
2019/04/25 09:00,25.71763595
2019/04/25 10:00,24.60628257
2019/04/25 11:00,16.58021191
2019/04/25 12:00,11.002994
2019/04/25 13:00,13.45745962
2019/04/25 14:00,10.43428108
2019/04/25 15:00,11.71902134
2019/04/25 16:00,2.591340909
2019/04/25 17:00,8.360497985
2019/04/25 18:00,8.962679542
2019/04/25 19:00,10.91164202
2019/04/25 20:00,8.56356755
2019/04/25 21:00,6.261290323
2019/04/25 22:00,6.320451613
2019/04/25 23:00,4.343225806
2019/04/26 00:00,4.343225806
2019/04/26 01:00,1.013419355
2019/04/26 02:00,0
2019/04/26 03:00,0
2019/04/26 04:00,0
2019/04/26 05:00,0
2019/04/26 06:00,0
2019/04/26 07:00,0
2019/04/26 08:00,8.617424612
2019/04/26 09:00,24.67456686
2019/04/26 10:00,11.22720775
2019/04/26 11:00,17.0192658
2019/04/26 12:00,18.6644391
2019/04/26 13:00,17.36011687
2019/04/26 14:00,15.92388095
2019/04/26 15:00,24.67598304
2019/04/26 16:00,5.059972165
2019/04/26 17:00,20.35292664
2019/04/26 18:00,36.34255688
2019/04/26 19:00,25.85599081
2019/04/26 20:00,10.73215645
2019/04/26 21:00,12.63838164
2019/04/26 22:00,9.89084472
2019/04/26 23:00,1.778571429
2019/04/27 00:00,0
2019/04/27 01:00,0
2019/04/27 02:00,0
2019/04/27 03:00,0
2019/04/27 04:00,0
2019/04/27 05:00,0
2019/04/27 06:00,0
2019/04/27 07:00,2.934683544
2019/04/27 08:00,3.827848101
2019/04/27 09:00,4.324135021
2019/04/27 10:00,21.0319072
2019/04/27 11:00,26.64938458
2019/04/27 12:00,24.38642729
2019/04/27 13:00,25.878832
2019/04/27 14:00,24.92039454
2019/04/27 15:00,25.76545615
2019/04/27 16:00,9.423526803
2019/04/27 17:00,23.29824573
2019/04/27 18:00,31.14471828
2019/04/27 19:00,21.72018657
2019/04/27 20:00,16.73686289
2019/04/27 21:00,6.345887681
2019/04/27 22:00,6.765461957
2019/04/27 23:00,4.159375
2019/04/28 00:00,4.159375
2019/04/28 01:00,0.277291667
2019/04/28 02:00,0
2019/04/28 03:00,0
2019/04/28 04:00,0
2019/04/28 05:00,0
2019/04/28 06:00,0
2019/04/28 07:00,0
2019/04/28 08:00,6.565502249
2019/04/28 09:00,9.476986507
2019/04/28 10:00,6.783564756
2019/04/28 11:00,11.99639285
2019/04/28 12:00,11.27265676
2019/04/28 13:00,11.88807135
2019/04/28 14:00,8.722269071
2019/04/28 15:00,16.79727236
2019/04/28 16:00,3.675645611
2019/04/28 17:00,11.25600267
2019/04/28 18:00,10.58013936
2019/04/28 19:00,8.006663158
2019/04/28 20:00,11.99510106
2019/04/28 21:00,0.4395
2019/04/28 22:00,0
2019/04/28 23:00,0
2019/04/29 00:00,0
2019/04/29 01:00,0
2019/04/29 02:00,0
2019/04/29 03:00,0
2019/04/29 04:00,0
2019/04/29 05:00,0.530625
2019/04/29 06:00,2.591875
2019/04/29 07:00,10.25473259
2019/04/29 08:00,17.86895666
2019/04/29 09:00,18.44940632
2019/04/29 10:00,13.90473365
2019/04/29 11:00,12.05874372
2019/04/29 12:00,13.59742198
2019/04/29 13:00,10.37650648
2019/04/29 14:00,9.76551426
2019/04/29 15:00,9.941474974
2019/04/29 16:00,18.86273301
2019/04/29 17:00,14.88538366
2019/04/29 18:00,11.57608101
2019/04/29 19:00,18.11440978
2019/04/29 20:00,13.77828502
2019/04/29 21:00,6.802597403
2019/04/29 22:00,6.802597403
2019/04/29 23:00,3.287922078
2019/04/30 00:00,0
2019/04/30 01:00,0
2019/04/30 02:00,0
2019/04/30 03:00,0
2019/04/30 04:00,0
2019/04/30 05:00,0
2019/04/30 06:00,1.404915254
2019/04/30 07:00,1.665084746
2019/04/30 08:00,8.011485438
2019/04/30 09:00,11.77534852
2019/04/30 10:00,12.47986875
2019/04/30 11:00,14.01796424
2019/04/30 12:00,12.67683153
2019/04/30 13:00,13.48144924
2019/04/30 14:00,15.12339055
2019/04/30 15:00,20.83760448
2019/04/30 16:00,17.9632433
2019/04/30 17:00,17.40255074
2019/04/30 18:00,32.1456465
2019/04/30 19:00,17.92111081
2019/04/30 20:00,7.902926863
2019/04/30 21:00,6.615647657
2019/04/30 22:00,3.961038961
2019/04/30 23:00,3.961038961
2019/05/01 00:00,2.442640693
2019/05/01 01:00,0
2019/05/01 02:00,0
2019/05/01 03:00,0
2019/05/01 04:00,0
2019/05/01 05:00,1.435162791
2019/05/01 06:00,7.898018115
2019/05/01 07:00,12.28628701
2019/05/01 08:00,11.57424147
2019/05/01 09:00,13.13280649
2019/05/01 10:00,5.440017465
2019/05/01 11:00,5.771522222
2019/05/01 12:00,10.29304757
2019/05/01 13:00,11.19897715
2019/05/01 14:00,5.771889422
2019/05/01 15:00,3.263636364
2019/05/01 16:00,7.815393273
2019/05/01 17:00,31.25934348
2019/05/01 18:00,21.38768779
2019/05/01 19:00,12.46932234
2019/05/01 20:00,13.41179894
2019/05/01 21:00,5.97221891
2019/05/01 22:00,5.387865169
2019/05/01 23:00,5.387865169
2019/05/02 00:00,5.387865169
2019/05/02 01:00,5.387865169
2019/05/02 02:00,1.257168539
2019/05/02 03:00,0
2019/05/02 04:00,0
2019/05/02 05:00,0
2019/05/02 06:00,0.2688
2019/05/02 07:00,5.753694294
2019/05/02 08:00,16.62685036
2019/05/02 09:00,14.86043153
2019/05/02 10:00,24.92151965
2019/05/02 11:00,26.09184169
2019/05/02 12:00,14.17603204
2019/05/02 13:00,11.98562858
2019/05/02 14:00,10.79627618
2019/05/02 15:00,12.50940107
2019/05/02 16:00,12.90899368
2019/05/02 17:00,11.68113953
2019/05/02 18:00,5.19256715
2019/05/02 19:00,4.813164557
2019/05/02 20:00,0
2019/05/02 21:00,1.405279188
2019/05/02 22:00,4.684263959
2019/05/02 23:00,4.684263959
2019/05/03 00:00,4.606192893
2019/05/03 01:00,0
2019/05/03 02:00,0
2019/05/03 03:00,0
2019/05/03 04:00,0
2019/05/03 05:00,0
2019/05/03 06:00,0.796709677
2019/05/03 07:00,11.01193807
2019/05/03 08:00,23.80568476
2019/05/03 09:00,31.31869458
2019/05/03 10:00,13.53420935
2019/05/03 11:00,15.7840217
2019/05/03 12:00,6.634416893
2019/05/03 13:00,14.23591586
2019/05/03 14:00,10.96924525
2019/05/03 15:00,6.580461881
2019/05/03 16:00,14.17450743
2019/05/03 17:00,14.10169841
2019/05/03 18:00,5.897612403
2019/05/03 19:00,1.324883721
2019/05/03 20:00,0
2019/05/03 21:00,0
2019/05/03 22:00,3.024852071
2019/05/03 23:00,4.537278107
2019/05/04 00:00,4.537278107
2019/05/04 01:00,0.680591716
2019/05/04 02:00,0
2019/05/04 03:00,0
2019/05/04 04:00,0
2019/05/04 05:00,0
2019/05/04 06:00,0
2019/05/04 07:00,0
2019/05/04 08:00,1.596
2019/05/04 09:00,3.071615894
2019/05/04 10:00,7.403088793
2019/05/04 11:00,16.85766166
2019/05/04 12:00,19.67277129
2019/05/04 13:00,26.91432267
2019/05/04 14:00,17.93630751
2019/05/04 15:00,14.95926303
2019/05/04 16:00,15.36289289
2019/05/04 17:00,30.2878362
2019/05/04 18:00,34.22225496
2019/05/04 19:00,18.96788063
2019/05/04 20:00,11.33667196
2019/05/04 21:00,5.368595041
2019/05/04 22:00,5.368595041
2019/05/04 23:00,0.984242424
2019/05/05 00:00,0
2019/05/05 01:00,0
2019/05/05 02:00,0
2019/05/05 03:00,0
2019/05/05 04:00,0
2019/05/05 05:00,0
2019/05/05 06:00,0
2019/05/05 07:00,0
2019/05/05 08:00,5.116139315
2019/05/05 09:00,13.33669267
2019/05/05 10:00,17.04722452
2019/05/05 11:00,15.6818578
2019/05/05 12:00,17.19580842
2019/05/05 13:00,13.93965824
2019/05/05 14:00,10.30261905
2019/05/05 15:00,15.42852212
2019/05/05 16:00,26.62836267
2019/05/05 17:00,20.42832882
2019/05/05 18:00,13.69322924
2019/05/05 19:00,14.71533517
2019/05/05 20:00,11.42622197
2019/05/05 21:00,0
2019/05/05 22:00,1.37028169
2019/05/05 23:00,2.85971831
2019/05/06 00:00,0
2019/05/06 01:00,0
2019/05/06 02:00,0
2019/05/06 03:00,0
2019/05/06 04:00,0
2019/05/06 05:00,0
2019/05/06 06:00,2.244969325
2019/05/06 07:00,8.163028544
2019/05/06 08:00,19.12532035
2019/05/06 09:00,22.87233482
2019/05/06 10:00,14.96148226
2019/05/06 11:00,11.00319342
2019/05/06 12:00,20.9044072
2019/05/06 13:00,18.2867829
2019/05/06 14:00,8.297445726
2019/05/06 15:00,8.889060474
2019/05/06 16:00,5.750588848
2019/05/06 17:00,9.898312274
2019/05/06 18:00,18.04075299
2019/05/06 19:00,29.74385602
2019/05/06 20:00,30.06080679
2019/05/06 21:00,13.40301427
2019/05/06 22:00,9.978795165
2019/05/06 23:00,5.459174312
2019/05/07 00:00,5.459174312
2019/05/07 01:00,5.459174312
2019/05/07 02:00,4.458325688
2019/05/07 03:00,0
2019/05/07 04:00,0
2019/05/07 05:00,0
2019/05/07 06:00,1.418360656
2019/05/07 07:00,4.97712607
2019/05/07 08:00,10.77718513
2019/05/07 09:00,13.82286768
2019/05/07 10:00,20.84967195
2019/05/07 11:00,20.85492251
2019/05/07 12:00,11.35525054
2019/05/07 13:00,13.11133202
2019/05/07 14:00,14.11962712
2019/05/07 15:00,2.439727656
2019/05/07 16:00,3.454545455
2019/05/07 17:00,3.787265552
2019/05/07 18:00,13.87019651
2019/05/07 19:00,12.15301236
2019/05/07 20:00,6.757404372
2019/05/07 21:00,0
2019/05/07 22:00,4.717142857
2019/05/07 23:00,4.717142857
2019/05/08 00:00,2.358571429
2019/05/08 01:00,0
2019/05/08 02:00,0
2019/05/08 03:00,0
2019/05/08 04:00,0
2019/05/08 05:00,1.559644444
2019/05/08 06:00,3.018666667
2019/05/08 07:00,3.018666667
2019/05/08 08:00,10.14489363
2019/05/08 09:00,21.51798248
2019/05/08 10:00,33.95458016
2019/05/08 11:00,23.95270578
2019/05/08 12:00,24.25088604
2019/05/08 13:00,27.3235363
2019/05/08 14:00,20.83172476
2019/05/08 15:00,13.89502974
2019/05/08 16:00,10.23530532
2019/05/08 17:00,6.234451659
2019/05/08 18:00,7.164935326
2019/05/08 19:00,11.91012306
2019/05/08 20:00,13.92958762
2019/05/08 21:00,6.309795508
2019/05/08 22:00,8.409387292
2019/05/08 23:00,5.72013671
2019/05/09 00:00,4.311219512
2019/05/09 01:00,3.736390244
2019/05/09 02:00,0
2019/05/09 03:00,0
2019/05/09 04:00,0
2019/05/09 05:00,0
2019/05/09 06:00,2.036712963
2019/05/09 07:00,2.980555556
2019/05/09 08:00,13.67953513
2019/05/09 09:00,25.03412819
2019/05/09 10:00,26.92572602
2019/05/09 11:00,19.96921318
2019/05/09 12:00,16.21024639
2019/05/09 13:00,16.32016309
2019/05/09 14:00,12.72547596
2019/05/09 15:00,15.57367592
2019/05/09 16:00,9.11780199
2019/05/09 17:00,4.998583793
2019/05/09 18:00,3.56915527
2019/05/09 19:00,8.875737463
2019/05/09 20:00,2.473289086
2019/05/09 21:00,6.001124333
2019/05/09 22:00,6.133928299
2019/05/09 23:00,4.228421053
2019/05/10 00:00,3.946526316
2019/05/10 01:00,0
2019/05/10 02:00,0
2019/05/10 03:00,0
2019/05/10 04:00,0
2019/05/10 05:00,1.204823529
2019/05/10 06:00,9.815256509
2019/05/10 07:00,9.543224534
2019/05/10 08:00,11.9358131
2019/05/10 09:00,26.58411424
2019/05/10 10:00,20.76699221
2019/05/10 11:00,12.06105022
2019/05/10 12:00,27.14180356
2019/05/10 13:00,29.86516849
2019/05/10 14:00,44.04149311
2019/05/10 15:00,26.95778727
2019/05/10 16:00,9.997570702
2019/05/10 17:00,20.50332538
2019/05/10 18:00,18.2992082
2019/05/10 19:00,11.87986732
2019/05/10 20:00,5.722501613
2019/05/10 21:00,0
2019/05/10 22:00,0
2019/05/10 23:00,0
2019/05/11 00:00,0
2019/05/11 01:00,0
2019/05/11 02:00,0
2019/05/11 03:00,0
2019/05/11 04:00,0
2019/05/11 05:00,0
2019/05/11 06:00,2.070493827
2019/05/11 07:00,4.007407407
2019/05/11 08:00,4.315768063
2019/05/11 09:00,12.74099737
2019/05/11 10:00,13.97517918
2019/05/11 11:00,8.848918382
2019/05/11 12:00,10.2959817
2019/05/11 13:00,8.048345919
2019/05/11 14:00,12.72142354
2019/05/11 15:00,17.38962059
2019/05/11 16:00,16.89228881
2019/05/11 17:00,17.96257107
2019/05/11 18:00,13.61350415
2019/05/11 19:00,7.05
2019/05/11 20:00,5.6675
2019/05/11 21:00,0
2019/05/11 22:00,0
2019/05/11 23:00,0
2019/05/12 00:00,0
2019/05/12 01:00,0
2019/05/12 02:00,0
2019/05/12 03:00,0
2019/05/12 04:00,0
2019/05/12 05:00,0
2019/05/12 06:00,0
2019/05/12 07:00,0
2019/05/12 08:00,2.161951807
2019/05/12 09:00,8.266503649
2019/05/12 10:00,15.85947133
2019/05/12 11:00,15.10373779
2019/05/12 12:00,16.11162351
2019/05/12 13:00,35.33583761
2019/05/12 14:00,28.22632493
2019/05/12 15:00,9.876031792
2019/05/12 16:00,19.60057931
2019/05/12 17:00,17.88070468
2019/05/12 18:00,15.60442153
2019/05/12 19:00,4.436695569
2019/05/12 20:00,0.906116505
2019/05/12 21:00,0
2019/05/12 22:00,0
2019/05/12 23:00,0
2019/05/13 00:00,0
2019/05/13 01:00,0
2019/05/13 02:00,0
2019/05/13 03:00,0
2019/05/13 04:00,0
2019/05/13 05:00,0
2019/05/13 06:00,0
2019/05/13 07:00,0.191219512
2019/05/13 08:00,14.91201811
2019/05/13 09:00,25.36379739
2019/05/13 10:00,26.1408486
2019/05/13 11:00,34.69243501
2019/05/13 12:00,23.92878497
2019/05/13 13:00,20.04102996
2019/05/13 14:00,16.32456956
2019/05/13 15:00,9.509344511
2019/05/13 16:00,15.3937851
2019/05/13 17:00,3.165038923
2019/05/13 18:00,10.52439553
2019/05/13 19:00,16.31117324
2019/05/13 20:00,12.3233707
2019/05/13 21:00,4.207246108
2019/05/13 22:00,0
2019/05/13 23:00,0
2019/05/14 00:00,0
2019/05/14 01:00,0
2019/05/14 02:00,0
2019/05/14 03:00,0
2019/05/14 04:00,0
2019/05/14 05:00,0
2019/05/14 06:00,5.647947202
2019/05/14 07:00,22.04326121
2019/05/14 08:00,19.26081608
2019/05/14 09:00,27.66278383
2019/05/14 10:00,22.74574265
2019/05/14 11:00,20.68636227
2019/05/14 12:00,20.00480266
2019/05/14 13:00,29.00546948
2019/05/14 14:00,26.99168464
2019/05/14 15:00,22.46555068
2019/05/14 16:00,11.90940879
2019/05/14 17:00,11.97492657
2019/05/14 18:00,22.53039025
2019/05/14 19:00,27.00920165
2019/05/14 20:00,26.18059899
2019/05/14 21:00,21.94143118
2019/05/14 22:00,14.9371966
2019/05/14 23:00,3.620503032
2019/05/15 00:00,1.495483871
2019/05/15 01:00,0
2019/05/15 02:00,0
2019/05/15 03:00,0
2019/05/15 04:00,0
2019/05/15 05:00,0
2019/05/15 06:00,2.872961749
2019/05/15 07:00,10.76899956
2019/05/15 08:00,15.60028813
2019/05/15 09:00,28.06643296
2019/05/15 10:00,35.43239401
2019/05/15 11:00,37.95638243
2019/05/15 12:00,36.80928378
2019/05/15 13:00,25.44733197
2019/05/15 14:00,13.05166182
2019/05/15 15:00,7.902539553
2019/05/15 16:00,1.871053653
2019/05/15 17:00,5.371328125
2019/05/15 18:00,21.66035963
2019/05/15 19:00,30.62051609
2019/05/15 20:00,29.58652855
2019/05/15 21:00,12.50269618
2019/05/15 22:00,5.311564626
2019/05/15 23:00,5.311564626
2019/05/16 00:00,5.311564626
2019/05/16 01:00,5.311564626
2019/05/16 02:00,1.062312925
2019/05/16 03:00,0
2019/05/16 04:00,0
2019/05/16 05:00,2.425043478
2019/05/16 06:00,6.062608696
2019/05/16 07:00,3.132347826
2019/05/16 08:00,3.859075701
2019/05/16 09:00,14.276162
2019/05/16 10:00,23.26821278
2019/05/16 11:00,23.35060284
2019/05/16 12:00,19.74465149
2019/05/16 13:00,28.61086362
2019/05/16 14:00,36.366655
2019/05/16 15:00,25.25335981
2019/05/16 16:00,21.74838799
2019/05/16 17:00,20.6315265
2019/05/16 18:00,24.84920079
2019/05/16 19:00,13.52952698
2019/05/16 20:00,16.06908347
2019/05/16 21:00,7.418488134
2019/05/16 22:00,0
2019/05/16 23:00,0
2019/05/17 00:00,0
2019/05/17 01:00,0
2019/05/17 02:00,0
2019/05/17 03:00,0
2019/05/17 04:00,0
2019/05/17 05:00,0.544444444
2019/05/17 06:00,11.85993179
2019/05/17 07:00,15.45995739
2019/05/17 08:00,17.68409483
2019/05/17 09:00,20.61406869
2019/05/17 10:00,21.19002707
2019/05/17 11:00,13.35135645
2019/05/17 12:00,15.0498075
2019/05/17 13:00,30.34790756
2019/05/17 14:00,20.74229907
2019/05/17 15:00,14.00376023
2019/05/17 16:00,13.95048948
2019/05/17 17:00,15.53852405
2019/05/17 18:00,21.87551445
2019/05/17 19:00,16.57584458
2019/05/17 20:00,9.171823204
2019/05/17 21:00,0
2019/05/17 22:00,0
2019/05/17 23:00,0
2019/05/18 00:00,0
2019/05/18 01:00,0
2019/05/18 02:00,0
2019/05/18 03:00,0
2019/05/18 04:00,0
2019/05/18 05:00,0
2019/05/18 06:00,0
2019/05/18 07:00,1.356367925
2019/05/18 08:00,5.262299092
2019/05/18 09:00,10.70927552
2019/05/18 10:00,9.177787307
2019/05/18 11:00,22.74408268
2019/05/18 12:00,26.91688173
2019/05/18 13:00,15.54833795
2019/05/18 14:00,11.75062737
2019/05/18 15:00,8.145673759
2019/05/18 16:00,4.588666667
2019/05/18 17:00,17.43875581
2019/05/18 18:00,16.8924186
2019/05/18 19:00,17.07137462
2019/05/18 20:00,6.607386449
2019/05/18 21:00,3.44516129
2019/05/18 22:00,6.770903226
2019/05/18 23:00,0.812
2019/05/19 00:00,0
2019/05/19 01:00,0
2019/05/19 02:00,0
2019/05/19 03:00,0
2019/05/19 04:00,0
2019/05/19 05:00,0
2019/05/19 06:00,1.919558824
2019/05/19 07:00,4.950441176
2019/05/19 08:00,2.145765901
2019/05/19 09:00,13.855375
2019/05/19 10:00,22.51028631
2019/05/19 11:00,25.17655742
2019/05/19 12:00,7.446442249
2019/05/19 13:00,8.993395036
2019/05/19 14:00,23.34166318
2019/05/19 15:00,18.67907061
2019/05/19 16:00,10.81144429
2019/05/19 17:00,7.477076424
2019/05/19 18:00,12.83829706
2019/05/19 19:00,11.74710036
2019/05/19 20:00,6.582526157
2019/05/19 21:00,6.3
2019/05/19 22:00,1.995
2019/05/19 23:00,0
2019/05/20 00:00,0
2019/05/20 01:00,0
2019/05/20 02:00,0
2019/05/20 03:00,0
2019/05/20 04:00,0
2019/05/20 05:00,1.355578512
2019/05/20 06:00,3.012396694
2019/05/20 07:00,3.012396694
2019/05/20 08:00,10.22221558
2019/05/20 09:00,25.54852461
2019/05/20 10:00,18.57959707
2019/05/20 11:00,15.4953149
2019/05/20 12:00,18.35031589
2019/05/20 13:00,27.40692885
2019/05/20 14:00,29.06327846
2019/05/20 15:00,28.12864935
2019/05/20 16:00,20.86575267
2019/05/20 17:00,15.94787129
2019/05/20 18:00,18.75070273
2019/05/20 19:00,28.46056815
2019/05/20 20:00,20.84087758
2019/05/20 21:00,5.39207442
2019/05/20 22:00,0
2019/05/20 23:00,0
2019/05/21 00:00,0
2019/05/21 01:00,0
2019/05/21 02:00,0
2019/05/21 03:00,0
2019/05/21 04:00,0
2019/05/21 05:00,0.980813008
2019/05/21 06:00,8.80558182
2019/05/21 07:00,11.61307348
2019/05/21 08:00,17.22374474
2019/05/21 09:00,22.20371071
2019/05/21 10:00,33.49654238
2019/05/21 11:00,29.90672527
2019/05/21 12:00,17.836021
2019/05/21 13:00,12.91535524
2019/05/21 14:00,21.31266334
2019/05/21 15:00,22.38958881
2019/05/21 16:00,20.91552617
2019/05/21 17:00,19.86399061
2019/05/21 18:00,12.50507405
2019/05/21 19:00,18.83077077
2019/05/21 20:00,15.51221201
2019/05/21 21:00,2.95799697
2019/05/21 22:00,2.123863636
2019/05/21 23:00,2.123863636
2019/05/22 00:00,0.920340909
2019/05/22 01:00,0
2019/05/22 02:00,0
2019/05/22 03:00,0
2019/05/22 04:00,0
2019/05/22 05:00,2.328785691
2019/05/22 06:00,6.113307045
2019/05/22 07:00,4.026709107
2019/05/22 08:00,12.62865073
2019/05/22 09:00,25.68980363
2019/05/22 10:00,19.20531712
2019/05/22 11:00,13.27250784
2019/05/22 12:00,3.258065383
2019/05/22 13:00,5.588044214
2019/05/22 14:00,19.63140354
2019/05/22 15:00,22.72186646
2019/05/22 16:00,27.57480093
2019/05/22 17:00,25.1384613
2019/05/22 18:00,15.6124877
2019/05/22 19:00,7.485538357
2019/05/22 20:00,1.805891473
2019/05/22 21:00,0.989333333
2019/05/22 22:00,4.24
2019/05/22 23:00,4.24
2019/05/23 00:00,4.24
2019/05/23 01:00,0.070666667
2019/05/23 02:00,0
2019/05/23 03:00,0
2019/05/23 04:00,0
2019/05/23 05:00,0
2019/05/23 06:00,3.174222689
2019/05/23 07:00,12.00283613
2019/05/23 08:00,16.15515557
2019/05/23 09:00,40.94227895
2019/05/23 10:00,40.25152535
2019/05/23 11:00,24.00384048
2019/05/23 12:00,36.96397389
2019/05/23 13:00,24.60961486
2019/05/23 14:00,16.32895123
2019/05/23 15:00,11.40606897
2019/05/23 16:00,18.53033101
2019/05/23 17:00,19.57489868
2019/05/23 18:00,17.66720611
2019/05/23 19:00,20.88368646
2019/05/23 20:00,17.24443875
2019/05/23 21:00,10.92745525
2019/05/23 22:00,11.50458631
2019/05/23 23:00,11.50458631
2019/05/24 00:00,8.236781998
2019/05/24 01:00,0
2019/05/24 02:00,0
2019/05/24 03:00,0
2019/05/24 04:00,0
2019/05/24 05:00,0
2019/05/24 06:00,0
2019/05/24 07:00,3.8
2019/05/24 08:00,11.68906977
2019/05/24 09:00,22.92041766
2019/05/24 10:00,25.5118311
2019/05/24 11:00,31.15544684
2019/05/24 12:00,15.80131587
2019/05/24 13:00,17.88204633
2019/05/24 14:00,22.77265718
2019/05/24 15:00,24.80116445
2019/05/24 16:00,18.08052335
2019/05/24 17:00,24.52878365
2019/05/24 18:00,29.53809635
2019/05/24 19:00,10.43215624
2019/05/24 20:00,1.162168675
2019/05/24 21:00,4.980722892
2019/05/24 22:00,0.747108434
2019/05/24 23:00,0
2019/05/25 00:00,0
2019/05/25 01:00,0
2019/05/25 02:00,0
2019/05/25 03:00,0
2019/05/25 04:00,0
2019/05/25 05:00,0
2019/05/25 06:00,0
2019/05/25 07:00,0
2019/05/25 08:00,0
2019/05/25 09:00,0.306534653
2019/05/25 10:00,13.71800566
2019/05/25 11:00,34.02390623
2019/05/25 12:00,29.00856229
2019/05/25 13:00,26.84562799
2019/05/25 14:00,30.07870431
2019/05/25 15:00,13.40289311
2019/05/25 16:00,13.36006025
2019/05/25 17:00,16.31910072
2019/05/25 18:00,25.33692399
2019/05/25 19:00,20.41437053
2019/05/25 20:00,15.69599917
2019/05/25 21:00,2.505977769
2019/05/25 22:00,0
2019/05/25 23:00,0
2019/05/26 00:00,0
2019/05/26 01:00,0
2019/05/26 02:00,0
2019/05/26 03:00,0
2019/05/26 04:00,0
2019/05/26 05:00,0
2019/05/26 06:00,0
2019/05/26 07:00,0
2019/05/26 08:00,0.68496
2019/05/26 09:00,9.609104132
2019/05/26 10:00,13.70990992
2019/05/26 11:00,18.38769309
2019/05/26 12:00,35.96284569
2019/05/26 13:00,38.03450785
2019/05/26 14:00,23.57851928
2019/05/26 15:00,20.75434529
2019/05/26 16:00,23.62897452
2019/05/26 17:00,10.95339554
2019/05/26 18:00,7.731046848
2019/05/26 19:00,10.34887796
2019/05/26 20:00,3.290075188
2019/05/26 21:00,0
2019/05/26 22:00,0
2019/05/26 23:00,0
2019/05/27 00:00,0
2019/05/27 01:00,0
2019/05/27 02:00,0
2019/05/27 03:00,0
2019/05/27 04:00,0
2019/05/27 05:00,0
2019/05/27 06:00,1.403846154
2019/05/27 07:00,1.206153846
2019/05/27 08:00,6.066256552
2019/05/27 09:00,5.514703448
2019/05/27 10:00,0.71904
2019/05/27 11:00,2.049375
2019/05/27 12:00,11.83011271
2019/05/27 13:00,14.97908921
2019/05/27 14:00,14.04022387
2019/05/27 15:00,9.368201875
2019/05/27 16:00,7.456942282
2019/05/27 17:00,14.1049132
2019/05/27 18:00,8.229757769
2019/05/27 19:00,7.993435913
2019/05/27 20:00,11.5774962
2019/05/27 21:00,13.01961123
2019/05/27 22:00,5.777718795
2019/05/27 23:00,4.425365854
2019/05/28 00:00,3.097756098
2019/05/28 01:00,0
2019/05/28 02:00,0
2019/05/28 03:00,0
2019/05/28 04:00,0
2019/05/28 05:00,0
2019/05/28 06:00,2.821948869
2019/05/28 07:00,5.005058969
2019/05/28 08:00,11.69770584
2019/05/28 09:00,19.62742527
2019/05/28 10:00,16.79911021
2019/05/28 11:00,20.96483502
2019/05/28 12:00,21.67835261
2019/05/28 13:00,8.156965003
2019/05/28 14:00,12.07227376
2019/05/28 15:00,13.60992351
2019/05/28 16:00,9.689034516
2019/05/28 17:00,7.160315151
2019/05/28 18:00,6.858318175
2019/05/28 19:00,14.45576411
2019/05/28 20:00,2.771540426
2019/05/28 21:00,0
2019/05/28 22:00,0
2019/05/28 23:00,0
2019/05/29 00:00,0
2019/05/29 01:00,0
2019/05/29 02:00,0
2019/05/29 03:00,0
2019/05/29 04:00,0
2019/05/29 05:00,2.554685023
2019/05/29 06:00,6.145390587
2019/05/29 07:00,6.456855857
2019/05/29 08:00,14.74491582
2019/05/29 09:00,19.48415561
2019/05/29 10:00,14.60465714
2019/05/29 11:00,11.63928181
2019/05/29 12:00,10.23351948
2019/05/29 13:00,15.01172964
2019/05/29 14:00,14.78914227
2019/05/29 15:00,12.47512417
2019/05/29 16:00,13.54866759
2019/05/29 17:00,8.107563406
2019/05/29 18:00,10.05308255
2019/05/29 19:00,13.91088422
2019/05/29 20:00,6.206896552
2019/05/29 21:00,3.103448276
2019/05/29 22:00,0
2019/05/29 23:00,0
2019/05/30 00:00,0
2019/05/30 01:00,0
2019/05/30 02:00,0
2019/05/30 03:00,0
2019/05/30 04:00,0
2019/05/30 05:00,0
2019/05/30 06:00,3.786045977
2019/05/30 07:00,6.018091954
2019/05/30 08:00,8.212737069
2019/05/30 09:00,1.373125
2019/05/30 10:00,2.969597036
2019/05/30 11:00,7.443890497
2019/05/30 12:00,12.68294935
2019/05/30 13:00,19.06532483
2019/05/30 14:00,12.50656427
2019/05/30 15:00,14.14186893
2019/05/30 16:00,11.86034228
2019/05/30 17:00,11.66931919
2019/05/30 18:00,18.54550596
2019/05/30 19:00,31.22305947
2019/05/30 20:00,15.71466817
2019/05/30 21:00,6.994120313
2019/05/30 22:00,2.7927897
2019/05/30 23:00,3.407926829
2019/05/31 00:00,4.445121951
2019/05/31 01:00,4.29695122
2019/05/31 02:00,0
2019/05/31 03:00,0
2019/05/31 04:00,0
2019/05/31 05:00,0
2019/05/31 06:00,0
2019/05/31 07:00,2.492462312
2019/05/31 08:00,8.165691153
2019/05/31 09:00,15.04733577
2019/05/31 10:00,24.31147653
2019/05/31 11:00,19.3800682
2019/05/31 12:00,15.83224986
2019/05/31 13:00,16.72241236
2019/05/31 14:00,12.22085549
2019/05/31 15:00,12.71898021
2019/05/31 16:00,8.996670743
2019/05/31 17:00,10.07515152
2019/05/31 18:00,12.27148796
2019/05/31 19:00,6.535368669
2019/05/31 20:00,3.872142857
2019/05/31 21:00,5.857857143
2019/05/31 22:00,0
2019/05/31 23:00,0
2019/06/01 00:00,0
2019/06/01 01:00,0
2019/06/01 02:00,0
2019/06/01 03:00,0
2019/06/01 04:00,0
2019/06/01 05:00,0
2019/06/01 06:00,3.759852941
2019/06/01 07:00,3.150147059
2019/06/01 08:00,5.404583333
2019/06/01 09:00,2.225416667
2019/06/01 10:00,7.364536145
2019/06/01 11:00,14.2461864
2019/06/01 12:00,9.778309718
2019/06/01 13:00,18.96466839
2019/06/01 14:00,21.70971565
2019/06/01 15:00,18.74150376
2019/06/01 16:00,13.78587177
2019/06/01 17:00,22.79065594
2019/06/01 18:00,31.8623112
2019/06/01 19:00,22.7279675
2019/06/01 20:00,5.085225909
2019/06/01 21:00,5.96
2019/06/01 22:00,7.071038961
2019/06/01 23:00,6.828155844
2019/06/02 00:00,4.444155844
2019/06/02 01:00,4.444155844
2019/06/02 02:00,2.666493506
2019/06/02 03:00,0
2019/06/02 04:00,0
2019/06/02 05:00,0
2019/06/02 06:00,0
2019/06/02 07:00,0
2019/06/02 08:00,3.392897727
2019/06/02 09:00,4.523863636
2019/06/02 10:00,4.927472659
2019/06/02 11:00,20.5704258
2019/06/02 12:00,26.27568567
2019/06/02 13:00,5.959654506
2019/06/02 14:00,1.663762516
2019/06/02 15:00,17.90029986
2019/06/02 16:00,19.81126846
2019/06/02 17:00,14.73732172
2019/06/02 18:00,12.78354535
2019/06/02 19:00,15.11283176
2019/06/02 20:00,6.735931569
2019/06/02 21:00,6.186046512
2019/06/02 22:00,6.186046512
2019/06/02 23:00,6.082945736
2019/06/03 00:00,0
2019/06/03 01:00,0
2019/06/03 02:00,0
2019/06/03 03:00,0
2019/06/03 04:00,0
2019/06/03 05:00,1.515
2019/06/03 06:00,3.03
2019/06/03 07:00,8.521618852
2019/06/03 08:00,14.11282511
2019/06/03 09:00,21.54742717
2019/06/03 10:00,16.03078103
2019/06/03 11:00,20.10205916
2019/06/03 12:00,12.33794544
2019/06/03 13:00,3.332343234
2019/06/03 14:00,3.185643564
2019/06/03 15:00,6.362810915
2019/06/03 16:00,8.538043466
2019/06/03 17:00,17.48568294
2019/06/03 18:00,9.116686249
2019/06/03 19:00,9.40487145
2019/06/03 20:00,12.21610897
2019/06/03 21:00,9.377436974
2019/06/03 22:00,5.954272831
2019/06/03 23:00,5.954272831
2019/06/04 00:00,3.214873689
2019/06/04 01:00,1.388607595
2019/06/04 02:00,1.388607595
2019/06/04 03:00,0.1157173
2019/06/04 04:00,0
2019/06/04 05:00,0
2019/06/04 06:00,3.337977377
2019/06/04 07:00,5.735458206
2019/06/04 08:00,6.486692316
2019/06/04 09:00,11.39894837
2019/06/04 10:00,22.58714713
2019/06/04 11:00,18.27464138
2019/06/04 12:00,19.50177358
2019/06/04 13:00,19.53545834
2019/06/04 14:00,9.374458555
2019/06/04 15:00,5.357444744
2019/06/04 16:00,2.000842105
2019/06/04 17:00,7.190867756
2019/06/04 18:00,15.62193446
2019/06/04 19:00,14.20995568
2019/06/04 20:00,4.8064
2019/06/04 21:00,0
2019/06/04 22:00,3.7809375
2019/06/04 23:00,9.644467905
2019/06/05 00:00,4.427027027
2019/06/05 01:00,2.877567568
2019/06/05 02:00,0
2019/06/05 03:00,0
2019/06/05 04:00,0
2019/06/05 05:00,2.229164286
2019/06/05 06:00,6.105214286
2019/06/05 07:00,10.31030413
2019/06/05 08:00,12.93668828
2019/06/05 09:00,7.344119989
2019/06/05 10:00,11.22029134
2019/06/05 11:00,10.61913987
2019/06/05 12:00,14.79751815
2019/06/05 13:00,16.63860465
2019/06/05 14:00,15.24309603
2019/06/05 15:00,6.653176065
2019/06/05 16:00,3.715482927
2019/06/05 17:00,6.580870886
2019/06/05 18:00,5.962430714
2019/06/05 19:00,7.352485357
2019/06/05 20:00,1.511413043
2019/06/05 21:00,0
2019/06/05 22:00,0
2019/06/05 23:00,0
2019/06/06 00:00,0
2019/06/06 01:00,0
2019/06/06 02:00,0
2019/06/06 03:00,0
2019/06/06 04:00,0.269722222
2019/06/06 05:00,4.045833333
2019/06/06 06:00,4.338333333
2019/06/06 07:00,6.665491538
2019/06/06 08:00,10.44856574
2019/06/06 09:00,19.0182834
2019/06/06 10:00,30.74784815
2019/06/06 11:00,31.09711345
2019/06/06 12:00,21.4094632
2019/06/06 13:00,18.38539295
2019/06/06 14:00,22.73747721
2019/06/06 15:00,16.04161078
2019/06/06 16:00,19.76646477
2019/06/06 17:00,13.06530692
2019/06/06 18:00,14.53347323
2019/06/06 19:00,9.386019556
2019/06/06 20:00,13.80716912
2019/06/06 21:00,7.961295956
2019/06/06 22:00,0
2019/06/06 23:00,0
2019/06/07 00:00,0
2019/06/07 01:00,0
2019/06/07 02:00,0
2019/06/07 03:00,0
2019/06/07 04:00,0
2019/06/07 05:00,3.951164122
2019/06/07 06:00,10.95327154
2019/06/07 07:00,9.696854663
2019/06/07 08:00,3.518709677
2019/06/07 09:00,0
2019/06/07 10:00,5.641756633
2019/06/07 11:00,14.74612927
2019/06/07 12:00,21.13557073
2019/06/07 13:00,22.12450245
2019/06/07 14:00,15.67149543
2019/06/07 15:00,13.61712042
2019/06/07 16:00,11.59235604
2019/06/07 17:00,21.41722132
2019/06/07 18:00,21.32244541
2019/06/07 19:00,14.08450436
2019/06/07 20:00,4.306897937
2019/06/07 21:00,0
2019/06/07 22:00,0
2019/06/07 23:00,0
2019/06/08 00:00,0
2019/06/08 01:00,0
2019/06/08 02:00,0
2019/06/08 03:00,0
2019/06/08 04:00,0
2019/06/08 05:00,3.642387097
2019/06/08 06:00,7.196605141
2019/06/08 07:00,7.621595998
2019/06/08 08:00,4.479144385
2019/06/08 09:00,3.377165509
2019/06/08 10:00,26.61949294
2019/06/08 11:00,27.46896929
2019/06/08 12:00,24.88584321
2019/06/08 13:00,15.13045033
2019/06/08 14:00,20.89297164
2019/06/08 15:00,22.42928659
2019/06/08 16:00,16.38184428
2019/06/08 17:00,14.95077059
2019/06/08 18:00,32.15853897
2019/06/08 19:00,28.13123006
2019/06/08 20:00,2.595627049
2019/06/08 21:00,0
2019/06/08 22:00,0.198709677
2019/06/08 23:00,1.341290323
2019/06/09 00:00,0
2019/06/09 01:00,0
2019/06/09 02:00,0
2019/06/09 03:00,0
2019/06/09 04:00,0
2019/06/09 05:00,0
2019/06/09 06:00,0
2019/06/09 07:00,0
2019/06/09 08:00,0.46875
2019/06/09 09:00,3.125
2019/06/09 10:00,5.313781915
2019/06/09 11:00,8.927030604
2019/06/09 12:00,14.46222742
2019/06/09 13:00,12.3710348
2019/06/09 14:00,8.657008242
2019/06/09 15:00,12.63618909
2019/06/09 16:00,17.11384691
2019/06/09 17:00,27.90080159
2019/06/09 18:00,14.19191068
2019/06/09 19:00,8.825941821
2019/06/09 20:00,3.4884
2019/06/09 21:00,0
2019/06/09 22:00,0
2019/06/09 23:00,0
2019/06/10 00:00,0
2019/06/10 01:00,0
2019/06/10 02:00,0
2019/06/10 03:00,0
2019/06/10 04:00,0
2019/06/10 05:00,2.47441353
2019/06/10 06:00,18.27721509
2019/06/10 07:00,10.40837138
2019/06/10 08:00,1.933562669
2019/06/10 09:00,15.14531459
2019/06/10 10:00,21.47748322
2019/06/10 11:00,29.90862863
2019/06/10 12:00,27.73951697
2019/06/10 13:00,25.09376721
2019/06/10 14:00,10.04060539
2019/06/10 15:00,3.947586207
2019/06/10 16:00,4.414681267
2019/06/10 17:00,7.153124006
2019/06/10 18:00,12.37246171
2019/06/10 19:00,19.24958949
2019/06/10 20:00,19.57218004
2019/06/10 21:00,5.702239345
2019/06/10 22:00,0
2019/06/10 23:00,0
2019/06/11 00:00,0
2019/06/11 01:00,0
2019/06/11 02:00,0
2019/06/11 03:00,0
2019/06/11 04:00,0
2019/06/11 05:00,0.300943396
2019/06/11 06:00,3.108612159
2019/06/11 07:00,1.856883357
2019/06/11 08:00,13.20544095
2019/06/11 09:00,18.29844288
2019/06/11 10:00,18.25248625
2019/06/11 11:00,24.39017601
2019/06/11 12:00,27.88703613
2019/06/11 13:00,21.77315825
2019/06/11 14:00,24.50913952
2019/06/11 15:00,24.45191631
2019/06/11 16:00,21.71225236
2019/06/11 17:00,37.72834224
2019/06/11 18:00,25.57900857
2019/06/11 19:00,6.124710003
2019/06/11 20:00,4.781451613
2019/06/11 21:00,0
2019/06/11 22:00,0
2019/06/11 23:00,0
2019/06/12 00:00,0
2019/06/12 01:00,0
2019/06/12 02:00,0
2019/06/12 03:00,0
2019/06/12 04:00,0
2019/06/12 05:00,0
2019/06/12 06:00,2.066129032
2019/06/12 07:00,6.017962649
2019/06/12 08:00,5.282492463
2019/06/12 09:00,10.70382904
2019/06/12 10:00,22.47049399
2019/06/12 11:00,30.19240655
2019/06/12 12:00,18.85273851
2019/06/12 13:00,17.8030508
2019/06/12 14:00,11.98527198
2019/06/12 15:00,2.893125
2019/06/12 16:00,6.309028217
2019/06/12 17:00,11.91962428
2019/06/12 18:00,13.39095008
2019/06/12 19:00,15.45752825
2019/06/12 20:00,13.56867086
2019/06/12 21:00,10.9220954
2019/06/12 22:00,10.52675559
2019/06/12 23:00,8.601301047
2019/06/13 00:00,2.336546275
2019/06/13 01:00,0
2019/06/13 02:00,0
2019/06/13 03:00,0
2019/06/13 04:00,0
2019/06/13 05:00,0
2019/06/13 06:00,2.370169492
2019/06/13 07:00,3.091525424
2019/06/13 08:00,7.577107342
2019/06/13 09:00,27.6391322
2019/06/13 10:00,26.02444841
2019/06/13 11:00,14.11455444
2019/06/13 12:00,3.423385278
2019/06/13 13:00,4.880165224
2019/06/13 14:00,8.921014985
2019/06/13 15:00,14.13071185
2019/06/13 16:00,12.5206425
2019/06/13 17:00,6.151333562
2019/06/13 18:00,14.29519719
2019/06/13 19:00,10.47914422
2019/06/13 20:00,2.58146789
2019/06/13 21:00,0
2019/06/13 22:00,0
2019/06/13 23:00,0
2019/06/14 00:00,0
2019/06/14 01:00,0
2019/06/14 02:00,0
2019/06/14 03:00,0
2019/06/14 04:00,0
2019/06/14 05:00,0
2019/06/14 06:00,0
2019/06/14 07:00,1.656987952
2019/06/14 08:00,13.34831117
2019/06/14 09:00,16.28019463
2019/06/14 10:00,12.23170728
2019/06/14 11:00,11.71513734
2019/06/14 12:00,10.55329269
2019/06/14 13:00,8.375169792
2019/06/14 14:00,11.2692926
2019/06/14 15:00,6.797038185
2019/06/14 16:00,16.6141669
2019/06/14 17:00,19.53086911
2019/06/14 18:00,8.716392888
2019/06/14 19:00,12.63040467
2019/06/14 20:00,10.46947873
2019/06/14 21:00,6.021967963
2019/06/14 22:00,6.021967963
2019/06/14 23:00,6.021967963
2019/06/15 00:00,6.021967963
2019/06/15 01:00,6.021967963
2019/06/15 02:00,3.211716247
2019/06/15 03:00,0
2019/06/15 04:00,0
2019/06/15 05:00,0
2019/06/15 06:00,0
2019/06/15 07:00,0
2019/06/15 08:00,2.06705978
2019/06/15 09:00,19.32848248
2019/06/15 10:00,17.93621872
2019/06/15 11:00,26.4821784
2019/06/15 12:00,31.2295448
2019/06/15 13:00,32.26926518
2019/06/15 14:00,17.83134901
2019/06/15 15:00,4.416234754
2019/06/15 16:00,7.853586885
2019/06/15 17:00,23.16034425
2019/06/15 18:00,32.62917107
2019/06/15 19:00,25.01213799
2019/06/15 20:00,20.71407002
2019/06/15 21:00,8.240356678
2019/06/15 22:00,0
2019/06/15 23:00,0
2019/06/16 00:00,0
2019/06/16 01:00,0
2019/06/16 02:00,0
2019/06/16 03:00,0
2019/06/16 04:00,0
2019/06/16 05:00,0
2019/06/16 06:00,0
2019/06/16 07:00,0
2019/06/16 08:00,0
2019/06/16 09:00,9.423188986
2019/06/16 10:00,24.32219644
2019/06/16 11:00,14.61798474
2019/06/16 12:00,6.86150793
2019/06/16 13:00,8.239994826
2019/06/16 14:00,13.31487434
2019/06/16 15:00,13.76487507
2019/06/16 16:00,9.81103194
2019/06/16 17:00,15.20461691
2019/06/16 18:00,13.00871208
2019/06/16 19:00,6.918172701
2019/06/16 20:00,3.912844037
2019/06/16 21:00,0
2019/06/16 22:00,0
2019/06/16 23:00,0
2019/06/17 00:00,0
2019/06/17 01:00,0
2019/06/17 02:00,0
2019/06/17 03:00,0
2019/06/17 04:00,0
2019/06/17 05:00,1.120121951
2019/06/17 06:00,7.370022023
2019/06/17 07:00,12.11739365
2019/06/17 08:00,12.91969768
2019/06/17 09:00,29.68253446
2019/06/17 10:00,44.67905839
2019/06/17 11:00,37.37233036
2019/06/17 12:00,40.60542876
2019/06/17 13:00,29.92287648
2019/06/17 14:00,23.2765806
2019/06/17 15:00,13.99380144
2019/06/17 16:00,11.19106329
2019/06/17 17:00,6.53839427
2019/06/17 18:00,15.76554124
2019/06/17 19:00,17.33619048
2019/06/17 20:00,10.28774354
2019/06/17 21:00,1.461221374
2019/06/17 22:00,0
2019/06/17 23:00,0
2019/06/18 00:00,0
2019/06/18 01:00,0
2019/06/18 02:00,0
2019/06/18 03:00,0
2019/06/18 04:00,0
2019/06/18 05:00,3.061825564
2019/06/18 06:00,6.803596826
2019/06/18 07:00,13.42353407
2019/06/18 08:00,6.26488969
2019/06/18 09:00,5.884615385
2019/06/18 10:00,3.154067371
2019/06/18 11:00,12.34007168
2019/06/18 12:00,16.01910924
2019/06/18 13:00,9.735569773
2019/06/18 14:00,17.3985187
2019/06/18 15:00,8.791397951
2019/06/18 16:00,1.602803738
2019/06/18 17:00,1.654025974
2019/06/18 18:00,10.21947867
2019/06/18 19:00,23.00651611
2019/06/18 20:00,18.57048167
2019/06/18 21:00,6.36949757
2019/06/18 22:00,0
2019/06/18 23:00,0
2019/06/19 00:00,0
2019/06/19 01:00,0
2019/06/19 02:00,0
2019/06/19 03:00,0
2019/06/19 04:00,0
2019/06/19 05:00,1.803472222
2019/06/19 06:00,6.239575758
2019/06/19 07:00,8.617588384
2019/06/19 08:00,9.710527739
2019/06/19 09:00,6.535381352
2019/06/19 10:00,6.365454545
2019/06/19 11:00,19.01937801
2019/06/19 12:00,21.08880717
2019/06/19 13:00,21.72557033
2019/06/19 14:00,26.81891306
2019/06/19 15:00,21.68843162
2019/06/19 16:00,21.49529348
2019/06/19 17:00,26.68261842
2019/06/19 18:00,31.77824338
2019/06/19 19:00,26.50494828
2019/06/19 20:00,28.31381048
2019/06/19 21:00,26.00441199
2019/06/19 22:00,14.04954557
2019/06/19 23:00,11.02811699
2019/06/20 00:00,9.672066574
2019/06/20 01:00,6.723495146
2019/06/20 02:00,6.723495146
2019/06/20 03:00,5.490854369
2019/06/20 04:00,0
2019/06/20 05:00,0
2019/06/20 06:00,2.065217391
2019/06/20 07:00,9.403897653
2019/06/20 08:00,11.15720121
2019/06/20 09:00,8.716494363
2019/06/20 10:00,9.944747788
2019/06/20 11:00,6.725643974
2019/06/20 12:00,11.65400799
2019/06/20 13:00,22.23384663
2019/06/20 14:00,21.15912372
2019/06/20 15:00,17.82003675
2019/06/20 16:00,19.57580133
2019/06/20 17:00,21.86653944
2019/06/20 18:00,15.508392
2019/06/20 19:00,16.2935176
2019/06/20 20:00,8.820770259
2019/06/20 21:00,8.832979497
2019/06/20 22:00,6.606431624
2019/06/20 23:00,7.394123932
2019/06/21 00:00,7.394123932
2019/06/21 01:00,7.394123932
2019/06/21 02:00,6.21258547
2019/06/21 03:00,4.440277778
2019/06/21 04:00,1.850115741
2019/06/21 05:00,0
2019/06/21 06:00,0
2019/06/21 07:00,3.847860904
2019/06/21 08:00,13.60454525
2019/06/21 09:00,14.00658214
2019/06/21 10:00,8.474592013
2019/06/21 11:00,19.08854359
2019/06/21 12:00,22.48760994
2019/06/21 13:00,20.82976396
2019/06/21 14:00,23.2649436
2019/06/21 15:00,24.80606503
2019/06/21 16:00,13.5110875
2019/06/21 17:00,18.94132242
2019/06/21 18:00,16.30372558
2019/06/21 19:00,11.88766797
2019/06/21 20:00,1.367017544
2019/06/21 21:00,5.33
2019/06/21 22:00,0
2019/06/21 23:00,0
2019/06/22 00:00,0
2019/06/22 01:00,0
2019/06/22 02:00,0
2019/06/22 03:00,0
2019/06/22 04:00,0
2019/06/22 05:00,0
2019/06/22 06:00,0
2019/06/22 07:00,0
2019/06/22 08:00,1.490909091
2019/06/22 09:00,6.43587057
2019/06/22 10:00,2.61294465
2019/06/22 11:00,10.31909273
2019/06/22 12:00,15.75255106
2019/06/22 13:00,10.49020361
2019/06/22 14:00,11.15090536
2019/06/22 15:00,6.170642202
2019/06/22 16:00,5.524034019
2019/06/22 17:00,5.474452555
2019/06/22 18:00,3.558394161
2019/06/22 19:00,4.058015152
2019/06/22 20:00,9.335909091
2019/06/22 21:00,6.506075758
2019/06/22 22:00,0
2019/06/22 23:00,0
2019/06/23 00:00,0
2019/06/23 01:00,0
2019/06/23 02:00,0
2019/06/23 03:00,0
2019/06/23 04:00,0
2019/06/23 05:00,0
2019/06/23 06:00,2.815932203
2019/06/23 07:00,3.574067797
2019/06/23 08:00,0
2019/06/23 09:00,7.027789899
2019/06/23 10:00,22.25454199
2019/06/23 11:00,12.15312256
2019/06/23 12:00,11.96392729
2019/06/23 13:00,11.91961826
2019/06/23 14:00,15.8339509
2019/06/23 15:00,30.44731902
2019/06/23 16:00,23.95142388
2019/06/23 17:00,14.30445563
2019/06/23 18:00,8.865862069
2019/06/23 19:00,7.341570595
2019/06/23 20:00,1.99641791
2019/06/23 21:00,0
2019/06/23 22:00,0
2019/06/23 23:00,0
2019/06/24 00:00,0
2019/06/24 01:00,0
2019/06/24 02:00,0
2019/06/24 03:00,0
2019/06/24 04:00,0
2019/06/24 05:00,3.306853168
2019/06/24 06:00,6.224443935
2019/06/24 07:00,7.383097685
2019/06/24 08:00,7.807136313
2019/06/24 09:00,10.61780132
2019/06/24 10:00,16.91955647
2019/06/24 11:00,10.3632971
2019/06/24 12:00,8.37834986
2019/06/24 13:00,10.16477173
2019/06/24 14:00,21.73384021
2019/06/24 15:00,14.50747923
2019/06/24 16:00,7.398701556
2019/06/24 17:00,6.606444394
2019/06/24 18:00,16.22891705
2019/06/24 19:00,12.60861111
2019/06/24 20:00,12.92833333
2019/06/24 21:00,1.078055556
2019/06/24 22:00,0
2019/06/24 23:00,0
2019/06/25 00:00,0
2019/06/25 01:00,0
2019/06/25 02:00,0
2019/06/25 03:00,0
2019/06/25 04:00,0
2019/06/25 05:00,2.096956522
2019/06/25 06:00,6.368180667
2019/06/25 07:00,7.220291237
2019/06/25 08:00,8.169222186
2019/06/25 09:00,7.450750848
2019/06/25 10:00,6.711935807
2019/06/25 11:00,9.851819858
2019/06/25 12:00,13.48331809
2019/06/25 13:00,17.90378489
2019/06/25 14:00,16.81085523
2019/06/25 15:00,13.76600874
2019/06/25 16:00,14.87706776
2019/06/25 17:00,9.317993269
2019/06/25 18:00,14.14773283
2019/06/25 19:00,27.1958756
2019/06/25 20:00,30.83447143
2019/06/25 21:00,16.06172385
2019/06/25 22:00,2.162011173
2019/06/25 23:00,0
2019/06/26 00:00,0
2019/06/26 01:00,0
2019/06/26 02:00,0
2019/06/26 03:00,0
2019/06/26 04:00,0
2019/06/26 05:00,2.010718563
2019/06/26 06:00,3.093413174
2019/06/26 07:00,9.51848248
2019/06/26 08:00,18.2610517
2019/06/26 09:00,31.41631506
2019/06/26 10:00,32.9606835
2019/06/26 11:00,29.26983856
2019/06/26 12:00,31.36620479
2019/06/26 13:00,18.06903955
2019/06/26 14:00,8.933643007
2019/06/26 15:00,11.54260962
2019/06/26 16:00,8.959566265
2019/06/26 17:00,14.77535064
2019/06/26 18:00,17.63002676
2019/06/26 19:00,14.09475273
2019/06/26 20:00,14.11462769
2019/06/26 21:00,5.473675914
2019/06/26 22:00,0
2019/06/26 23:00,0
2019/06/27 00:00,0
2019/06/27 01:00,0
2019/06/27 02:00,0
2019/06/27 03:00,0
2019/06/27 04:00,0
2019/06/27 05:00,0
2019/06/27 06:00,5.337222222
2019/06/27 07:00,5.054777778
2019/06/27 08:00,7.391147541
2019/06/27 09:00,11.94241262
2019/06/27 10:00,6.574439839
2019/06/27 11:00,9.518997111
2019/06/27 12:00,26.70952835
2019/06/27 13:00,27.87065612
2019/06/27 14:00,13.78397441
2019/06/27 15:00,13.80614225
2019/06/27 16:00,4.254368421
2019/06/27 17:00,11.60181215
2019/06/27 18:00,18.30895502
2019/06/27 19:00,10.26163174
2019/06/27 20:00,2.463934426
2019/06/27 21:00,0
2019/06/27 22:00,0
2019/06/27 23:00,0
2019/06/28 00:00,0
2019/06/28 01:00,0
2019/06/28 02:00,0
2019/06/28 03:00,0
2019/06/28 04:00,0
2019/06/28 05:00,0.439304348
2019/06/28 06:00,8.695511163
2019/06/28 07:00,8.760049354
2019/06/28 08:00,5.966531629
2019/06/28 09:00,10.59518632
2019/06/28 10:00,15.53847267
2019/06/28 11:00,15.74759648
2019/06/28 12:00,18.32506101
2019/06/28 13:00,19.77707411
2019/06/28 14:00,15.37167102
2019/06/28 15:00,12.36070181
2019/06/28 16:00,19.74666924
2019/06/28 17:00,30.2032467
2019/06/28 18:00,40.03034567
2019/06/28 19:00,28.12603118
2019/06/28 20:00,15.86560861
2019/06/28 21:00,9.020938694
2019/06/28 22:00,2.33
2019/06/28 23:00,0
2019/06/29 00:00,0
2019/06/29 01:00,0
2019/06/29 02:00,0
2019/06/29 03:00,0
2019/06/29 04:00,0
2019/06/29 05:00,0
2019/06/29 06:00,0
2019/06/29 07:00,0
2019/06/29 08:00,0.166875
2019/06/29 09:00,8.944168002
2019/06/29 10:00,8.696929971
2019/06/29 11:00,15.71008011
2019/06/29 12:00,15.07162198
2019/06/29 13:00,13.95862635
2019/06/29 14:00,16.1036654
2019/06/29 15:00,12.09726296
2019/06/29 16:00,12.0567251
2019/06/29 17:00,22.57183986
2019/06/29 18:00,22.93727811
2019/06/29 19:00,20.99987396
2019/06/29 20:00,12.21194636
2019/06/29 21:00,3.463106844
2019/06/29 22:00,0
2019/06/29 23:00,0
2019/06/30 00:00,0
2019/06/30 01:00,0
2019/06/30 02:00,0
2019/06/30 03:00,0
2019/06/30 04:00,0
2019/06/30 05:00,0
2019/06/30 06:00,0
2019/06/30 07:00,0
2019/06/30 08:00,5.26091954
2019/06/30 09:00,12.67270191
2019/06/30 10:00,11.65996013
2019/06/30 11:00,8.713293459
2019/06/30 12:00,8.624260342
2019/06/30 13:00,17.30474265
2019/06/30 14:00,7.975788636
2019/06/30 15:00,0.058333333
2019/06/30 16:00,0
2019/06/30 17:00,5.7409319
2019/06/30 18:00,10.22836159
2019/06/30 19:00,12.95942517
2019/06/30 20:00,1.40320442
2019/06/30 21:00,0
2019/06/30 22:00,0
2019/06/30 23:00,0
2019/07/01 00:00,0
2019/07/01 01:00,0
2019/07/01 02:00,0
2019/07/01 03:00,0
2019/07/01 04:00,0
2019/07/01 05:00,0
2019/07/01 06:00,0
2019/07/01 07:00,3.001304348
2019/07/01 08:00,14.46625384
2019/07/01 09:00,30.99309761
2019/07/01 10:00,22.8517093
2019/07/01 11:00,19.57746343
2019/07/01 12:00,12.73570356
2019/07/01 13:00,23.16433933
2019/07/01 14:00,28.56191828
2019/07/01 15:00,27.71931141
2019/07/01 16:00,14.08285655
2019/07/01 17:00,11.42001132
2019/07/01 18:00,6.941658582
2019/07/01 19:00,11.85241515
2019/07/01 20:00,9.490079201
2019/07/01 21:00,2.763414634
2019/07/01 22:00,0
2019/07/01 23:00,0
2019/07/02 00:00,0
2019/07/02 01:00,0
2019/07/02 02:00,0
2019/07/02 03:00,0
2019/07/02 04:00,0
2019/07/02 05:00,2.105357143
2019/07/02 06:00,6.210272297
2019/07/02 07:00,10.26981452
2019/07/02 08:00,10.48541284
2019/07/02 09:00,11.06965917
2019/07/02 10:00,14.52551107
2019/07/02 11:00,13.65035405
2019/07/02 12:00,14.52922916
2019/07/02 13:00,13.58340195
2019/07/02 14:00,6.26809102
2019/07/02 15:00,8.658150786
2019/07/02 16:00,10.0706033
2019/07/02 17:00,8.04868075
2019/07/02 18:00,10.58438021
2019/07/02 19:00,13.09476801
2019/07/02 20:00,15.3724569
2019/07/02 21:00,13.75158586
2019/07/02 22:00,5.947619803
2019/07/02 23:00,0
2019/07/03 00:00,0
2019/07/03 01:00,0
2019/07/03 02:00,0
2019/07/03 03:00,0
2019/07/03 04:00,0
2019/07/03 05:00,0
2019/07/03 06:00,2.158878505
2019/07/03 07:00,7.519623104
2019/07/03 08:00,11.97880969
2019/07/03 09:00,29.75999438
2019/07/03 10:00,44.05932284
2019/07/03 11:00,25.69064619
2019/07/03 12:00,10.53413439
2019/07/03 13:00,8.220909091
2019/07/03 14:00,4.477681818
2019/07/03 15:00,0
2019/07/03 16:00,0.261340206
2019/07/03 17:00,5.420220405
2019/07/03 18:00,2.268439389
2019/07/03 19:00,2.393053435
2019/07/03 20:00,3.054961832
2019/07/03 21:00,1.221984733
2019/07/03 22:00,0
2019/07/03 23:00,0
2019/07/04 00:00,0
2019/07/04 01:00,0
2019/07/04 02:00,0
2019/07/04 03:00,0
2019/07/04 04:00,0
2019/07/04 05:00,0
2019/07/04 06:00,0
2019/07/04 07:00,0
2019/07/04 08:00,0
2019/07/04 09:00,5.27628719
2019/07/04 10:00,13.50582645
2019/07/04 11:00,8.337886364
2019/07/04 12:00,3.936012045
2019/07/04 13:00,9.638165541
2019/07/04 14:00,12.86842607
2019/07/04 15:00,12.96895238
2019/07/04 16:00,8.344741858
2019/07/04 17:00,6.573702104
2019/07/04 18:00,11.90880597
2019/07/04 19:00,1.90119403
2019/07/04 20:00,1.97125
2019/07/04 21:00,6.225
2019/07/04 22:00,5.08375
2019/07/04 23:00,0
2019/07/05 00:00,0
2019/07/05 01:00,0
2019/07/05 02:00,0
2019/07/05 03:00,0
2019/07/05 04:00,0
2019/07/05 05:00,0
2019/07/05 06:00,0
2019/07/05 07:00,0
2019/07/05 08:00,1.16
2019/07/05 09:00,6.96
2019/07/05 10:00,6.96
2019/07/05 11:00,2.32
2019/07/05 12:00,7.506225938
2019/07/05 13:00,11.79809847
2019/07/05 14:00,3.255675597
2019/07/05 15:00,5.535333333
2019/07/05 16:00,10.42636364
2019/07/05 17:00,13.36982451
2019/07/05 18:00,15.59452233
2019/07/05 19:00,15.81988134
2019/07/05 20:00,13.22463936
2019/07/05 21:00,4.329435484
2019/07/05 22:00,0
2019/07/05 23:00,0
2019/07/06 00:00,0
2019/07/06 01:00,3.17954955
2019/07/06 02:00,3.289189189
2019/07/06 03:00,3.289189189
2019/07/06 04:00,2.412072072
2019/07/06 05:00,0
2019/07/06 06:00,0
2019/07/06 07:00,0
2019/07/06 08:00,5.464533333
2019/07/06 09:00,13.15854545
2019/07/06 10:00,13.93237121
2019/07/06 11:00,12.34373077
2019/07/06 12:00,12.96110256
2019/07/06 13:00,20.97444055
2019/07/06 14:00,31.32405531
2019/07/06 15:00,30.85197062
2019/07/06 16:00,25.06133471
2019/07/06 17:00,21.53882873
2019/07/06 18:00,12.0956121
2019/07/06 19:00,12.26860623
2019/07/06 20:00,8.801945342
2019/07/06 21:00,6.42
2019/07/06 22:00,1.391
2019/07/06 23:00,0
2019/07/07 00:00,0
2019/07/07 01:00,0
2019/07/07 02:00,0
2019/07/07 03:00,0
2019/07/07 04:00,0
2019/07/07 05:00,0
2019/07/07 06:00,0
2019/07/07 07:00,0
2019/07/07 08:00,1.778294386
2019/07/07 09:00,6.111869478
2019/07/07 10:00,4.179836136
2019/07/07 11:00,0
2019/07/07 12:00,5.062588141
2019/07/07 13:00,17.09590625
2019/07/07 14:00,22.70692893
2019/07/07 15:00,21.92870842
2019/07/07 16:00,17.56004525
2019/07/07 17:00,13.69799885
2019/07/07 18:00,14.75559558
2019/07/07 19:00,11.27102116
2019/07/07 20:00,2.431207407
2019/07/07 21:00,0
2019/07/07 22:00,0
2019/07/07 23:00,0
2019/07/08 00:00,0
2019/07/08 01:00,0
2019/07/08 02:00,0
2019/07/08 03:00,0
2019/07/08 04:00,0
2019/07/08 05:00,1.335616438
2019/07/08 06:00,3.672285239
2019/07/08 07:00,3.218691589
2019/07/08 08:00,5.353788771
2019/07/08 09:00,13.07881639
2019/07/08 10:00,18.55078807
2019/07/08 11:00,22.03664713
2019/07/08 12:00,16.69761295
2019/07/08 13:00,6.682464597
2019/07/08 14:00,6.987754041
2019/07/08 15:00,18.71748777
2019/07/08 16:00,23.43481681
2019/07/08 17:00,23.56182508
2019/07/08 18:00,18.63834073
2019/07/08 19:00,32.336043
2019/07/08 20:00,16.47125996
2019/07/08 21:00,13.48029692
2019/07/08 22:00,5.313272727
2019/07/08 23:00,0
2019/07/09 00:00,0
2019/07/09 01:00,0
2019/07/09 02:00,0
2019/07/09 03:00,0
2019/07/09 04:00,0
2019/07/09 05:00,2.034306569
2019/07/09 06:00,6.013761654
2019/07/09 07:00,7.79461166
2019/07/09 08:00,4.858818078
2019/07/09 09:00,20.19864853
2019/07/09 10:00,30.99178945
2019/07/09 11:00,32.36960622
2019/07/09 12:00,42.92458654
2019/07/09 13:00,30.51719301
2019/07/09 14:00,11.75390787
2019/07/09 15:00,2.158333333
2019/07/09 16:00,8.578477042
2019/07/09 17:00,19.77016435
2019/07/09 18:00,24.98574513
2019/07/09 19:00,27.64266054
2019/07/09 20:00,6.662606117
2019/07/09 21:00,0
2019/07/09 22:00,0
2019/07/09 23:00,0
2019/07/10 00:00,0
2019/07/10 01:00,0
2019/07/10 02:00,0
2019/07/10 03:00,0
2019/07/10 04:00,0.112366412
2019/07/10 05:00,4.554245378
2019/07/10 06:00,6.457739354
2019/07/10 07:00,6.80927348
2019/07/10 08:00,8.045510613
2019/07/10 09:00,23.9726199
2019/07/10 10:00,24.58405604
2019/07/10 11:00,16.93711029
2019/07/10 12:00,25.1584046
2019/07/10 13:00,23.09121847
2019/07/10 14:00,6.266173409
2019/07/10 15:00,7.349515578
2019/07/10 16:00,15.8309528
2019/07/10 17:00,22.94624269
2019/07/10 18:00,32.01710407
2019/07/10 19:00,37.49203097
2019/07/10 20:00,18.18447846
2019/07/10 21:00,8.842735261
2019/07/10 22:00,1.198222222
2019/07/10 23:00,0
2019/07/11 00:00,0
2019/07/11 01:00,0
2019/07/11 02:00,0
2019/07/11 03:00,0
2019/07/11 04:00,0
2019/07/11 05:00,2.05739645
2019/07/11 06:00,6.85744051
2019/07/11 07:00,14.51990011
2019/07/11 08:00,22.34742555
2019/07/11 09:00,28.91639005
2019/07/11 10:00,21.06154259
2019/07/11 11:00,20.21446574
2019/07/11 12:00,13.17751786
2019/07/11 13:00,26.82355596
2019/07/11 14:00,21.96918738
2019/07/11 15:00,6.409549532
2019/07/11 16:00,9.443706897
2019/07/11 17:00,11.69658699
2019/07/11 18:00,10.9295353
2019/07/11 19:00,13.68090491
2019/07/11 20:00,8.541888455
2019/07/11 21:00,2.635294118
2019/07/11 22:00,2.643861386
2019/07/11 23:00,3.566138614
2019/07/12 00:00,0
2019/07/12 01:00,0
2019/07/12 02:00,0
2019/07/12 03:00,0
2019/07/12 04:00,0
2019/07/12 05:00,0.767307692
2019/07/12 06:00,9.912058488
2019/07/12 07:00,15.04202085
2019/07/12 08:00,12.91551093
2019/07/12 09:00,14.50250743
2019/07/12 10:00,16.24401176
2019/07/12 11:00,10.67061647
2019/07/12 12:00,17.86851836
2019/07/12 13:00,27.20826736
2019/07/12 14:00,19.82096134
2019/07/12 15:00,20.11947042
2019/07/12 16:00,11.54345527
2019/07/12 17:00,25.13061447
2019/07/12 18:00,28.60761096
2019/07/12 19:00,22.39142533
2019/07/12 20:00,6.612087313
2019/07/12 21:00,1.723555556
2019/07/12 22:00,0
2019/07/12 23:00,0
2019/07/13 00:00,0
2019/07/13 01:00,0
2019/07/13 02:00,0
2019/07/13 03:00,0
2019/07/13 04:00,0
2019/07/13 05:00,0
2019/07/13 06:00,0.745846154
2019/07/13 07:00,11.42974208
2019/07/13 08:00,1.054411765
2019/07/13 09:00,1.778461538
2019/07/13 10:00,10.28027312
2019/07/13 11:00,27.62133292
2019/07/13 12:00,25.85932058
2019/07/13 13:00,30.66037059
2019/07/13 14:00,18.87433362
2019/07/13 15:00,16.46244534
2019/07/13 16:00,6.712193637
2019/07/13 17:00,14.39141232
2019/07/13 18:00,28.49466919
2019/07/13 19:00,20.66037722
2019/07/13 20:00,15.30679109
2019/07/13 21:00,4.301768831
2019/07/13 22:00,4.575
2019/07/13 23:00,4.575
2019/07/14 00:00,0.07625
2019/07/14 01:00,0
2019/07/14 02:00,0
2019/07/14 03:00,0
2019/07/14 04:00,0
2019/07/14 05:00,0
2019/07/14 06:00,2.115176471
2019/07/14 07:00,2.494823529
2019/07/14 08:00,0.586028881
2019/07/14 09:00,5.023104693
2019/07/14 10:00,11.43852454
2019/07/14 11:00,13.96316258
2019/07/14 12:00,17.68649793
2019/07/14 13:00,15.20383273
2019/07/14 14:00,17.27903574
2019/07/14 15:00,26.47247787
2019/07/14 16:00,22.17422639
2019/07/14 17:00,15.17558128
2019/07/14 18:00,25.63637424
2019/07/14 19:00,23.69226441
2019/07/14 20:00,25.21559829
2019/07/14 21:00,10.7125346
2019/07/14 22:00,8.964551983
2019/07/14 23:00,6.729777547
2019/07/15 00:00,5.984852735
2019/07/15 01:00,5.984852735
2019/07/15 02:00,1.994950912
2019/07/15 03:00,0
2019/07/15 04:00,0
2019/07/15 05:00,1.483526012
2019/07/15 06:00,3.069364162
2019/07/15 07:00,3.069364162
2019/07/15 08:00,7.832632237
2019/07/15 09:00,19.89503875
2019/07/15 10:00,29.29471875
2019/07/15 11:00,29.78354007
2019/07/15 12:00,23.69473928
2019/07/15 13:00,20.6958397
2019/07/15 14:00,12.51754797
2019/07/15 15:00,18.41950525
2019/07/15 16:00,15.09072911
2019/07/15 17:00,13.51712943
2019/07/15 18:00,19.73061593
2019/07/15 19:00,11.36595919
2019/07/15 20:00,9.338076923
2019/07/15 21:00,2.011673077
2019/07/15 22:00,0
2019/07/15 23:00,0
2019/07/16 00:00,0
2019/07/16 01:00,0
2019/07/16 02:00,0
2019/07/16 03:00,0
2019/07/16 04:00,0
2019/07/16 05:00,0
2019/07/16 06:00,2.822665072
2019/07/16 07:00,4.066698565
2019/07/16 08:00,0.85987687
2019/07/16 09:00,6.21
2019/07/16 10:00,10.4164557
2019/07/16 11:00,9.474249548
2019/07/16 12:00,12.11406635
2019/07/16 13:00,6.432671662
2019/07/16 14:00,2.372066239
2019/07/16 15:00,2.775
2019/07/16 16:00,15.39339718
2019/07/16 17:00,19.65728065
2019/07/16 18:00,38.34518586
2019/07/16 19:00,33.95386425
2019/07/16 20:00,22.47619051
2019/07/16 21:00,6.119848792
2019/07/16 22:00,7.134141295
2019/07/16 23:00,4.565853659
2019/07/17 00:00,3.500487805
2019/07/17 01:00,0
2019/07/17 02:00,0
2019/07/17 03:00,0
2019/07/17 04:00,0
2019/07/17 05:00,1.231145038
2019/07/17 06:00,3.351195929
2019/07/17 07:00,14.74072477
2019/07/17 08:00,20.36226362
2019/07/17 09:00,31.40071521
2019/07/17 10:00,26.37700609
2019/07/17 11:00,23.79017048
2019/07/17 12:00,13.45861785
2019/07/17 13:00,24.76063341
2019/07/17 14:00,22.70431523
2019/07/17 15:00,21.05823299
2019/07/17 16:00,8.031343023
2019/07/17 17:00,5.36071686
2019/07/17 18:00,16.48731261
2019/07/17 19:00,16.47493203
2019/07/17 20:00,23.32911183
2019/07/17 21:00,22.5085323
2019/07/17 22:00,14.39331781
2019/07/17 23:00,12.50961651
2019/07/18 00:00,10.33014283
2019/07/18 01:00,8.999841822
2019/07/18 02:00,6.70204918
2019/07/18 03:00,3.57442623
2019/07/18 04:00,0
2019/07/18 05:00,0
2019/07/18 06:00,3.288643457
2019/07/18 07:00,8.664552759
2019/07/18 08:00,20.48626574
2019/07/18 09:00,19.72491089
2019/07/18 10:00,15.05071764
2019/07/18 11:00,14.75378795
2019/07/18 12:00,13.72724735
2019/07/18 13:00,23.05297069
2019/07/18 14:00,29.31390592
2019/07/18 15:00,21.60465348
2019/07/18 16:00,19.72278004
2019/07/18 17:00,4.92084935
2019/07/18 18:00,17.71308599
2019/07/18 19:00,17.93312571
2019/07/18 20:00,16.39920219
2019/07/18 21:00,19.17795829
2019/07/18 22:00,6.993986014
2019/07/18 23:00,0
2019/07/19 00:00,0
2019/07/19 01:00,0
2019/07/19 02:00,0
2019/07/19 03:00,0
2019/07/19 04:00,0
2019/07/19 05:00,0
2019/07/19 06:00,4.477408647
2019/07/19 07:00,10.42165096
2019/07/19 08:00,13.1357955
2019/07/19 09:00,31.48352216
2019/07/19 10:00,50.32531242
2019/07/19 11:00,51.09721513
2019/07/19 12:00,19.78575954
2019/07/19 13:00,12.33334933
2019/07/19 14:00,11.74234262
2019/07/19 15:00,15.35301474
2019/07/19 16:00,20.11256383
2019/07/19 17:00,23.71684874
2019/07/19 18:00,19.42011412
2019/07/19 19:00,20.12574375
2019/07/19 20:00,23.41873079
2019/07/19 21:00,24.55772662
2019/07/19 22:00,19.41191823
2019/07/19 23:00,8.399514692
2019/07/20 00:00,5.906811989
2019/07/20 01:00,5.906811989
2019/07/20 02:00,5.906811989
2019/07/20 03:00,1.575149864
2019/07/20 04:00,0
2019/07/20 05:00,0
2019/07/20 06:00,0
2019/07/20 07:00,0.97744186
2019/07/20 08:00,9.502642706
2019/07/20 09:00,3.239915433
2019/07/20 10:00,3.095581395
2019/07/20 11:00,16.07977242
2019/07/20 12:00,14.71838962
2019/07/20 13:00,8.201890973
2019/07/20 14:00,9.151889401
2019/07/20 15:00,9.249641966
2019/07/20 16:00,21.2502028
2019/07/20 17:00,29.12994753
2019/07/20 18:00,19.97807333
2019/07/20 19:00,21.36765328
2019/07/20 20:00,8.091502737
2019/07/20 21:00,1.677272727
2019/07/20 22:00,0
2019/07/20 23:00,0
2019/07/21 00:00,0.208372093
2019/07/21 01:00,4.271627907
2019/07/21 02:00,0
2019/07/21 03:00,0
2019/07/21 04:00,0
2019/07/21 05:00,0
2019/07/21 06:00,0
2019/07/21 07:00,0
2019/07/21 08:00,0.563414634
2019/07/21 09:00,7.989616239
2019/07/21 10:00,11.31108584
2019/07/21 11:00,14.69154865
2019/07/21 12:00,16.47184665
2019/07/21 13:00,19.7905529
2019/07/21 14:00,17.23338794
2019/07/21 15:00,16.58533921
2019/07/21 16:00,20.64609733
2019/07/21 17:00,25.69808518
2019/07/21 18:00,15.10204562
2019/07/21 19:00,3.299474638
2019/07/21 20:00,5.811150442
2019/07/21 21:00,6.463525074
2019/07/21 22:00,3.21699115
2019/07/21 23:00,0
2019/07/22 00:00,0
2019/07/22 01:00,0
2019/07/22 02:00,0
2019/07/22 03:00,0
2019/07/22 04:00,0
2019/07/22 05:00,0
2019/07/22 06:00,3.346341463
2019/07/22 07:00,7.598430541
2019/07/22 08:00,18.57148718
2019/07/22 09:00,25.15863042
2019/07/22 10:00,20.52507428
2019/07/22 11:00,25.42987154
2019/07/22 12:00,23.22161712
2019/07/22 13:00,21.88720962
2019/07/22 14:00,22.25286969
2019/07/22 15:00,18.14862629
2019/07/22 16:00,11.64999452
2019/07/22 17:00,8.34201025
2019/07/22 18:00,12.76186692
2019/07/22 19:00,15.31562933
2019/07/22 20:00,2.190340824
2019/07/22 21:00,2.320731707
2019/07/22 22:00,4.025748503
2019/07/22 23:00,4.473053892
2019/07/23 00:00,3.951197605
2019/07/23 01:00,0
2019/07/23 02:00,0
2019/07/23 03:00,0
2019/07/23 04:00,0
2019/07/23 05:00,4.279173405
2019/07/23 06:00,11.134361
2019/07/23 07:00,13.79550876
2019/07/23 08:00,12.74896203
2019/07/23 09:00,21.02292411
2019/07/23 10:00,26.8726317
2019/07/23 11:00,22.26624596
2019/07/23 12:00,17.01480963
2019/07/23 13:00,18.08605006
2019/07/23 14:00,12.84264281
2019/07/23 15:00,17.33608155
2019/07/23 16:00,12.4629322
2019/07/23 17:00,14.61349099
2019/07/23 18:00,19.0182825
2019/07/23 19:00,14.78448154
2019/07/23 20:00,16.93717366
2019/07/23 21:00,16.89885693
2019/07/23 22:00,5.71539115
2019/07/23 23:00,0
2019/07/24 00:00,0
2019/07/24 01:00,0
2019/07/24 02:00,0
2019/07/24 03:00,0
2019/07/24 04:00,0
2019/07/24 05:00,1.435
2019/07/24 06:00,4.14548951
2019/07/24 07:00,7.422647109
2019/07/24 08:00,8.88157285
2019/07/24 09:00,14.1957495
2019/07/24 10:00,24.62017207
2019/07/24 11:00,26.77074607
2019/07/24 12:00,20.15896967
2019/07/24 13:00,15.21343668
2019/07/24 14:00,20.0898996
2019/07/24 15:00,17.70931289
2019/07/24 16:00,19.66374952
2019/07/24 17:00,10.88965366
2019/07/24 18:00,23.11615293
2019/07/24 19:00,19.71436314
2019/07/24 20:00,13.89115122
2019/07/24 21:00,4.806167796
2019/07/24 22:00,0
2019/07/24 23:00,0
2019/07/25 00:00,0
2019/07/25 01:00,0
2019/07/25 02:00,0
2019/07/25 03:00,0
2019/07/25 04:00,0
2019/07/25 05:00,1.94040404
2019/07/25 06:00,5.766487322
2019/07/25 07:00,8.498071846
2019/07/25 08:00,10.32880181
2019/07/25 09:00,7.54623498
2019/07/25 10:00,2.837637363
2019/07/25 11:00,5.7000814
2019/07/25 12:00,8.828822141
2019/07/25 13:00,29.31324196
2019/07/25 14:00,34.77038868
2019/07/25 15:00,28.15365858
2019/07/25 16:00,18.43217976
2019/07/25 17:00,15.54030873
2019/07/25 18:00,21.65085815
2019/07/25 19:00,10.34867689
2019/07/25 20:00,10.22109598
2019/07/25 21:00,7.303050364
2019/07/25 22:00,0
2019/07/25 23:00,0
2019/07/26 00:00,0
2019/07/26 01:00,0
2019/07/26 02:00,0
2019/07/26 03:00,0
2019/07/26 04:00,0
2019/07/26 05:00,3.69890411
2019/07/26 06:00,5.741457534
2019/07/26 07:00,6.119638356
2019/07/26 08:00,5.697887053
2019/07/26 09:00,11.15966798
2019/07/26 10:00,19.3604926
2019/07/26 11:00,23.78887197
2019/07/26 12:00,20.32171609
2019/07/26 13:00,7.100168731
2019/07/26 14:00,1.24382716
2019/07/26 15:00,1.982208589
2019/07/26 16:00,11.15130683
2019/07/26 17:00,21.05798699
2019/07/26 18:00,15.51717537
2019/07/26 19:00,13.20028384
2019/07/26 20:00,13.76950251
2019/07/26 21:00,19.60964403
2019/07/26 22:00,7.641891835
2019/07/26 23:00,0
2019/07/27 00:00,0
2019/07/27 01:00,0
2019/07/27 02:00,0
2019/07/27 03:00,0
2019/07/27 04:00,0
2019/07/27 05:00,0
2019/07/27 06:00,3.676680672
2019/07/27 07:00,6.455823529
2019/07/27 08:00,8.075966387
2019/07/27 09:00,9.778781178
2019/07/27 10:00,20.10073878
2019/07/27 11:00,23.66113146
2019/07/27 12:00,23.8281062
2019/07/27 13:00,25.19780925
2019/07/27 14:00,29.09283695
2019/07/27 15:00,27.48479942
2019/07/27 16:00,17.47883597
2019/07/27 17:00,13.2338188
2019/07/27 18:00,13.46755485
2019/07/27 19:00,7.989281499
2019/07/27 20:00,12.73879038
2019/07/27 21:00,11.05119293
2019/07/27 22:00,8.663831124
2019/07/27 23:00,1.794020619
2019/07/28 00:00,0
2019/07/28 01:00,0
2019/07/28 02:00,0
2019/07/28 03:00,0
2019/07/28 04:00,0
2019/07/28 05:00,0
2019/07/28 06:00,5.480366972
2019/07/28 07:00,10.10767401
2019/07/28 08:00,13.56710242
2019/07/28 09:00,18.5920463
2019/07/28 10:00,7.098353053
2019/07/28 11:00,21.20709515
2019/07/28 12:00,13.03632355
2019/07/28 13:00,8.863952272
2019/07/28 14:00,19.80124367
2019/07/28 15:00,11.78106221
2019/07/28 16:00,13.36363313
2019/07/28 17:00,14.72775256
2019/07/28 18:00,18.79997398
2019/07/28 19:00,20.5579669
2019/07/28 20:00,11.49286616
2019/07/28 21:00,1.6646875
2019/07/28 22:00,0
2019/07/28 23:00,0
2019/07/29 00:00,0
2019/07/29 01:00,0
2019/07/29 02:00,0
2019/07/29 03:00,0
2019/07/29 04:00,0
2019/07/29 05:00,1.719684211
2019/07/29 06:00,6.720774578
2019/07/29 07:00,4.628699106
2019/07/29 08:00,5.85494369
2019/07/29 09:00,26.39256186
2019/07/29 10:00,28.74271879
2019/07/29 11:00,31.42207527
2019/07/29 12:00,40.52103095
2019/07/29 13:00,30.59879497
2019/07/29 14:00,15.45922245
2019/07/29 15:00,15.2363656
2019/07/29 16:00,7.761635993
2019/07/29 17:00,6.113128901
2019/07/29 18:00,3.605454545
2019/07/29 19:00,3.595785539
2019/07/29 20:00,3.047123552
2019/07/29 21:00,0
2019/07/29 22:00,0
2019/07/29 23:00,0
2019/07/30 00:00,0
2019/07/30 01:00,0
2019/07/30 02:00,0
2019/07/30 03:00,0
2019/07/30 04:00,0
2019/07/30 05:00,2.207533632
2019/07/30 06:00,4.477716162
2019/07/30 07:00,16.52022908
2019/07/30 08:00,23.22263461
2019/07/30 09:00,29.0748118
2019/07/30 10:00,25.64469662
2019/07/30 11:00,27.02023596
2019/07/30 12:00,24.13382479
2019/07/30 13:00,15.19765271
2019/07/30 14:00,19.77554923
2019/07/30 15:00,30.45752467
2019/07/30 16:00,20.90069873
2019/07/30 17:00,19.14060838
2019/07/30 18:00,23.14967359
2019/07/30 19:00,24.551464
2019/07/30 20:00,13.77878514
2019/07/30 21:00,11.41503417
2019/07/30 22:00,6.315034169
2019/07/30 23:00,5.415034169
2019/07/31 00:00,1.71476082
2019/07/31 01:00,0
2019/07/31 02:00,0
2019/07/31 03:00,0
2019/07/31 04:00,0
2019/07/31 05:00,0
2019/07/31 06:00,5.391111111
2019/07/31 07:00,6.220512821
2019/07/31 08:00,7.981026429
2019/07/31 09:00,25.3869945
2019/07/31 10:00,28.91378617
2019/07/31 11:00,19.85944743
2019/07/31 12:00,24.86581693
2019/07/31 13:00,28.45505415
2019/07/31 14:00,29.55185131
2019/07/31 15:00,15.51239915
2019/07/31 16:00,0.602
2019/07/31 17:00,0.672274806
2019/07/31 18:00,19.28904841
2019/07/31 19:00,28.27858826
2019/07/31 20:00,9.328550061
2019/07/31 21:00,0.541538462
2019/07/31 22:00,0
2019/07/31 23:00,0
2019/08/01 00:00,0
2019/08/01 01:00,0
2019/08/01 02:00,0
2019/08/01 03:00,0
2019/08/01 04:00,0
2019/08/01 05:00,0
2019/08/01 06:00,5.507274463
2019/08/01 07:00,14.26057474
2019/08/01 08:00,16.71793952
2019/08/01 09:00,24.97189641
2019/08/01 10:00,35.32588903
2019/08/01 11:00,33.77658088
2019/08/01 12:00,17.97896047
2019/08/01 13:00,23.5020671
2019/08/01 14:00,15.31971122
2019/08/01 15:00,15.77643963
2019/08/01 16:00,19.92380015
2019/08/01 17:00,13.88187713
2019/08/01 18:00,21.20048387
2019/08/01 19:00,12.00252688
2019/08/01 20:00,4.005049923
2019/08/01 21:00,0.608928571
2019/08/01 22:00,0
2019/08/01 23:00,0
2019/08/02 00:00,0
2019/08/02 01:00,0
2019/08/02 02:00,0
2019/08/02 03:00,0
2019/08/02 04:00,0
2019/08/02 05:00,0.87223301
2019/08/02 06:00,6.541747573
2019/08/02 07:00,3.816019417
2019/08/02 08:00,4.806041667
2019/08/02 09:00,14.48986346
2019/08/02 10:00,20.90476549
2019/08/02 11:00,14.83049714
2019/08/02 12:00,7.171086298
2019/08/02 13:00,16.36850965
2019/08/02 14:00,21.95374362
2019/08/02 15:00,13.22508333
2019/08/02 16:00,3.13279259
2019/08/02 17:00,7.349050059
2019/08/02 18:00,15.13060037
2019/08/02 19:00,10.66363575
2019/08/02 20:00,8.358160362
2019/08/02 21:00,0
2019/08/02 22:00,0
2019/08/02 23:00,0
2019/08/03 00:00,0
2019/08/03 01:00,0
2019/08/03 02:00,0
2019/08/03 03:00,0
2019/08/03 04:00,0
2019/08/03 05:00,0
2019/08/03 06:00,0.762222222
2019/08/03 07:00,5.096340619
2019/08/03 08:00,5.718377049
2019/08/03 09:00,10.80739317
2019/08/03 10:00,19.71516944
2019/08/03 11:00,21.71612697
2019/08/03 12:00,28.66235136
2019/08/03 13:00,17.59838948
2019/08/03 14:00,10.73207037
2019/08/03 15:00,3.553908413
2019/08/03 16:00,14.71127902
2019/08/03 17:00,20.5296574
2019/08/03 18:00,16.04473922
2019/08/03 19:00,10.91752693
2019/08/03 20:00,17.10104463
2019/08/03 21:00,20.69232975
2019/08/03 22:00,5.521073961
2019/08/03 23:00,0
2019/08/04 00:00,0
2019/08/04 01:00,0
2019/08/04 02:00,0
2019/08/04 03:00,0
2019/08/04 04:00,0
2019/08/04 05:00,0
2019/08/04 06:00,0
2019/08/04 07:00,0
2019/08/04 08:00,0
2019/08/04 09:00,5.92437392
2019/08/04 10:00,19.65234247
2019/08/04 11:00,17.80052361
2019/08/04 12:00,21.22012734
2019/08/04 13:00,19.12272459
2019/08/04 14:00,9.540729987
2019/08/04 15:00,1.419178082
2019/08/04 16:00,0
2019/08/04 17:00,4.763571429
2019/08/04 18:00,17.96281591
2019/08/04 19:00,14.0760844
2019/08/04 20:00,12.09431726
2019/08/04 21:00,6.71559633
2019/08/04 22:00,6.71559633
2019/08/04 23:00,6.71559633
2019/08/05 00:00,6.71559633
2019/08/05 01:00,6.71559633
2019/08/05 02:00,0.559633028
2019/08/05 03:00,0
2019/08/05 04:00,0
2019/08/05 05:00,1.504712042
2019/08/05 06:00,4.962757417
2019/08/05 07:00,6.91609075
2019/08/05 08:00,5.044078679
2019/08/05 09:00,12.17250816
2019/08/05 10:00,16.50696998
2019/08/05 11:00,13.15589762
2019/08/05 12:00,13.34956834
2019/08/05 13:00,12.19798208
2019/08/05 14:00,21.31497444
2019/08/05 15:00,17.30059521
2019/08/05 16:00,11.89115353
2019/08/05 17:00,11.09645256
2019/08/05 18:00,9.650969005
2019/08/05 19:00,17.24505593
2019/08/05 20:00,19.11482019
2019/08/05 21:00,6.472305682
2019/08/05 22:00,5.592373056
2019/08/05 23:00,9.967373056
2019/08/06 00:00,1.301969864
2019/08/06 01:00,0
2019/08/06 02:00,0
2019/08/06 03:00,0
2019/08/06 04:00,0
2019/08/06 05:00,1.051056911
2019/08/06 06:00,3.941463415
2019/08/06 07:00,4.016279675
2019/08/06 08:00,8.426735294
2019/08/06 09:00,13.17585869
2019/08/06 10:00,11.06420098
2019/08/06 11:00,15.38852434
2019/08/06 12:00,23.75420625
2019/08/06 13:00,14.75488355
2019/08/06 14:00,8.287250205
2019/08/06 15:00,6.821871417
2019/08/06 16:00,1.338497133
2019/08/06 17:00,7.880610162
2019/08/06 18:00,6.556962406
2019/08/06 19:00,4.712578947
2019/08/06 20:00,4.325
2019/08/06 21:00,0
2019/08/06 22:00,0
2019/08/06 23:00,0
2019/08/07 00:00,0
2019/08/07 01:00,0
2019/08/07 02:00,0
2019/08/07 03:00,0
2019/08/07 04:00,0
2019/08/07 05:00,1.505940594
2019/08/07 06:00,5.467210124
2019/08/07 07:00,13.42001217
2019/08/07 08:00,9.944032223
2019/08/07 09:00,21.44114536
2019/08/07 10:00,32.23960211
2019/08/07 11:00,24.57538431
2019/08/07 12:00,21.30824543
2019/08/07 13:00,27.66965227
2019/08/07 14:00,18.19464021
2019/08/07 15:00,14.47400139
2019/08/07 16:00,14.84512448
2019/08/07 17:00,16.60849742
2019/08/07 18:00,18.82416233
2019/08/07 19:00,14.45585409
2019/08/07 20:00,6.152380952
2019/08/07 21:00,13.00634199
2019/08/07 22:00,13.12251082
2019/08/07 23:00,10.21829004
2019/08/08 00:00,6.152380952
2019/08/08 01:00,1.025396825
2019/08/08 02:00,0
2019/08/08 03:00,0
2019/08/08 04:00,0
2019/08/08 05:00,2.01352381
2019/08/08 06:00,11.38415602
2019/08/08 07:00,12.10916788
2019/08/08 08:00,7.703927281
2019/08/08 09:00,14.54459675
2019/08/08 10:00,22.20091349
2019/08/08 11:00,20.30576491
2019/08/08 12:00,11.6578802
2019/08/08 13:00,19.29278055
2019/08/08 14:00,18.13365885
2019/08/08 15:00,19.86047288
2019/08/08 16:00,5.517645503
2019/08/08 17:00,0
2019/08/08 18:00,11.37085865
2019/08/08 19:00,24.87754259
2019/08/08 20:00,25.54999678
2019/08/08 21:00,14.76384651
2019/08/08 22:00,9.705949298
2019/08/08 23:00,4.491806167
2019/08/09 00:00,0
2019/08/09 01:00,0
2019/08/09 02:00,0
2019/08/09 03:00,0
2019/08/09 04:00,0
2019/08/09 05:00,2.407295597
2019/08/09 06:00,14.99584906
2019/08/09 07:00,10.26504604
2019/08/09 08:00,13.61492225
2019/08/09 09:00,38.01246989
2019/08/09 10:00,43.24554857
2019/08/09 11:00,25.72525911
2019/08/09 12:00,10.63753917
2019/08/09 13:00,11.65703729
2019/08/09 14:00,15.6335209
2019/08/09 15:00,8.454496819
2019/08/09 16:00,9.073913269
2019/08/09 17:00,9.157368031
2019/08/09 18:00,20.04453321
2019/08/09 19:00,28.60468809
2019/08/09 20:00,11.15122893
2019/08/09 21:00,7.708743243
2019/08/09 22:00,0.990540541
2019/08/09 23:00,0
2019/08/10 00:00,0
2019/08/10 01:00,0
2019/08/10 02:00,0
2019/08/10 03:00,0
2019/08/10 04:00,0
2019/08/10 05:00,0
2019/08/10 06:00,0
2019/08/10 07:00,9.148884808
2019/08/10 08:00,16.71899909
2019/08/10 09:00,14.62438013
2019/08/10 10:00,10.24807155
2019/08/10 11:00,15.4867514
2019/08/10 12:00,12.44634437
2019/08/10 13:00,11.33015531
2019/08/10 14:00,10.06786987
2019/08/10 15:00,16.0503328
2019/08/10 16:00,10.84152613
2019/08/10 17:00,18.13481719
2019/08/10 18:00,10.99020069
2019/08/10 19:00,4.699247312
2019/08/10 20:00,5.482258065
2019/08/10 21:00,2.01016129
2019/08/10 22:00,0
2019/08/10 23:00,0
2019/08/11 00:00,0
2019/08/11 01:00,0
2019/08/11 02:00,0
2019/08/11 03:00,0
2019/08/11 04:00,0
2019/08/11 05:00,0
2019/08/11 06:00,0.893285024
2019/08/11 07:00,12.32921184
2019/08/11 08:00,19.68826099
2019/08/11 09:00,19.14938001
2019/08/11 10:00,11.69426782
2019/08/11 11:00,15.84759307
2019/08/11 12:00,13.24452471
2019/08/11 13:00,23.54308271
2019/08/11 14:00,25.77683379
2019/08/11 15:00,19.03570987
2019/08/11 16:00,9.831871345
2019/08/11 17:00,1.639473684
2019/08/11 18:00,1.026666667
2019/08/11 19:00,4.641096096
2019/08/11 20:00,9.055750751
2019/08/11 21:00,5.205130554
2019/08/11 22:00,3.731355932
2019/08/11 23:00,0
2019/08/12 00:00,0
2019/08/12 01:00,0
2019/08/12 02:00,0
2019/08/12 03:00,0
2019/08/12 04:00,0
2019/08/12 05:00,2.250200948
2019/08/12 06:00,12.205258
2019/08/12 07:00,6.929474527
2019/08/12 08:00,6.601199566
2019/08/12 09:00,19.74371717
2019/08/12 10:00,21.27465413
2019/08/12 11:00,27.39124372
2019/08/12 12:00,21.95678599
2019/08/12 13:00,21.28957769
2019/08/12 14:00,28.76403177
2019/08/12 15:00,13.5133232
2019/08/12 16:00,13.00779776
2019/08/12 17:00,13.42533992
2019/08/12 18:00,13.15982216
2019/08/12 19:00,3.098048048
2019/08/12 20:00,0
2019/08/12 21:00,0
2019/08/12 22:00,0
2019/08/12 23:00,0
2019/08/13 00:00,0
2019/08/13 01:00,0
2019/08/13 02:00,0
2019/08/13 03:00,0
2019/08/13 04:00,0
2019/08/13 05:00,0
2019/08/13 06:00,2.554054054
2019/08/13 07:00,7.426000916
2019/08/13 08:00,7.628922462
2019/08/13 09:00,16.96847588
2019/08/13 10:00,25.63331092
2019/08/13 11:00,32.44499983
2019/08/13 12:00,10.22714425
2019/08/13 13:00,21.01231266
2019/08/13 14:00,23.50880785
2019/08/13 15:00,24.07182681
2019/08/13 16:00,8.92064436
2019/08/13 17:00,2.714634021
2019/08/13 18:00,7.669750776
2019/08/13 19:00,8.316780953
2019/08/13 20:00,10.93250801
2019/08/13 21:00,12.49788319
2019/08/13 22:00,11.91018265
2019/08/13 23:00,5.445476773
2019/08/14 00:00,5.445476773
2019/08/14 01:00,5.445476773
2019/08/14 02:00,5.445476773
2019/08/14 03:00,1.179853301
2019/08/14 04:00,0
2019/08/14 05:00,0.20496
2019/08/14 06:00,11.6988
2019/08/14 07:00,15.1488
2019/08/14 08:00,11.44487996
2019/08/14 09:00,24.41848971
2019/08/14 10:00,20.14166451
2019/08/14 11:00,12.14375197
2019/08/14 12:00,11.43059078
2019/08/14 13:00,14.5039573
2019/08/14 14:00,7.178255893
2019/08/14 15:00,17.19032817
2019/08/14 16:00,12.85861138
2019/08/14 17:00,12.22807361
2019/08/14 18:00,17.02314582
2019/08/14 19:00,4.125690905
2019/08/14 20:00,5.628
2019/08/14 21:00,0.402
2019/08/14 22:00,0
2019/08/14 23:00,0
2019/08/15 00:00,0
2019/08/15 01:00,0
2019/08/15 02:00,0
2019/08/15 03:00,0
2019/08/15 04:00,0
2019/08/15 05:00,0
2019/08/15 06:00,2.353966547
2019/08/15 07:00,10.53516467
2019/08/15 08:00,26.18838293
2019/08/15 09:00,45.13228448
2019/08/15 10:00,49.12708703
2019/08/15 11:00,38.91043776
2019/08/15 12:00,26.33025595
2019/08/15 13:00,18.81879199
2019/08/15 14:00,28.9306152
2019/08/15 15:00,33.52855894
2019/08/15 16:00,11.33599202
2019/08/15 17:00,17.53670977
2019/08/15 18:00,14.94508976
2019/08/15 19:00,22.16206657
2019/08/15 20:00,15.67478953
2019/08/15 21:00,5.0494866
2019/08/15 22:00,2.955828221
2019/08/15 23:00,2.955828221
2019/08/16 00:00,1.133067485
2019/08/16 01:00,0
2019/08/16 02:00,0
2019/08/16 03:00,0
2019/08/16 04:00,0
2019/08/16 05:00,0.649367089
2019/08/16 06:00,15.19367089
2019/08/16 07:00,12.60696203
2019/08/16 08:00,9.035376806
2019/08/16 09:00,20.94003735
2019/08/16 10:00,23.12719244
2019/08/16 11:00,12.73555636
2019/08/16 12:00,17.688716
2019/08/16 13:00,24.5677535
2019/08/16 14:00,24.57154598
2019/08/16 15:00,23.71556685
2019/08/16 16:00,24.23567894
2019/08/16 17:00,14.83510742
2019/08/16 18:00,18.07386778
2019/08/16 19:00,28.14508766
2019/08/16 20:00,22.54318415
2019/08/16 21:00,11.6536786
2019/08/16 22:00,2.924181818
2019/08/16 23:00,0
2019/08/17 00:00,0
2019/08/17 01:00,0
2019/08/17 02:00,0
2019/08/17 03:00,0
2019/08/17 04:00,0
2019/08/17 05:00,0
2019/08/17 06:00,0
2019/08/17 07:00,1.832762557
2019/08/17 08:00,6.988133604
2019/08/17 09:00,9.888482302
2019/08/17 10:00,13.17257038
2019/08/17 11:00,8.484966825
2019/08/17 12:00,18.85515362
2019/08/17 13:00,35.11008808
2019/08/17 14:00,20.88453514
2019/08/17 15:00,4.286330493
2019/08/17 16:00,7.232204696
2019/08/17 17:00,14.47647774
2019/08/17 18:00,9.108393219
2019/08/17 19:00,17.31295603
2019/08/17 20:00,21.04351265
2019/08/17 21:00,11.88894635
2019/08/17 22:00,7.908675325
2019/08/17 23:00,0.903272727
2019/08/18 00:00,0
2019/08/18 01:00,0
2019/08/18 02:00,0
2019/08/18 03:00,0
2019/08/18 04:00,0
2019/08/18 05:00,0
2019/08/18 06:00,0
2019/08/18 07:00,5.417111614
2019/08/18 08:00,11.04927602
2019/08/18 09:00,17.23085497
2019/08/18 10:00,16.73424863
2019/08/18 11:00,19.81418467
2019/08/18 12:00,26.3518272
2019/08/18 13:00,16.77675528
2019/08/18 14:00,8.302084757
2019/08/18 15:00,6.229516449
2019/08/18 16:00,16.18260483
2019/08/18 17:00,11.44134553
2019/08/18 18:00,19.2968908
2019/08/18 19:00,15.10836368
2019/08/18 20:00,10.57134871
2019/08/18 21:00,4.623612858
2019/08/18 22:00,2.798395062
2019/08/18 23:00,0
2019/08/19 00:00,0
2019/08/19 01:00,0
2019/08/19 02:00,0
2019/08/19 03:00,0
2019/08/19 04:00,0
2019/08/19 05:00,1.45
2019/08/19 06:00,5.047902414
2019/08/19 07:00,13.77808403
2019/08/19 08:00,14.90403709
2019/08/19 09:00,19.37868281
2019/08/19 10:00,15.96603999
2019/08/19 11:00,14.18613932
2019/08/19 12:00,8.788437698
2019/08/19 13:00,8.77067664
2019/08/19 14:00,0
2019/08/19 15:00,2.77115942
2019/08/19 16:00,8.669629695
2019/08/19 17:00,5.132857143
2019/08/19 18:00,15.46439388
2019/08/19 19:00,13.23276907
2019/08/19 20:00,8.726554343
2019/08/19 21:00,1.13263645
2019/08/19 22:00,0
2019/08/19 23:00,0
2019/08/20 00:00,0
2019/08/20 01:00,0
2019/08/20 02:00,0
2019/08/20 03:00,0
2019/08/20 04:00,0.396
2019/08/20 05:00,8.105714286
2019/08/20 06:00,13.92324187
2019/08/20 07:00,18.1507022
2019/08/20 08:00,13.79517468
2019/08/20 09:00,19.24703033
2019/08/20 10:00,16.92654301
2019/08/20 11:00,9.534824389
2019/08/20 12:00,9.433603203
2019/08/20 13:00,20.68980462
2019/08/20 14:00,20.13936262
2019/08/20 15:00,21.40692746
2019/08/20 16:00,21.91956734
2019/08/20 17:00,28.03288897
2019/08/20 18:00,33.88217166
2019/08/20 19:00,23.47460987
2019/08/20 20:00,12.17566328
2019/08/20 21:00,5.35212766
2019/08/20 22:00,1.784042553
2019/08/20 23:00,0
2019/08/21 00:00,0
2019/08/21 01:00,0
2019/08/21 02:00,0
2019/08/21 03:00,0
2019/08/21 04:00,0
2019/08/21 05:00,6.335941829
2019/08/21 06:00,13.03030501
2019/08/21 07:00,17.18847048
2019/08/21 08:00,21.57452128
2019/08/21 09:00,27.03609321
2019/08/21 10:00,35.78497248
2019/08/21 11:00,32.07544872
2019/08/21 12:00,32.50199314
2019/08/21 13:00,23.20574196
2019/08/21 14:00,8.635776738
2019/08/21 15:00,13.12281091
2019/08/21 16:00,12.50454419
2019/08/21 17:00,18.31428905
2019/08/21 18:00,25.19839455
2019/08/21 19:00,28.6984902
2019/08/21 20:00,20.79242892
2019/08/21 21:00,15.55593098
2019/08/21 22:00,8.741903918
2019/08/21 23:00,2.068181818
2019/08/22 00:00,1.181818182
2019/08/22 01:00,0
2019/08/22 02:00,0
2019/08/22 03:00,0
2019/08/22 04:00,0.077514124
2019/08/22 05:00,12.77747267
2019/08/22 06:00,12.42315225
2019/08/22 07:00,8.273280309
2019/08/22 08:00,7.908396057
2019/08/22 09:00,20.87245537
2019/08/22 10:00,27.7013
2019/08/22 11:00,35.34100861
2019/08/22 12:00,28.26928068
2019/08/22 13:00,32.54136461
2019/08/22 14:00,35.97279431
2019/08/22 15:00,18.9340562
2019/08/22 16:00,15.16748401
2019/08/22 17:00,14.77189156
2019/08/22 18:00,10.37304666
2019/08/22 19:00,19.41351977
2019/08/22 20:00,19.92768577
2019/08/22 21:00,10.61964822
2019/08/22 22:00,4.056825397
2019/08/22 23:00,0
2019/08/23 00:00,0
2019/08/23 01:00,0
2019/08/23 02:00,0
2019/08/23 03:00,0
2019/08/23 04:00,0
2019/08/23 05:00,1.776212025
2019/08/23 06:00,11.48221519
2019/08/23 07:00,5.211572785
2019/08/23 08:00,5.902019754
2019/08/23 09:00,22.48687314
2019/08/23 10:00,27.06810115
2019/08/23 11:00,33.06812855
2019/08/23 12:00,22.50877036
2019/08/23 13:00,12.73610704
2019/08/23 14:00,7.956565657
2019/08/23 15:00,4.096625833
2019/08/23 16:00,4.539932881
2019/08/23 17:00,10.20076314
2019/08/23 18:00,23.10874716
2019/08/23 19:00,19.4158655
2019/08/23 20:00,6.761499825
2019/08/23 21:00,0
2019/08/23 22:00,0
2019/08/23 23:00,0
2019/08/24 00:00,0
2019/08/24 01:00,0
2019/08/24 02:00,0
2019/08/24 03:00,0
2019/08/24 04:00,0
2019/08/24 05:00,0
2019/08/24 06:00,0
2019/08/24 07:00,3.464761905
2019/08/24 08:00,8.086218487
2019/08/24 09:00,8.218711485
2019/08/24 10:00,13.57471881
2019/08/24 11:00,9.959733543
2019/08/24 12:00,16.06320749
2019/08/24 13:00,21.2371013
2019/08/24 14:00,15.56878707
2019/08/24 15:00,6.758558323
2019/08/24 16:00,3.674402757
2019/08/24 17:00,16.79585437
2019/08/24 18:00,34.58808369
2019/08/24 19:00,22.58814314
2019/08/24 20:00,11.98924417
2019/08/24 21:00,5.98734341
2019/08/24 22:00,0.205899281
2019/08/24 23:00,0
2019/08/25 00:00,0
2019/08/25 01:00,0
2019/08/25 02:00,0
2019/08/25 03:00,0
2019/08/25 04:00,0
2019/08/25 05:00,0
2019/08/25 06:00,6.288
2019/08/25 07:00,13.36558487
2019/08/25 08:00,17.60656709
2019/08/25 09:00,16.03676884
2019/08/25 10:00,15.34688716
2019/08/25 11:00,5.954915439
2019/08/25 12:00,4.204980299
2019/08/25 13:00,20.52544692
2019/08/25 14:00,19.71961015
2019/08/25 15:00,2.241239224
2019/08/25 16:00,2.275294118
2019/08/25 17:00,11.55270422
2019/08/25 18:00,12.67589633
2019/08/25 19:00,14.0761528
2019/08/25 20:00,13.68991704
2019/08/25 21:00,8.247376524
2019/08/25 22:00,6.700578035
2019/08/25 23:00,6.700578035
2019/08/26 00:00,6.700578035
2019/08/26 01:00,6.700578035
2019/08/26 02:00,6.700578035
2019/08/26 03:00,6.700578035
2019/08/26 04:00,6.700578035
2019/08/26 05:00,3.238612717
2019/08/26 06:00,1.002447917
2019/08/26 07:00,8.471410124
2019/08/26 08:00,25.67530933
2019/08/26 09:00,47.37346023
2019/08/26 10:00,36.16857178
2019/08/26 11:00,19.33743314
2019/08/26 12:00,15.80407626
2019/08/26 13:00,16.47190761
2019/08/26 14:00,20.33571023
2019/08/26 15:00,20.52355251
2019/08/26 16:00,24.47078879
2019/08/26 17:00,19.51428059
2019/08/26 18:00,12.52193661
2019/08/26 19:00,21.16374542
2019/08/26 20:00,31.05678123
2019/08/26 21:00,17.32917127
2019/08/26 22:00,7.145730299
2019/08/26 23:00,9.081136021
2019/08/27 00:00,4.262790698
2019/08/27 01:00,2.699767442
2019/08/27 02:00,0
2019/08/27 03:00,0
2019/08/27 04:00,0
2019/08/27 05:00,0
2019/08/27 06:00,1.994798938
2019/08/27 07:00,12.6121829
2019/08/27 08:00,16.20170586
2019/08/27 09:00,20.51036686
2019/08/27 10:00,17.1637311
2019/08/27 11:00,18.83472909
2019/08/27 12:00,24.96392577
2019/08/27 13:00,32.22801046
2019/08/27 14:00,18.24350558
2019/08/27 15:00,12.81306428
2019/08/27 16:00,15.99005615
2019/08/27 17:00,21.02064757
2019/08/27 18:00,17.04655608
2019/08/27 19:00,19.38066288
2019/08/27 20:00,14.49128915
2019/08/27 21:00,11.03388735
2019/08/27 22:00,8.891831797
2019/08/27 23:00,9.928897015
2019/08/28 00:00,9.928897015
2019/08/28 01:00,6.817701362
2019/08/28 02:00,5.484331797
2019/08/28 03:00,5.484331797
2019/08/28 04:00,0.63983871
2019/08/28 05:00,0
2019/08/28 06:00,0.772285714
2019/08/28 07:00,6.515124094
2019/08/28 08:00,10.09760341
2019/08/28 09:00,13.06906159
2019/08/28 10:00,7.418155654
2019/08/28 11:00,15.77747025
2019/08/28 12:00,17.09357905
2019/08/28 13:00,18.45365976
2019/08/28 14:00,31.70693966
2019/08/28 15:00,23.37377923
2019/08/28 16:00,14.49577137
2019/08/28 17:00,15.90756719
2019/08/28 18:00,26.13379885
2019/08/28 19:00,23.58431655
2019/08/28 20:00,14.6537184
2019/08/28 21:00,7.568039198
2019/08/28 22:00,1.040454545
2019/08/28 23:00,0
2019/08/29 00:00,0
2019/08/29 01:00,0
2019/08/29 02:00,0
2019/08/29 03:00,0
2019/08/29 04:00,0
2019/08/29 05:00,0
2019/08/29 06:00,0.111780822
2019/08/29 07:00,8.695304399
2019/08/29 08:00,8.923999469
2019/08/29 09:00,13.14433988
2019/08/29 10:00,21.47061991
2019/08/29 11:00,28.01246179
2019/08/29 12:00,19.43494428
2019/08/29 13:00,18.99284244
2019/08/29 14:00,21.70004712
2019/08/29 15:00,15.19978975
2019/08/29 16:00,13.20776623
2019/08/29 17:00,5.766312229
2019/08/29 18:00,5.775733631
2019/08/29 19:00,9.411696429
2019/08/29 20:00,1.262361607
2019/08/29 21:00,0
2019/08/29 22:00,0
2019/08/29 23:00,3.494117647
2019/08/30 00:00,0.105882353
2019/08/30 01:00,0
2019/08/30 02:00,0
2019/08/30 03:00,0
2019/08/30 04:00,0
2019/08/30 05:00,2.715302013
2019/08/30 06:00,5.505400147
2019/08/30 07:00,7.708625571
2019/08/30 08:00,6.309421896
2019/08/30 09:00,9.696456515
2019/08/30 10:00,7.093407719
2019/08/30 11:00,0.561386139
2019/08/30 12:00,7.063511396
2019/08/30 13:00,18.55632681
2019/08/30 14:00,13.88214865
2019/08/30 15:00,14.97068609
2019/08/30 16:00,9.713845148
2019/08/30 17:00,13.53796416
2019/08/30 18:00,29.3632694
2019/08/30 19:00,35.36747188
2019/08/30 20:00,30.3890871
2019/08/30 21:00,25.70602537
2019/08/30 22:00,21.50227054
2019/08/30 23:00,14.40957308
2019/08/31 00:00,8.336837945
2019/08/31 01:00,6.7
2019/08/31 02:00,4.466666667
2019/08/31 03:00,0
2019/08/31 04:00,0
2019/08/31 05:00,0
2019/08/31 06:00,0
2019/08/31 07:00,3.850550459
2019/08/31 08:00,11.52223603
2019/08/31 09:00,12.62874413
2019/08/31 10:00,15.24481495
2019/08/31 11:00,11.06909044
2019/08/31 12:00,23.63249528
2019/08/31 13:00,39.04651832
2019/08/31 14:00,26.77391088
2019/08/31 15:00,20.36255475
2019/08/31 16:00,23.43280034
2019/08/31 17:00,15.99166285
2019/08/31 18:00,24.46815327
2019/08/31 19:00,32.05512812
2019/08/31 20:00,24.78987494
2019/08/31 21:00,18.94003632
2019/08/31 22:00,6.35588015
2019/08/31 23:00,5.325805243
2019/09/01 00:00,0
2019/09/01 01:00,0
2019/09/01 02:00,0
2019/09/01 03:00,0
2019/09/01 04:00,0
2019/09/01 05:00,0
2019/09/01 06:00,0
2019/09/01 07:00,0
2019/09/01 08:00,0.055591398
2019/09/01 09:00,6.444094982
2019/09/01 10:00,12.18516933
2019/09/01 11:00,10.32427986
2019/09/01 12:00,6.216036845
2019/09/01 13:00,6.437217728
2019/09/01 14:00,16.00350639
2019/09/01 15:00,20.04040379
2019/09/01 16:00,11.20185693
2019/09/01 17:00,7.867239967
2019/09/01 18:00,5.555102785
2019/09/01 19:00,9.78424359
2019/09/01 20:00,8.981620047
2019/09/01 21:00,2.443636364
2019/09/01 22:00,0
2019/09/01 23:00,0
2019/09/02 00:00,0
2019/09/02 01:00,0
2019/09/02 02:00,0
2019/09/02 03:00,0
2019/09/02 04:00,0
2019/09/02 05:00,0
2019/09/02 06:00,0
2019/09/02 07:00,2.311774194
2019/09/02 08:00,6.30483871
2019/09/02 09:00,9.174164365
2019/09/02 10:00,20.88731842
2019/09/02 11:00,20.83978085
2019/09/02 12:00,12.72918694
2019/09/02 13:00,11.64800722
2019/09/02 14:00,14.15137837
2019/09/02 15:00,11.84431906
2019/09/02 16:00,12.90983451
2019/09/02 17:00,15.66549404
2019/09/02 18:00,16.85280443
2019/09/02 19:00,15.0817105
2019/09/02 20:00,8.03297977
2019/09/02 21:00,5.94516129
2019/09/02 22:00,0
2019/09/02 23:00,0
2019/09/03 00:00,0
2019/09/03 01:00,0
2019/09/03 02:00,0
2019/09/03 03:00,0
2019/09/03 04:00,0
2019/09/03 05:00,0
2019/09/03 06:00,0.479274194
2019/09/03 07:00,5.353225806
2019/09/03 08:00,16.83748564
2019/09/03 09:00,36.13284391
2019/09/03 10:00,34.71658255
2019/09/03 11:00,37.26549177
2019/09/03 12:00,32.61001586
2019/09/03 13:00,21.39314694
2019/09/03 14:00,18.47409456
2019/09/03 15:00,11.93815443
2019/09/03 16:00,8.82341878
2019/09/03 17:00,10.29091267
2019/09/03 18:00,14.63147299
2019/09/03 19:00,15.22333393
2019/09/03 20:00,7.465545977
2019/09/03 21:00,2.485
2019/09/03 22:00,0
2019/09/03 23:00,0
2019/09/04 00:00,0
2019/09/04 01:00,0
2019/09/04 02:00,0
2019/09/04 03:00,0
2019/09/04 04:00,0
2019/09/04 05:00,0
2019/09/04 06:00,3.276696915
2019/09/04 07:00,8.141439994
2019/09/04 08:00,14.49674894
2019/09/04 09:00,32.72034578
2019/09/04 10:00,33.00705067
2019/09/04 11:00,34.17561603
2019/09/04 12:00,28.65745006
2019/09/04 13:00,19.22183939
2019/09/04 14:00,18.88428483
2019/09/04 15:00,21.1042231
2019/09/04 16:00,8.94750396
2019/09/04 17:00,11.773394
2019/09/04 18:00,19.09580068
2019/09/04 19:00,25.3312761
2019/09/04 20:00,14.42115555
2019/09/04 21:00,8.608819629
2019/09/04 22:00,0.586474359
2019/09/04 23:00,0
2019/09/05 00:00,0
2019/09/05 01:00,0
2019/09/05 02:00,0
2019/09/05 03:00,0
2019/09/05 04:00,0
2019/09/05 05:00,0
2019/09/05 06:00,6.733871901
2019/09/05 07:00,15.18241511
2019/09/05 08:00,22.2796045
2019/09/05 09:00,17.2569643
2019/09/05 10:00,12.793496
2019/09/05 11:00,20.01569392
2019/09/05 12:00,23.29227847
2019/09/05 13:00,24.56148217
2019/09/05 14:00,23.63958153
2019/09/05 15:00,17.06203077
2019/09/05 16:00,12.99679186
2019/09/05 17:00,8.681341485
2019/09/05 18:00,11.89123427
2019/09/05 19:00,16.8318828
2019/09/05 20:00,10.22765244
2019/09/05 21:00,4.049245491
2019/09/05 22:00,0
2019/09/05 23:00,0
2019/09/06 00:00,0
2019/09/06 01:00,0
2019/09/06 02:00,0
2019/09/06 03:00,0
2019/09/06 04:00,0
2019/09/06 05:00,3.692122487
2019/09/06 06:00,9.801262272
2019/09/06 07:00,14.48359365
2019/09/06 08:00,20.09130896
2019/09/06 09:00,34.50484866
2019/09/06 10:00,25.20150511
2019/09/06 11:00,17.19236558
2019/09/06 12:00,19.69237804
2019/09/06 13:00,26.34399445
2019/09/06 14:00,25.53576712
2019/09/06 15:00,19.27673889
2019/09/06 16:00,13.63036276
2019/09/06 17:00,9.342141178
2019/09/06 18:00,22.71749322
2019/09/06 19:00,20.88097745
2019/09/06 20:00,18.7933198
2019/09/06 21:00,14.89604373
2019/09/06 22:00,10.25275369
2019/09/06 23:00,2.4375
2019/09/07 00:00,0
2019/09/07 01:00,0
2019/09/07 02:00,0
2019/09/07 03:00,0
2019/09/07 04:00,0
2019/09/07 05:00,0
2019/09/07 06:00,0
2019/09/07 07:00,0.192647059
2019/09/07 08:00,7.856413047
2019/09/07 09:00,11.41764154
2019/09/07 10:00,7.067804703
2019/09/07 11:00,22.05210387
2019/09/07 12:00,23.43300316
2019/09/07 13:00,26.31887931
2019/09/07 14:00,24.13892852
2019/09/07 15:00,27.24348217
2019/09/07 16:00,22.32303212
2019/09/07 17:00,15.54775464
2019/09/07 18:00,8.014264445
2019/09/07 19:00,20.06562065
2019/09/07 20:00,22.58289864
2019/09/07 21:00,5.8584673
2019/09/07 22:00,0.047058824
2019/09/07 23:00,0
2019/09/08 00:00,0
2019/09/08 01:00,0
2019/09/08 02:00,0
2019/09/08 03:00,0
2019/09/08 04:00,0
2019/09/08 05:00,0
2019/09/08 06:00,2.820454545
2019/09/08 07:00,4.977272727
2019/09/08 08:00,7.216172966
2019/09/08 09:00,18.92386441
2019/09/08 10:00,13.51257748
2019/09/08 11:00,12.91330718
2019/09/08 12:00,17.55007518
2019/09/08 13:00,26.00471706
2019/09/08 14:00,22.16177376
2019/09/08 15:00,10.22976863
2019/09/08 16:00,4.9415458
2019/09/08 17:00,6.953552239
2019/09/08 18:00,3.027472527
2019/09/08 19:00,5.792294914
2019/09/08 20:00,6.205813953
2019/09/08 21:00,6.205813953
2019/09/08 22:00,2.068604651
2019/09/08 23:00,0
2019/09/09 00:00,0
2019/09/09 01:00,0
2019/09/09 02:00,0
2019/09/09 03:00,0
2019/09/09 04:00,0
2019/09/09 05:00,0
2019/09/09 06:00,5.077678571
2019/09/09 07:00,6.674936975
2019/09/09 08:00,14.13677503
2019/09/09 09:00,32.78204778
2019/09/09 10:00,36.6559665
2019/09/09 11:00,24.60509173
2019/09/09 12:00,26.47022266
2019/09/09 13:00,21.51647927
2019/09/09 14:00,13.20967216
2019/09/09 15:00,15.6448581
2019/09/09 16:00,18.30851424
2019/09/09 17:00,3.177514793
2019/09/09 18:00,2.665369246
2019/09/09 19:00,6.258268398
2019/09/09 20:00,1.275238095
2019/09/09 21:00,0
2019/09/09 22:00,1.43858156
2019/09/09 23:00,3.923404255
2019/09/10 00:00,3.858014184
2019/09/10 01:00,0
2019/09/10 02:00,0
2019/09/10 03:00,0
2019/09/10 04:00,0
2019/09/10 05:00,0
2019/09/10 06:00,0
2019/09/10 07:00,0
2019/09/10 08:00,8.415979176
2019/09/10 09:00,24.12413087
2019/09/10 10:00,25.71266868
2019/09/10 11:00,22.07070905
2019/09/10 12:00,22.09058361
2019/09/10 13:00,26.17878497
2019/09/10 14:00,15.56463133
2019/09/10 15:00,5.953596653
2019/09/10 16:00,9.4053071
2019/09/10 17:00,12.5698644
2019/09/10 18:00,14.87313496
2019/09/10 19:00,19.51729871
2019/09/10 20:00,3.691400384
2019/09/10 21:00,2.381910112
2019/09/10 22:00,0
2019/09/10 23:00,3.856097561
2019/09/11 00:00,4.627317073
2019/09/11 01:00,4.627317073
2019/09/11 02:00,2.699268293
2019/09/11 03:00,0
2019/09/11 04:00,0
2019/09/11 05:00,1.354263158
2019/09/11 06:00,4.042350397
2019/09/11 07:00,6.108103821
2019/09/11 08:00,9.030511398
2019/09/11 09:00,20.14578749
2019/09/11 10:00,19.97848117
2019/09/11 11:00,20.19676632
2019/09/11 12:00,33.91858146
2019/09/11 13:00,28.48284924
2019/09/11 14:00,8.684794444
2019/09/11 15:00,10.85552787
2019/09/11 16:00,14.25123262
2019/09/11 17:00,21.26952298
2019/09/11 18:00,24.02510094
2019/09/11 19:00,28.22132949
2019/09/11 20:00,13.52873795
2019/09/11 21:00,5.525688889
2019/09/11 22:00,5.088888889
2019/09/11 23:00,5.088888889
2019/09/12 00:00,3.392592593
2019/09/12 01:00,0
2019/09/12 02:00,0
2019/09/12 03:00,0
2019/09/12 04:00,0
2019/09/12 05:00,3.223449883
2019/09/12 06:00,12.1289649
2019/09/12 07:00,10.6687368
2019/09/12 08:00,14.55866123
2019/09/12 09:00,22.34145294
2019/09/12 10:00,22.75139494
2019/09/12 11:00,30.64167618
2019/09/12 12:00,18.43734496
2019/09/12 13:00,2.587611111
2019/09/12 14:00,5.493243243
2019/09/12 15:00,7.742472305
2019/09/12 16:00,6.151398278
2019/09/12 17:00,9.145264503
2019/09/12 18:00,16.8189348
2019/09/12 19:00,14.45216822
2019/09/12 20:00,15.49520149
2019/09/12 21:00,8.218621897
2019/09/12 22:00,5.501584158
2019/09/12 23:00,0
2019/09/13 00:00,0
2019/09/13 01:00,0
2019/09/13 02:00,0
2019/09/13 03:00,0
2019/09/13 04:00,0
2019/09/13 05:00,1.683673469
2019/09/13 06:00,4.591836735
2019/09/13 07:00,11.00140195
2019/09/13 08:00,12.93750953
2019/09/13 09:00,30.73747146
2019/09/13 10:00,21.29420118
2019/09/13 11:00,19.55736052
2019/09/13 12:00,16.79149027
2019/09/13 13:00,6.357756127
2019/09/13 14:00,6.86363862
2019/09/13 15:00,13.30758331
2019/09/13 16:00,20.01037833
2019/09/13 17:00,28.66311851
2019/09/13 18:00,49.1408907
2019/09/13 19:00,35.06616139
2019/09/13 20:00,16.66282393
2019/09/13 21:00,16.33334715
2019/09/13 22:00,10.89082495
2019/09/13 23:00,10.52800805
2019/09/14 00:00,1.18052381
2019/09/14 01:00,0
2019/09/14 02:00,0
2019/09/14 03:00,0
2019/09/14 04:00,0
2019/09/14 05:00,0
2019/09/14 06:00,0
2019/09/14 07:00,1.142307692
2019/09/14 08:00,14.49627009
2019/09/14 09:00,26.71559105
2019/09/14 10:00,14.93956322
2019/09/14 11:00,23.59535618
2019/09/14 12:00,24.6975073
2019/09/14 13:00,18.43143679
2019/09/14 14:00,21.12162319
2019/09/14 15:00,26.16902688
2019/09/14 16:00,20.16697364
2019/09/14 17:00,13.77167222
2019/09/14 18:00,13.55254893
2019/09/14 19:00,23.59111168
2019/09/14 20:00,21.90601335
2019/09/14 21:00,10.02413972
2019/09/14 22:00,4.35681645
2019/09/14 23:00,4.146496815
2019/09/15 00:00,0.138216561
2019/09/15 01:00,0
2019/09/15 02:00,0
2019/09/15 03:00,0
2019/09/15 04:00,0
2019/09/15 05:00,0
2019/09/15 06:00,0
2019/09/15 07:00,2.145720442
2019/09/15 08:00,20.08352311
2019/09/15 09:00,30.09915714
2019/09/15 10:00,26.77039486
2019/09/15 11:00,22.49891921
2019/09/15 12:00,17.5907365
2019/09/15 13:00,11.2638258
2019/09/15 14:00,10.1522026
2019/09/15 15:00,12.79444937
2019/09/15 16:00,16.64009958
2019/09/15 17:00,25.220651
2019/09/15 18:00,15.22284215
2019/09/15 19:00,3.711336493
2019/09/15 20:00,3.59625
2019/09/15 21:00,0
2019/09/15 22:00,0
2019/09/15 23:00,0
2019/09/16 00:00,0
2019/09/16 01:00,0
2019/09/16 02:00,0
2019/09/16 03:00,0
2019/09/16 04:00,0
2019/09/16 05:00,0
2019/09/16 06:00,0.536652361
2019/09/16 07:00,4.024892704
2019/09/16 08:00,11.60406256
2019/09/16 09:00,22.44530516
2019/09/16 10:00,21.85628125
2019/09/16 11:00,24.39082875
2019/09/16 12:00,34.36429209
2019/09/16 13:00,36.96017424
2019/09/16 14:00,29.16837332
2019/09/16 15:00,20.14862802
2019/09/16 16:00,19.56944452
2019/09/16 17:00,22.73474605
2019/09/16 18:00,21.34824318
2019/09/16 19:00,18.37158577
2019/09/16 20:00,17.35640128
2019/09/16 21:00,8.162299378
2019/09/16 22:00,3.428571429
2019/09/16 23:00,2.285714286
2019/09/17 00:00,0
2019/09/17 01:00,0
2019/09/17 02:00,0
2019/09/17 03:00,0
2019/09/17 04:00,0
2019/09/17 05:00,0
2019/09/17 06:00,1.818638743
2019/09/17 07:00,6.819895288
2019/09/17 08:00,11.95331911
2019/09/17 09:00,30.17287664
2019/09/17 10:00,26.84406926
2019/09/17 11:00,11.73827422
2019/09/17 12:00,12.86411499
2019/09/17 13:00,16.98336964
2019/09/17 14:00,16.78074395
2019/09/17 15:00,13.78824641
2019/09/17 16:00,17.67146237
2019/09/17 17:00,15.65345007
2019/09/17 18:00,19.99347285
2019/09/17 19:00,15.40137092
2019/09/17 20:00,7.979570592
2019/09/17 21:00,4.324137931
2019/09/17 22:00,2.706851852
2019/09/17 23:00,0.403148148
2019/09/18 00:00,0
2019/09/18 01:00,0
2019/09/18 02:00,0
2019/09/18 03:00,0
2019/09/18 04:00,0
2019/09/18 05:00,1.502912621
2019/09/18 06:00,3.391496885
2019/09/18 07:00,10.39453623
2019/09/18 08:00,14.906503
2019/09/18 09:00,27.69855746
2019/09/18 10:00,20.06494373
2019/09/18 11:00,18.98988525
2019/09/18 12:00,17.82817426
2019/09/18 13:00,22.32910174
2019/09/18 14:00,15.0711715
2019/09/18 15:00,12.88820711
2019/09/18 16:00,19.71017039
2019/09/18 17:00,18.98384065
2019/09/18 18:00,18.87110069
2019/09/18 19:00,9.50319945
2019/09/18 20:00,10.92558252
2019/09/18 21:00,5.877582524
2019/09/18 22:00,5.430582524
2019/09/18 23:00,9.392539046
2019/09/19 00:00,9.832756437
2019/09/19 01:00,9.832756437
2019/09/19 02:00,2.634399536
2019/09/19 03:00,0
2019/09/19 04:00,0
2019/09/19 05:00,0
2019/09/19 06:00,2.466463415
2019/09/19 07:00,8.626409514
2019/09/19 08:00,4.326892855
2019/09/19 09:00,18.74460414
2019/09/19 10:00,31.16116097
2019/09/19 11:00,25.23361811
2019/09/19 12:00,29.87851542
2019/09/19 13:00,16.51979819
2019/09/19 14:00,16.57797348
2019/09/19 15:00,24.86990377
2019/09/19 16:00,13.71781533
2019/09/19 17:00,18.39155009
2019/09/19 18:00,11.18712317
2019/09/19 19:00,15.26073092
2019/09/19 20:00,10.0823103
2019/09/19 21:00,3.529804502
2019/09/19 22:00,0.567132867
2019/09/19 23:00,0
2019/09/20 00:00,0
2019/09/20 01:00,0
2019/09/20 02:00,0
2019/09/20 03:00,0
2019/09/20 04:00,0
2019/09/20 05:00,5.226807229
2019/09/20 06:00,10.4373494
2019/09/20 07:00,5.837349398
2019/09/20 08:00,17.87005655
2019/09/20 09:00,31.4624383
2019/09/20 10:00,26.93848212
2019/09/20 11:00,27.00819522
2019/09/20 12:00,31.1744257
2019/09/20 13:00,16.70855694
2019/09/20 14:00,18.05020183
2019/09/20 15:00,10.38973321
2019/09/20 16:00,1.256404104
2019/09/20 17:00,18.90563779
2019/09/20 18:00,25.95834225
2019/09/20 19:00,20.15253324
2019/09/20 20:00,18.75215548
2019/09/20 21:00,12.81893416
2019/09/20 22:00,6.591283293
2019/09/20 23:00,6.591283293
2019/09/21 00:00,6.591283293
2019/09/21 01:00,1.098547215
2019/09/21 02:00,0
2019/09/21 03:00,0
2019/09/21 04:00,0
2019/09/21 05:00,0
2019/09/21 06:00,0
2019/09/21 07:00,0
2019/09/21 08:00,0.885238095
2019/09/21 09:00,9.686278076
2019/09/21 10:00,23.93683824
2019/09/21 11:00,23.00972593
2019/09/21 12:00,15.97676445
2019/09/21 13:00,19.24444355
2019/09/21 14:00,22.82384457
2019/09/21 15:00,20.56381661
2019/09/21 16:00,15.92348414
2019/09/21 17:00,9.599962627
2019/09/21 18:00,20.9257552
2019/09/21 19:00,30.31005522
2019/09/21 20:00,16.71680826
2019/09/21 21:00,3.435932387
2019/09/21 22:00,0
2019/09/21 23:00,0
2019/09/22 00:00,0
2019/09/22 01:00,0
2019/09/22 02:00,0
2019/09/22 03:00,0
2019/09/22 04:00,0
2019/09/22 05:00,0
2019/09/22 06:00,2.905
2019/09/22 07:00,2.905
2019/09/22 08:00,7.051905797
2019/09/22 09:00,12.67637681
2019/09/22 10:00,11.42578432
2019/09/22 11:00,16.39964322
2019/09/22 12:00,21.59580251
2019/09/22 13:00,11.33855632
2019/09/22 14:00,11.38681906
2019/09/22 15:00,9.609520574
2019/09/22 16:00,5.987096774
2019/09/22 17:00,3.691433774
2019/09/22 18:00,11.33594974
2019/09/22 19:00,6.501111111
2019/09/22 20:00,4.191981982
2019/09/22 21:00,9.297457732
2019/09/22 22:00,11.21069974
2019/09/22 23:00,11.21069974
2019/09/23 00:00,11.21069974
2019/09/23 01:00,6.92503764
2019/09/23 02:00,6.618918919
2019/09/23 03:00,5.074504505
2019/09/23 04:00,0
2019/09/23 05:00,2.111194321
2019/09/23 06:00,12.42138252
2019/09/23 07:00,16.09037053
2019/09/23 08:00,30.81564608
2019/09/23 09:00,32.99826378
2019/09/23 10:00,27.07853993
2019/09/23 11:00,19.92803469
2019/09/23 12:00,20.15092028
2019/09/23 13:00,13.69866467
2019/09/23 14:00,6.701329732
2019/09/23 15:00,12.75339251
2019/09/23 16:00,21.63798699
2019/09/23 17:00,19.49582485
2019/09/23 18:00,9.427942138
2019/09/23 19:00,9.596169618
2019/09/23 20:00,6.88806151
2019/09/23 21:00,1.656275862
2019/09/23 22:00,0
2019/09/23 23:00,0
2019/09/24 00:00,0
2019/09/24 01:00,0
2019/09/24 02:00,0
2019/09/24 03:00,0
2019/09/24 04:00,0
2019/09/24 05:00,0
2019/09/24 06:00,2.965771144
2019/09/24 07:00,11.2757581
2019/09/24 08:00,12.83953762
2019/09/24 09:00,16.6675381
2019/09/24 10:00,20.20312452
2019/09/24 11:00,15.30572583
2019/09/24 12:00,16.95162735
2019/09/24 13:00,11.80116276
2019/09/24 14:00,6.941442905
2019/09/24 15:00,6.941442905
2019/09/24 16:00,2.745202102
2019/09/24 17:00,3.323733333
2019/09/24 18:00,4.883588095
2019/09/24 19:00,5.73731746
2019/09/24 20:00,11.87527778
2019/09/24 21:00,12.80976374
2019/09/24 22:00,8.639343407
2019/09/24 23:00,5.487142857
2019/09/25 00:00,5.487142857
2019/09/25 01:00,5.487142857
2019/09/25 02:00,3.749547619
2019/09/25 03:00,0
2019/09/25 04:00,0
2019/09/25 05:00,3.835492958
2019/09/25 06:00,5.519474363
2019/09/25 07:00,6.782608034
2019/09/25 08:00,23.68394206
2019/09/25 09:00,23.57158555
2019/09/25 10:00,20.77970873
2019/09/25 11:00,29.76536395
2019/09/25 12:00,25.03408679
2019/09/25 13:00,22.88241737
2019/09/25 14:00,15.59977065
2019/09/25 15:00,4.105549546
2019/09/25 16:00,10.0466623
2019/09/25 17:00,9.990080018
2019/09/25 18:00,7.430427252
2019/09/25 19:00,24.82211052
2019/09/25 20:00,18.48312534
2019/09/25 21:00,8.350212379
2019/09/25 22:00,1.497382199
2019/09/25 23:00,0
2019/09/26 00:00,0
2019/09/26 01:00,0
2019/09/26 02:00,0
2019/09/26 03:00,0
2019/09/26 04:00,0
2019/09/26 05:00,0
2019/09/26 06:00,7.494250617
2019/09/26 07:00,9.220541352
2019/09/26 08:00,11.08070836
2019/09/26 09:00,17.99907602
2019/09/26 10:00,19.32082576
2019/09/26 11:00,11.76530053
2019/09/26 12:00,14.23674059
2019/09/26 13:00,11.9852444
2019/09/26 14:00,5.550957704
2019/09/26 15:00,12.80924166
2019/09/26 16:00,14.23788725
2019/09/26 17:00,21.06660257
2019/09/26 18:00,34.58683092
2019/09/26 19:00,25.22793971
2019/09/26 20:00,4.612361205
2019/09/26 21:00,2.505531915
2019/09/26 22:00,0.978444444
2019/09/26 23:00,1.611555556
2019/09/27 00:00,0
2019/09/27 01:00,0
2019/09/27 02:00,0
2019/09/27 03:00,0
2019/09/27 04:00,0
2019/09/27 05:00,0
2019/09/27 06:00,0
2019/09/27 07:00,0
2019/09/27 08:00,5.758842724
2019/09/27 09:00,21.68456657
2019/09/27 10:00,28.95337443
2019/09/27 11:00,30.72282789
2019/09/27 12:00,33.76859509
2019/09/27 13:00,30.90101596
2019/09/27 14:00,17.71160205
2019/09/27 15:00,11.05742996
2019/09/27 16:00,7.462615301
2019/09/27 17:00,18.99804199
2019/09/27 18:00,25.05572552
2019/09/27 19:00,16.64448285
2019/09/27 20:00,12.85722447
2019/09/27 21:00,4.58520885
2019/09/27 22:00,0
2019/09/27 23:00,0
2019/09/28 00:00,0
2019/09/28 01:00,0
2019/09/28 02:00,0
2019/09/28 03:00,0
2019/09/28 04:00,0
2019/09/28 05:00,0
2019/09/28 06:00,0
2019/09/28 07:00,0
2019/09/28 08:00,1.324032258
2019/09/28 09:00,14.62902976
2019/09/28 10:00,2.303696226
2019/09/28 11:00,14.93802242
2019/09/28 12:00,22.60935765
2019/09/28 13:00,20.67882919
2019/09/28 14:00,7.715032501
2019/09/28 15:00,6.365191489
2019/09/28 16:00,3.236808511
2019/09/28 17:00,0
2019/09/28 18:00,3.88673913
2019/09/28 19:00,5.52326087
2019/09/28 20:00,4.93025641
2019/09/28 21:00,3.42974359
2019/09/28 22:00,0
2019/09/28 23:00,0
2019/09/29 00:00,0
2019/09/29 01:00,0
2019/09/29 02:00,0
2019/09/29 03:00,0
2019/09/29 04:00,0
2019/09/29 05:00,0
2019/09/29 06:00,0
2019/09/29 07:00,1.208148148
2019/09/29 08:00,6.040740741
2019/09/29 09:00,12.19857316
2019/09/29 10:00,15.54563945
2019/09/29 11:00,12.98821429
2019/09/29 12:00,5.707982456
2019/09/29 13:00,8.681635867
2019/09/29 14:00,9.18279883
2019/09/29 15:00,7.899454091
2019/09/29 16:00,12.77916785
2019/09/29 17:00,9.727412008
2019/09/29 18:00,15.96068484
2019/09/29 19:00,14.04122448
2019/09/29 20:00,10.04368831
2019/09/29 21:00,4.597402597
2019/09/29 22:00,4.597402597
2019/09/29 23:00,2.068831169
2019/09/30 00:00,0
2019/09/30 01:00,0
2019/09/30 02:00,0
2019/09/30 03:00,0
2019/09/30 04:00,0
2019/09/30 05:00,1.514798206
2019/09/30 06:00,3.029596413
2019/09/30 07:00,3.029596413
2019/09/30 08:00,5.788846413
2019/09/30 09:00,10.91866888
2019/09/30 10:00,12.22341364
2019/09/30 11:00,18.9860342
2019/09/30 12:00,21.85069582
2019/09/30 13:00,30.50987837
2019/09/30 14:00,21.13975495
2019/09/30 15:00,9.701537533
2019/09/30 16:00,10.42010063
2019/09/30 17:00,8.045509525
2019/09/30 18:00,9.50350975
2019/09/30 19:00,12.04290824
2019/09/30 20:00,10.56581125
2019/09/30 21:00,6.232258065
2019/09/30 22:00,4.250791091
2019/09/30 23:00,3.49047619
2019/10/01 00:00,0.523571429
2019/10/01 01:00,0
2019/10/01 02:00,0
2019/10/01 03:00,0
2019/10/01 04:00,0
2019/10/01 05:00,0
2019/10/01 06:00,2.198480392
2019/10/01 07:00,9.589946013
2019/10/01 08:00,19.73381386
2019/10/01 09:00,27.05836786
2019/10/01 10:00,26.50696119
2019/10/01 11:00,23.95236967
2019/10/01 12:00,18.35974944
2019/10/01 13:00,15.29493763
2019/10/01 14:00,10.55458401
2019/10/01 15:00,25.95758638
2019/10/01 16:00,29.99402881
2019/10/01 17:00,19.87484639
2019/10/01 18:00,17.07753489
2019/10/01 19:00,8.680793478
2019/10/01 20:00,2.951384615
2019/10/01 21:00,6.046153846
2019/10/01 22:00,5.038461538
2019/10/01 23:00,0
2019/10/02 00:00,0
2019/10/02 01:00,0
2019/10/02 02:00,0
2019/10/02 03:00,0
2019/10/02 04:00,0
2019/10/02 05:00,1.353417722
2019/10/02 06:00,3.007594937
2019/10/02 07:00,3.05940596
2019/10/02 08:00,14.37303898
2019/10/02 09:00,29.76091604
2019/10/02 10:00,23.93125098
2019/10/02 11:00,27.9094648
2019/10/02 12:00,27.5136821
2019/10/02 13:00,23.71760063
2019/10/02 14:00,13.97768716
2019/10/02 15:00,18.294628
2019/10/02 16:00,14.42138911
2019/10/02 17:00,13.60939239
2019/10/02 18:00,24.52576741
2019/10/02 19:00,27.84369062
2019/10/02 20:00,19.53372403
2019/10/02 21:00,8.360728351
2019/10/02 22:00,5.428899083
2019/10/02 23:00,5.428899083
2019/10/03 00:00,4.162155963
2019/10/03 01:00,0
2019/10/03 02:00,0
2019/10/03 03:00,0
2019/10/03 04:00,0
2019/10/03 05:00,1.071428571
2019/10/03 06:00,7.971321473
2019/10/03 07:00,8.672218197
2019/10/03 08:00,11.81763748
2019/10/03 09:00,22.95463305
2019/10/03 10:00,26.0617475
2019/10/03 11:00,23.94212069
2019/10/03 12:00,20.77721646
2019/10/03 13:00,28.36431684
2019/10/03 14:00,19.27253041
2019/10/03 15:00,11.19100821
2019/10/03 16:00,15.83716698
2019/10/03 17:00,16.47494205
2019/10/03 18:00,34.35514736
2019/10/03 19:00,15.97483072
2019/10/03 20:00,13.06190364
2019/10/03 21:00,6.435877791
2019/10/03 22:00,2.243043478
2019/10/03 23:00,0
2019/10/04 00:00,0
2019/10/04 01:00,0
2019/10/04 02:00,0
2019/10/04 03:00,0
2019/10/04 04:00,0
2019/10/04 05:00,0
2019/10/04 06:00,1.193984064
2019/10/04 07:00,3.114741036
2019/10/04 08:00,3.114741036
2019/10/04 09:00,15.9090519
2019/10/04 10:00,32.95214712
2019/10/04 11:00,43.44577231
2019/10/04 12:00,47.13634318
2019/10/04 13:00,38.95881596
2019/10/04 14:00,43.12057539
2019/10/04 15:00,16.03701102
2019/10/04 16:00,4.577650309
2019/10/04 17:00,9.988602431
2019/10/04 18:00,18.63838119
2019/10/04 19:00,24.26438085
2019/10/04 20:00,13.61876403
2019/10/04 21:00,9.064844618
2019/10/04 22:00,3.574193548
2019/10/04 23:00,0
2019/10/05 00:00,0
2019/10/05 01:00,0
2019/10/05 02:00,0
2019/10/05 03:00,0
2019/10/05 04:00,0
2019/10/05 05:00,0
2019/10/05 06:00,0
2019/10/05 07:00,0
2019/10/05 08:00,5.529233202
2019/10/05 09:00,18.40237446
2019/10/05 10:00,18.62340722
2019/10/05 11:00,20.63119204
2019/10/05 12:00,19.05236717
2019/10/05 13:00,14.0457741
2019/10/05 14:00,10.06257401
2019/10/05 15:00,12.21109023
2019/10/05 16:00,5.682857143
2019/10/05 17:00,4.647759146
2019/10/05 18:00,14.5070122
2019/10/05 19:00,5.134395325
2019/10/05 20:00,0.9755
2019/10/05 21:00,0.765333333
2019/10/05 22:00,0
2019/10/05 23:00,5.192808989
2019/10/06 00:00,3.527191011
2019/10/06 01:00,0
2019/10/06 02:00,0
2019/10/06 03:00,0
2019/10/06 04:00,0
2019/10/06 05:00,0
2019/10/06 06:00,0
2019/10/06 07:00,0
2019/10/06 08:00,0
2019/10/06 09:00,1.378753575
2019/10/06 10:00,13.14992878
2019/10/06 11:00,12.23608501
2019/10/06 12:00,12.95190873
2019/10/06 13:00,12.86542417
2019/10/06 14:00,18.88079795
2019/10/06 15:00,23.69033767
2019/10/06 16:00,21.17178291
2019/10/06 17:00,20.74680572
2019/10/06 18:00,16.88013788
2019/10/06 19:00,11.15361172
2019/10/06 20:00,6.465003663
2019/10/06 21:00,5.898666667
2019/10/06 22:00,4.030755556
2019/10/06 23:00,0
2019/10/07 00:00,0
2019/10/07 01:00,0
2019/10/07 02:00,0
2019/10/07 03:00,0
2019/10/07 04:00,0
2019/10/07 05:00,1.346478261
2019/10/07 06:00,4.977628458
2019/10/07 07:00,4.783622022
2019/10/07 08:00,17.56448514
2019/10/07 09:00,31.17610407
2019/10/07 10:00,34.99693676
2019/10/07 11:00,44.83942862
2019/10/07 12:00,36.27447156
2019/10/07 13:00,24.09267112
2019/10/07 14:00,24.69691318
2019/10/07 15:00,11.12021815
2019/10/07 16:00,6.033087339
2019/10/07 17:00,5.920243621
2019/10/07 18:00,8.191854308
2019/10/07 19:00,16.30537192
2019/10/07 20:00,11.85722486
2019/10/07 21:00,5.388048387
2019/10/07 22:00,4.993548387
2019/10/07 23:00,4.993548387
2019/10/08 00:00,4.993548387
2019/10/08 01:00,3.661935484
2019/10/08 02:00,0
2019/10/08 03:00,0
2019/10/08 04:00,0
2019/10/08 05:00,3.705625
2019/10/08 06:00,7.492318211
2019/10/08 07:00,11.75097574
2019/10/08 08:00,13.55226703
2019/10/08 09:00,12.24824425
2019/10/08 10:00,17.55311047
2019/10/08 11:00,14.82589939
2019/10/08 12:00,18.3542977
2019/10/08 13:00,6.16050879
2019/10/08 14:00,5.61820641
2019/10/08 15:00,5.869686714
2019/10/08 16:00,4.786151197
2019/10/08 17:00,11.70353936
2019/10/08 18:00,16.24981617
2019/10/08 19:00,11.64387738
2019/10/08 20:00,0.98547619
2019/10/08 21:00,0
2019/10/08 22:00,0
2019/10/08 23:00,0
2019/10/09 00:00,0
2019/10/09 01:00,0
2019/10/09 02:00,0
2019/10/09 03:00,0
2019/10/09 04:00,0
2019/10/09 05:00,1.412833333
2019/10/09 06:00,3.181474359
2019/10/09 07:00,8.431520513
2019/10/09 08:00,18.77677681
2019/10/09 09:00,31.09721489
2019/10/09 10:00,33.12715217
2019/10/09 11:00,42.99650172
2019/10/09 12:00,33.9951926
2019/10/09 13:00,18.55586259
2019/10/09 14:00,7.252
2019/10/09 15:00,8.527819892
2019/10/09 16:00,14.97090591
2019/10/09 17:00,3.240478938
2019/10/09 18:00,11.77777868
2019/10/09 19:00,11.33720986
2019/10/09 20:00,7.933861642
2019/10/09 21:00,5.604111742
2019/10/09 22:00,0
2019/10/09 23:00,0
2019/10/10 00:00,0
2019/10/10 01:00,0
2019/10/10 02:00,0
2019/10/10 03:00,0
2019/10/10 04:00,0
2019/10/10 05:00,0
2019/10/10 06:00,6.775393981
2019/10/10 07:00,11.05395696
2019/10/10 08:00,5.488708904
2019/10/10 09:00,10.47075654
2019/10/10 10:00,12.43042744
2019/10/10 11:00,26.47434871
2019/10/10 12:00,19.52742411
2019/10/10 13:00,12.37299166
2019/10/10 14:00,11.43082864
2019/10/10 15:00,7.708810309
2019/10/10 16:00,6.945931293
2019/10/10 17:00,6.340421456
2019/10/10 18:00,0.935
2019/10/10 19:00,0.425
2019/10/10 20:00,3.778269231
2019/10/10 21:00,1.531730769
2019/10/10 22:00,0
2019/10/10 23:00,0
2019/10/11 00:00,0
2019/10/11 01:00,0
2019/10/11 02:00,0
2019/10/11 03:00,0
2019/10/11 04:00,0
2019/10/11 05:00,0
2019/10/11 06:00,2.007831325
2019/10/11 07:00,7.884328625
2019/10/11 08:00,20.42975273
2019/10/11 09:00,36.27376538
2019/10/11 10:00,47.50982234
2019/10/11 11:00,41.83058104
2019/10/11 12:00,36.76589814
2019/10/11 13:00,28.62320868
2019/10/11 14:00,30.39838453
2019/10/11 15:00,25.51065272
2019/10/11 16:00,15.30343629
2019/10/11 17:00,28.78522176
2019/10/11 18:00,29.07287197
2019/10/11 19:00,18.86817041
2019/10/11 20:00,10.40160181
2019/10/11 21:00,3.394472246
2019/10/11 22:00,0
2019/10/11 23:00,0
2019/10/12 00:00,0
2019/10/12 01:00,0
2019/10/12 02:00,3.141402985
2019/10/12 03:00,5.711641791
2019/10/12 04:00,5.711641791
2019/10/12 05:00,5.711641791
2019/10/12 06:00,5.711641791
2019/10/12 07:00,5.711641791
2019/10/12 08:00,10.62189041
2019/10/12 09:00,24.86669675
2019/10/12 10:00,36.19626998
2019/10/12 11:00,42.56909976
2019/10/12 12:00,23.59063172
2019/10/12 13:00,20.86741912
2019/10/12 14:00,10.69416048
2019/10/12 15:00,17.99150112
2019/10/12 16:00,27.28581593
2019/10/12 17:00,35.21725917
2019/10/12 18:00,24.35510295
2019/10/12 19:00,21.76388908
2019/10/12 20:00,24.37831093
2019/10/12 21:00,4.529255464
2019/10/12 22:00,0
2019/10/12 23:00,0
2019/10/13 00:00,0
2019/10/13 01:00,0
2019/10/13 02:00,0
2019/10/13 03:00,0
2019/10/13 04:00,0
2019/10/13 05:00,0
2019/10/13 06:00,5.092987013
2019/10/13 07:00,3.077012987
2019/10/13 08:00,10.44240866
2019/10/13 09:00,11.58554272
2019/10/13 10:00,10.74970803
2019/10/13 11:00,12.73560205
2019/10/13 12:00,18.76188908
2019/10/13 13:00,15.50796845
2019/10/13 14:00,32.34910704
2019/10/13 15:00,29.52296059
2019/10/13 16:00,17.57202953
2019/10/13 17:00,25.77151378
2019/10/13 18:00,33.05599734
2019/10/13 19:00,20.5387091
2019/10/13 20:00,5.780727273
2019/10/13 21:00,5.780727273
2019/10/13 22:00,5.780727273
2019/10/13 23:00,5.684381818
2019/10/14 00:00,0
2019/10/14 01:00,0
2019/10/14 02:00,0
2019/10/14 03:00,0
2019/10/14 04:00,0
2019/10/14 05:00,0.805493562
2019/10/14 06:00,3.020600858
2019/10/14 07:00,4.810915571
2019/10/14 08:00,14.06134705
2019/10/14 09:00,25.40677876
2019/10/14 10:00,37.94443864
2019/10/14 11:00,34.22783212
2019/10/14 12:00,30.91828872
2019/10/14 13:00,24.53163892
2019/10/14 14:00,32.03287394
2019/10/14 15:00,32.39132174
2019/10/14 16:00,22.08637921
2019/10/14 17:00,11.05673023
2019/10/14 18:00,7.514438955
2019/10/14 19:00,8.540921717
2019/10/14 20:00,0
2019/10/14 21:00,0
2019/10/14 22:00,0
2019/10/14 23:00,0
2019/10/15 00:00,0
2019/10/15 01:00,0
2019/10/15 02:00,0
2019/10/15 03:00,0
2019/10/15 04:00,0
2019/10/15 05:00,0
2019/10/15 06:00,1.900917431
2019/10/15 07:00,3.082568807
2019/10/15 08:00,6.228887648
2019/10/15 09:00,19.11887698
2019/10/15 10:00,27.68415019
2019/10/15 11:00,31.86884309
2019/10/15 12:00,17.53575975
2019/10/15 13:00,13.77965487
2019/10/15 14:00,9.141245175
2019/10/15 15:00,6.221010946
2019/10/15 16:00,8.860082361
2019/10/15 17:00,3.707864683
2019/10/15 18:00,18.70705226
2019/10/15 19:00,6.993288591
2019/10/15 20:00,6.993288591
2019/10/15 21:00,6.993288591
2019/10/15 22:00,6.993288591
2019/10/15 23:00,6.993288591
2019/10/16 00:00,6.993288591
2019/10/16 01:00,2.331096197
2019/10/16 02:00,0
2019/10/16 03:00,0
2019/10/16 04:00,0
2019/10/16 05:00,1.310173913
2019/10/16 06:00,4.615931091
2019/10/16 07:00,9.542445439
2019/10/16 08:00,19.03472089
2019/10/16 09:00,21.49672538
2019/10/16 10:00,17.35771193
2019/10/16 11:00,20.83397596
2019/10/16 12:00,23.96842475
2019/10/16 13:00,25.1253348
2019/10/16 14:00,13.91943401
2019/10/16 15:00,4.694212737
2019/10/16 16:00,3.207878788
2019/10/16 17:00,12.77295758
2019/10/16 18:00,23.92119397
2019/10/16 19:00,20.16637128
2019/10/16 20:00,8.54968696
2019/10/16 21:00,0.042820513
2019/10/16 22:00,0
2019/10/16 23:00,0
2019/10/17 00:00,0
2019/10/17 01:00,0
2019/10/17 02:00,0
2019/10/17 03:00,0
2019/10/17 04:00,0
2019/10/17 05:00,0
2019/10/17 06:00,1.583596059
2019/10/17 07:00,5.51286598
2019/10/17 08:00,11.68538972
2019/10/17 09:00,20.76975228
2019/10/17 10:00,23.30184045
2019/10/17 11:00,21.54621667
2019/10/17 12:00,16.1338215
2019/10/17 13:00,12.95054014
2019/10/17 14:00,8.684523331
2019/10/17 15:00,9.241569174
2019/10/17 16:00,7.790585366
2019/10/17 17:00,14.05312805
2019/10/17 18:00,11.64067587
2019/10/17 19:00,11.47223433
2019/10/17 20:00,0.87996175
2019/10/17 21:00,0
2019/10/17 22:00,0
2019/10/17 23:00,0
2019/10/18 00:00,0
2019/10/18 01:00,0
2019/10/18 02:00,0
2019/10/18 03:00,0
2019/10/18 04:00,0
2019/10/18 05:00,0
2019/10/18 06:00,0
2019/10/18 07:00,0
2019/10/18 08:00,4.235094725
2019/10/18 09:00,21.78690678
2019/10/18 10:00,31.10917496
2019/10/18 11:00,41.87293106
2019/10/18 12:00,32.87725334
2019/10/18 13:00,14.03102277
2019/10/18 14:00,9.900460358
2019/10/18 15:00,11.42527545
2019/10/18 16:00,21.89604753
2019/10/18 17:00,16.81676373
2019/10/18 18:00,19.71074298
2019/10/18 19:00,19.40891932
2019/10/18 20:00,9.226884945
2019/10/18 21:00,11.26945652
2019/10/18 22:00,11.86554348
2019/10/18 23:00,6.9975
2019/10/19 00:00,6.9975
2019/10/19 01:00,6.9975
2019/10/19 02:00,6.9975
2019/10/19 03:00,0.349875
2019/10/19 04:00,0
2019/10/19 05:00,2.71936
2019/10/19 06:00,5.8272
2019/10/19 07:00,5.723817764
2019/10/19 08:00,13.19629914
2019/10/19 09:00,8.666239762
2019/10/19 10:00,5.603967199
2019/10/19 11:00,16.72007621
2019/10/19 12:00,18.8907746
2019/10/19 13:00,21.98743192
2019/10/19 14:00,23.04551626
2019/10/19 15:00,20.49300845
2019/10/19 16:00,31.20804906
2019/10/19 17:00,31.12036055
2019/10/19 18:00,22.89026494
2019/10/19 19:00,16.87057222
2019/10/19 20:00,12.05274498
2019/10/19 21:00,1.703333333
2019/10/19 22:00,0
2019/10/19 23:00,0
2019/10/20 00:00,0
2019/10/20 01:00,0
2019/10/20 02:00,0
2019/10/20 03:00,0
2019/10/20 04:00,0
2019/10/20 05:00,0
2019/10/20 06:00,0
2019/10/20 07:00,0
2019/10/20 08:00,8.11022102
2019/10/20 09:00,12.21566602
2019/10/20 10:00,15.3581905
2019/10/20 11:00,13.78501337
2019/10/20 12:00,11.49363636
2019/10/20 13:00,7.698569024
2019/10/20 14:00,9.310215543
2019/10/20 15:00,8.990905085
2019/10/20 16:00,5.511637129
2019/10/20 17:00,5.968551759
2019/10/20 18:00,9.500314427
2019/10/20 19:00,5.42707976
2019/10/20 20:00,5.297772021
2019/10/20 21:00,5.387564767
2019/10/20 22:00,5.387564767
2019/10/20 23:00,5.387564767
2019/10/21 00:00,5.387564767
2019/10/21 01:00,5.387564767
2019/10/21 02:00,2.424404145
2019/10/21 03:00,0
2019/10/21 04:00,0
2019/10/21 05:00,1.503862661
2019/10/21 06:00,3.007725322
2019/10/21 07:00,3.007725322
2019/10/21 08:00,13.09026324
2019/10/21 09:00,26.7614403
2019/10/21 10:00,35.50845008
2019/10/21 11:00,36.49742689
2019/10/21 12:00,32.91875898
2019/10/21 13:00,24.16986736
2019/10/21 14:00,18.29543741
2019/10/21 15:00,25.68253439
2019/10/21 16:00,17.95666058
2019/10/21 17:00,17.50056727
2019/10/21 18:00,10.62388601
2019/10/21 19:00,1.225394191
2019/10/21 20:00,0
2019/10/21 21:00,4.761038961
2019/10/21 22:00,6.077922078
2019/10/21 23:00,6.077922078
2019/10/22 00:00,6.077922078
2019/10/22 01:00,6.077922078
2019/10/22 02:00,6.077922078
2019/10/22 03:00,6.077922078
2019/10/22 04:00,6.077922078
2019/10/22 05:00,6.077922078
2019/10/22 06:00,3.883859228
2019/10/22 07:00,9.896431181
2019/10/22 08:00,18.08115107
2019/10/22 09:00,18.27740545
2019/10/22 10:00,18.25990632
2019/10/22 11:00,18.00254052
2019/10/22 12:00,21.98120481
2019/10/22 13:00,25.62576211
2019/10/22 14:00,21.11589001
2019/10/22 15:00,14.0012866
2019/10/22 16:00,13.00469257
2019/10/22 17:00,5.345454545
2019/10/22 18:00,15.50795898
2019/10/22 19:00,16.7756332
2019/10/22 20:00,20.7046688
2019/10/22 21:00,10.90401235
2019/10/22 22:00,10.55520735
2019/10/22 23:00,4.843369515
2019/10/23 00:00,4.746558704
2019/10/23 01:00,3.322591093
2019/10/23 02:00,0
2019/10/23 03:00,0
2019/10/23 04:00,0
2019/10/23 05:00,1.463632479
2019/10/23 06:00,3.028205128
2019/10/23 07:00,5.596862153
2019/10/23 08:00,13.3351788
2019/10/23 09:00,24.70855038
2019/10/23 10:00,30.56537917
2019/10/23 11:00,30.76698063
2019/10/23 12:00,24.49587888
2019/10/23 13:00,35.67535389
2019/10/23 14:00,22.20879468
2019/10/23 15:00,31.54737148
2019/10/23 16:00,29.34210974
2019/10/23 17:00,36.12016173
2019/10/23 18:00,27.38831105
2019/10/23 19:00,17.20886304
2019/10/23 20:00,14.82627396
2019/10/23 21:00,3.283911008
2019/10/23 22:00,0
2019/10/23 23:00,0
2019/10/24 00:00,0
2019/10/24 01:00,0
2019/10/24 02:00,0
2019/10/24 03:00,0
2019/10/24 04:00,0
2019/10/24 05:00,0
2019/10/24 06:00,1.845236052
2019/10/24 07:00,3.479893726
2019/10/24 08:00,10.6771356
2019/10/24 09:00,28.03278238
2019/10/24 10:00,18.4701658
2019/10/24 11:00,21.50554295
2019/10/24 12:00,12.76080759
2019/10/24 13:00,7.782666667
2019/10/24 14:00,12.85198381
2019/10/24 15:00,17.76582125
2019/10/24 16:00,23.17806111
2019/10/24 17:00,27.35031596
2019/10/24 18:00,26.34675137
2019/10/24 19:00,34.45334262
2019/10/24 20:00,23.60638928
2019/10/24 21:00,5.723103829
2019/10/24 22:00,0
2019/10/24 23:00,0
2019/10/25 00:00,0
2019/10/25 01:00,0
2019/10/25 02:00,0
2019/10/25 03:00,0
2019/10/25 04:00,0
2019/10/25 05:00,0
2019/10/25 06:00,0
2019/10/25 07:00,1.087662355
2019/10/25 08:00,16.69297955
2019/10/25 09:00,26.6610862
2019/10/25 10:00,34.00638654
2019/10/25 11:00,35.56829977
2019/10/25 12:00,25.54089858
2019/10/25 13:00,19.60652349
2019/10/25 14:00,9.26081761
2019/10/25 15:00,5.060493386
2019/10/25 16:00,5.11798685
2019/10/25 17:00,9.658976278
2019/10/25 18:00,9.657048082
2019/10/25 19:00,13.0060696
2019/10/25 20:00,14.39474502
2019/10/25 21:00,9.592877631
2019/10/25 22:00,6.498956975
2019/10/25 23:00,6.165896395
2019/10/26 00:00,3.187323944
2019/10/26 01:00,0
2019/10/26 02:00,0
2019/10/26 03:00,0
2019/10/26 04:00,0
2019/10/26 05:00,0
2019/10/26 06:00,0
2019/10/26 07:00,3.301370968
2019/10/26 08:00,14.15907526
2019/10/26 09:00,27.69242363
2019/10/26 10:00,32.62190523
2019/10/26 11:00,27.98217155
2019/10/26 12:00,14.16610448
2019/10/26 13:00,13.55558046
2019/10/26 14:00,29.62230249
2019/10/26 15:00,9.466749188
2019/10/26 16:00,7.628255064
2019/10/26 17:00,14.00728399
2019/10/26 18:00,16.10291847
2019/10/26 19:00,13.50899607
2019/10/26 20:00,12.18669261
2019/10/26 21:00,5.341311667
2019/10/26 22:00,4.101098901
2019/10/26 23:00,1.298681319
2019/10/27 00:00,0
2019/10/27 01:00,0
2019/10/27 02:00,0
2019/10/27 03:00,0
2019/10/27 04:00,0
2019/10/27 05:00,0
2019/10/27 06:00,0
2019/10/27 07:00,0
2019/10/27 08:00,0.661607143
2019/10/27 09:00,7.087497096
2019/10/27 10:00,9.190818665
2019/10/27 11:00,8.338697785
2019/10/27 12:00,8.177983084
2019/10/27 13:00,6.252291105
2019/10/27 14:00,6.252291105
2019/10/27 15:00,9.680577196
2019/10/27 16:00,19.40769688
2019/10/27 17:00,16.65296543
2019/10/27 18:00,9.994954648
2019/10/27 19:00,12.46439931
2019/10/27 20:00,8.848830299
2019/10/27 21:00,6.195731707
2019/10/27 22:00,6.195731707
2019/10/27 23:00,6.195731707
2019/10/28 00:00,1.652195122
2019/10/28 01:00,0
2019/10/28 02:00,0
2019/10/28 03:00,0
2019/10/28 04:00,0
2019/10/28 05:00,0
2019/10/28 06:00,1.531578947
2019/10/28 07:00,3.996398581
2019/10/28 08:00,6.283146067
2019/10/28 09:00,2.795401922
2019/10/28 10:00,13.20481691
2019/10/28 11:00,15.23735242
2019/10/28 12:00,22.55535785
2019/10/28 13:00,25.36734298
2019/10/28 14:00,18.53105995
2019/10/28 15:00,15.2319393
2019/10/28 16:00,15.00450871
2019/10/28 17:00,22.34430894
2019/10/28 18:00,10.19028841
2019/10/28 19:00,9.266947415
2019/10/28 20:00,3.825735294
2019/10/28 21:00,1.10756992
2019/10/28 22:00,3.01978022
2019/10/28 23:00,3.01978022
2019/10/29 00:00,2.868791209
2019/10/29 01:00,0
2019/10/29 02:00,0
2019/10/29 03:00,0
2019/10/29 04:00,0
2019/10/29 05:00,0
2019/10/29 06:00,3.258223289
2019/10/29 07:00,11.04099724
2019/10/29 08:00,6.157703341
2019/10/29 09:00,9.281694725
2019/10/29 10:00,15.86246028
2019/10/29 11:00,12.94662315
2019/10/29 12:00,9.37402737
2019/10/29 13:00,9.378602151
2019/10/29 14:00,5.659668459
2019/10/29 15:00,0
2019/10/29 16:00,0
2019/10/29 17:00,0
2019/10/29 18:00,0
2019/10/29 19:00,2.853846154
2019/10/29 20:00,6.115384615
2019/10/29 21:00,1.630769231
2019/10/29 22:00,0
2019/10/29 23:00,0
2019/10/30 00:00,0
2019/10/30 01:00,0
2019/10/30 02:00,0
2019/10/30 03:00,0
2019/10/30 04:00,0
2019/10/30 05:00,0
2019/10/30 06:00,0
2019/10/30 07:00,0
2019/10/30 08:00,2.25
2019/10/30 09:00,4.844605809
2019/10/30 10:00,16.47915564
2019/10/30 11:00,30.39777809
2019/10/30 12:00,33.88024449
2019/10/30 13:00,28.84480959
2019/10/30 14:00,16.23650882
2019/10/30 15:00,8.923835982
2019/10/30 16:00,19.80027141
2019/10/30 17:00,13.86907589
2019/10/30 18:00,11.97430604
2019/10/30 19:00,13.92212791
2019/10/30 20:00,11.71994898
2019/10/30 21:00,7.987331349
2019/10/30 22:00,1.65
2019/10/30 23:00,3
2019/10/31 00:00,3
2019/10/31 01:00,2
2019/10/31 02:00,0
2019/10/31 03:00,0
2019/10/31 04:00,0
2019/10/31 05:00,0
2019/10/31 06:00,0
2019/10/31 07:00,3.66255188
2019/10/31 08:00,13.07122865
2019/10/31 09:00,30.31267261
2019/10/31 10:00,30.41902427
2019/10/31 11:00,24.7310722
2019/10/31 12:00,24.10896626
2019/10/31 13:00,30.54052127
2019/10/31 14:00,26.98544251
2019/10/31 15:00,25.87199278
2019/10/31 16:00,27.89674956
2019/10/31 17:00,12.04096906
2019/10/31 18:00,9.997126263
2019/10/31 19:00,16.29921703
2019/10/31 20:00,9.029004108
2019/10/31 21:00,4.423461538
2019/10/31 22:00,0
2019/10/31 23:00,0
2019/11/01 00:00,0
2019/11/01 01:00,0
2019/11/01 02:00,0
2019/11/01 03:00,0
2019/11/01 04:00,0
2019/11/01 05:00,1.641714286
2019/11/01 06:00,5.758885966
2019/11/01 07:00,8.549399748
2019/11/01 08:00,10.87556736
2019/11/01 09:00,43.43942104
2019/11/01 10:00,52.84070245
2019/11/01 11:00,40.87467106
2019/11/01 12:00,31.03861471
2019/11/01 13:00,23.15190667
2019/11/01 14:00,31.72315683
2019/11/01 15:00,47.02553301
2019/11/01 16:00,38.77415211
2019/11/01 17:00,36.21967194
2019/11/01 18:00,37.82286102
2019/11/01 19:00,27.61942784
2019/11/01 20:00,20.36900799
2019/11/01 21:00,8.147399673
2019/11/01 22:00,7.441799673
2019/11/01 23:00,4.553123874
2019/11/02 00:00,3.75412844
2019/11/02 01:00,3.75412844
2019/11/02 02:00,3.75412844
2019/11/02 03:00,3.75412844
2019/11/02 04:00,2.502752294
2019/11/02 05:00,0
2019/11/02 06:00,0
2019/11/02 07:00,0
2019/11/02 08:00,2.458975085
2019/11/02 09:00,17.5069172
2019/11/02 10:00,22.08421222
2019/11/02 11:00,18.56377984
2019/11/02 12:00,12.39005008
2019/11/02 13:00,20.99570917
2019/11/02 14:00,31.79431585
2019/11/02 15:00,15.81409646
2019/11/02 16:00,6.941288356
2019/11/02 17:00,6.038495316
2019/11/02 18:00,11.52063504
2019/11/02 19:00,7.899772132
2019/11/02 20:00,5.993874459
2019/11/02 21:00,6.127272727
2019/11/02 22:00,0.510606061
2019/11/02 23:00,0
2019/11/03 00:00,0
2019/11/03 01:00,0
2019/11/03 02:00,0
2019/11/03 03:00,0
2019/11/03 04:00,0
2019/11/03 05:00,0
2019/11/03 06:00,0
2019/11/03 07:00,0
2019/11/03 08:00,7.058974941
2019/11/03 09:00,16.94700523
2019/11/03 10:00,12.57319284
2019/11/03 11:00,9.06804165
2019/11/03 12:00,12.2148645
2019/11/03 13:00,25.73638124
2019/11/03 14:00,25.23772101
2019/11/03 15:00,14.16439076
2019/11/03 16:00,10.99995623
2019/11/03 17:00,12.20509404
2019/11/03 18:00,9.953144728
2019/11/03 19:00,8.268099135
2019/11/03 20:00,6.177217676
2019/11/03 21:00,3.532307692
2019/11/03 22:00,0
2019/11/03 23:00,0
2019/11/04 00:00,0
2019/11/04 01:00,0
2019/11/04 02:00,0
2019/11/04 03:00,0
2019/11/04 04:00,0
2019/11/04 05:00,0
2019/11/04 06:00,6.794265664
2019/11/04 07:00,11.76539927
2019/11/04 08:00,29.38085387
2019/11/04 09:00,38.58614175
2019/11/04 10:00,37.41547552
2019/11/04 11:00,19.49150181
2019/11/04 12:00,23.01173507
2019/11/04 13:00,33.90891143
2019/11/04 14:00,24.48923401
2019/11/04 15:00,18.47247686
2019/11/04 16:00,26.14237282
2019/11/04 17:00,18.15078276
2019/11/04 18:00,12.63714783
2019/11/04 19:00,19.71268486
2019/11/04 20:00,15.79900475
2019/11/04 21:00,15.79900475
2019/11/04 22:00,15.79900475
2019/11/04 23:00,14.97999044
2019/11/05 00:00,10.33890936
2019/11/05 01:00,0.833229213
2019/11/05 02:00,0
2019/11/05 03:00,0
2019/11/05 04:00,0
2019/11/05 05:00,1.074418605
2019/11/05 06:00,14.24012372
2019/11/05 07:00,13.54354032
2019/11/05 08:00,26.78850388
2019/11/05 09:00,40.29039738
2019/11/05 10:00,37.77290683
2019/11/05 11:00,37.73710788
2019/11/05 12:00,45.03399798
2019/11/05 13:00,32.29431233
2019/11/05 14:00,14.45905357
2019/11/05 15:00,7.016854167
2019/11/05 16:00,16.95234615
2019/11/05 17:00,10.15117622
2019/11/05 18:00,11.68203363
2019/11/05 19:00,10.05757087
2019/11/05 20:00,1.925656463
2019/11/05 21:00,0
2019/11/05 22:00,0
2019/11/05 23:00,0
2019/11/06 00:00,0
2019/11/06 01:00,0
2019/11/06 02:00,0
2019/11/06 03:00,0
2019/11/06 04:00,0
2019/11/06 05:00,1.45875
2019/11/06 06:00,3.018103448
2019/11/06 07:00,6.804651067
2019/11/06 08:00,29.55982001
2019/11/06 09:00,44.27030578
2019/11/06 10:00,53.12000457
2019/11/06 11:00,42.36332673
2019/11/06 12:00,47.01295688
2019/11/06 13:00,33.35571936
2019/11/06 14:00,22.80924229
2019/11/06 15:00,17.00405406
2019/11/06 16:00,9.768036746
2019/11/06 17:00,14.43317445
2019/11/06 18:00,21.32206327
2019/11/06 19:00,16.64959495
2019/11/06 20:00,9.979663195
2019/11/06 21:00,6.45902961
2019/11/06 22:00,5.315513126
2019/11/06 23:00,5.315513126
2019/11/07 00:00,5.315513126
2019/11/07 01:00,5.315513126
2019/11/07 02:00,3.809451074
2019/11/07 03:00,0
2019/11/07 04:00,0
2019/11/07 05:00,0
2019/11/07 06:00,1.676054189
2019/11/07 07:00,4.613251366
2019/11/07 08:00,8.876443265
2019/11/07 09:00,23.4990962
2019/11/07 10:00,34.9301275
2019/11/07 11:00,33.32759044
2019/11/07 12:00,23.51974025
2019/11/07 13:00,15.96161766
2019/11/07 14:00,16.68979066
2019/11/07 15:00,13.12297802
2019/11/07 16:00,16.91439555
2019/11/07 17:00,24.32395264
2019/11/07 18:00,34.7727909
2019/11/07 19:00,29.11493442
2019/11/07 20:00,19.91504477
2019/11/07 21:00,8.905650107
2019/11/07 22:00,6.269158879
2019/11/07 23:00,4.597383178
2019/11/08 00:00,0
2019/11/08 01:00,0
2019/11/08 02:00,0
2019/11/08 03:00,0
2019/11/08 04:00,0
2019/11/08 05:00,3.677220077
2019/11/08 06:00,13.32209499
2019/11/08 07:00,6.047945205
2019/11/08 08:00,20.9432158
2019/11/08 09:00,30.35702417
2019/11/08 10:00,40.8341465
2019/11/08 11:00,29.86873775
2019/11/08 12:00,37.28982697
2019/11/08 13:00,26.00418565
2019/11/08 14:00,10.5340441
2019/11/08 15:00,5.883636088
2019/11/08 16:00,13.74463054
2019/11/08 17:00,24.75227173
2019/11/08 18:00,23.07717243
2019/11/08 19:00,30.31170221
2019/11/08 20:00,20.90856268
2019/11/08 21:00,16.31794321
2019/11/08 22:00,8.42892275
2019/11/08 23:00,3.658135283
2019/11/09 00:00,3.658135283
2019/11/09 01:00,1.646160878
2019/11/09 02:00,0
2019/11/09 03:00,0
2019/11/09 04:00,0
2019/11/09 05:00,0
2019/11/09 06:00,3.333333333
2019/11/09 07:00,0.508527132
2019/11/09 08:00,9.579726051
2019/11/09 09:00,9.773998177
2019/11/09 10:00,6.501921134
2019/11/09 11:00,14.56715726
2019/11/09 12:00,17.15639563
2019/11/09 13:00,27.34279742
2019/11/09 14:00,23.10826567
2019/11/09 15:00,15.39796215
2019/11/09 16:00,15.43964682
2019/11/09 17:00,23.40195451
2019/11/09 18:00,28.10581179
2019/11/09 19:00,19.27863115
2019/11/09 20:00,15.84419801
2019/11/09 21:00,4.972483689
2019/11/09 22:00,0
2019/11/09 23:00,0
2019/11/10 00:00,0
2019/11/10 01:00,0
2019/11/10 02:00,0
2019/11/10 03:00,0
2019/11/10 04:00,0
2019/11/10 05:00,0
2019/11/10 06:00,0
2019/11/10 07:00,4.710846178
2019/11/10 08:00,18.43174155
2019/11/10 09:00,29.25891005
2019/11/10 10:00,22.64940388
2019/11/10 11:00,29.56028191
2019/11/10 12:00,30.30890864
2019/11/10 13:00,22.43169696
2019/11/10 14:00,9.58103414
2019/11/10 15:00,18.23651174
2019/11/10 16:00,21.96122025
2019/11/10 17:00,19.90998833
2019/11/10 18:00,15.42086995
2019/11/10 19:00,2.198131868
2019/11/10 20:00,0
2019/11/10 21:00,0
2019/11/10 22:00,0
2019/11/10 23:00,0
2019/11/11 00:00,0
2019/11/11 01:00,0
2019/11/11 02:00,0
2019/11/11 03:00,0
2019/11/11 04:00,0
2019/11/11 05:00,0
2019/11/11 06:00,0
2019/11/11 07:00,3.054137931
2019/11/11 08:00,5.456124282
2019/11/11 09:00,6.786853448
2019/11/11 10:00,3.751736798
2019/11/11 11:00,8.786685792
2019/11/11 12:00,12.49642389
2019/11/11 13:00,3.829185402
2019/11/11 14:00,7.435263158
2019/11/11 15:00,11.68428388
2019/11/11 16:00,8.784848566
2019/11/11 17:00,11.80604687
2019/11/11 18:00,8.41116246
2019/11/11 19:00,4.612544493
2019/11/11 20:00,5.605850569
2019/11/11 21:00,0
2019/11/11 22:00,0
2019/11/11 23:00,0
2019/11/12 00:00,0
2019/11/12 01:00,0
2019/11/12 02:00,0
2019/11/12 03:00,0
2019/11/12 04:00,0
2019/11/12 05:00,0
2019/11/12 06:00,0.591923077
2019/11/12 07:00,6.229418386
2019/11/12 08:00,20.47052307
2019/11/12 09:00,29.56147685
2019/11/12 10:00,27.88228842
2019/11/12 11:00,30.0462903
2019/11/12 12:00,16.89171146
2019/11/12 13:00,19.90655483
2019/11/12 14:00,14.24152662
2019/11/12 15:00,12.64586463
2019/11/12 16:00,18.54487887
2019/11/12 17:00,19.61154963
2019/11/12 18:00,15.89438043
2019/11/12 19:00,16.71551897
2019/11/12 20:00,11.25317345
2019/11/12 21:00,5.28137931
2019/11/12 22:00,5.28137931
2019/11/12 23:00,8.467565751
2019/11/13 00:00,9.944091175
2019/11/13 01:00,9.944091175
2019/11/13 02:00,9.944091175
2019/11/13 03:00,1.51776992
2019/11/13 04:00,0
2019/11/13 05:00,0
2019/11/13 06:00,0.404285714
2019/11/13 07:00,9.508345865
2019/11/13 08:00,6.739653251
2019/11/13 09:00,19.13141722
2019/11/13 10:00,18.46782251
2019/11/13 11:00,22.98528493
2019/11/13 12:00,25.17142591
2019/11/13 13:00,22.68382614
2019/11/13 14:00,12.56271266
2019/11/13 15:00,5.743277755
2019/11/13 16:00,13.14351913
2019/11/13 17:00,12.61961062
2019/11/13 18:00,2.115961165
2019/11/13 19:00,0.712
2019/11/13 20:00,2.373333333
2019/11/13 21:00,0.474666667
2019/11/13 22:00,0
2019/11/13 23:00,0
2019/11/14 00:00,0
2019/11/14 01:00,0
2019/11/14 02:00,0
2019/11/14 03:00,0
2019/11/14 04:00,0
2019/11/14 05:00,0
2019/11/14 06:00,1.922218784
2019/11/14 07:00,3.892301142
2019/11/14 08:00,8.841986526
2019/11/14 09:00,21.2179151
2019/11/14 10:00,32.52173603
2019/11/14 11:00,34.03851613
2019/11/14 12:00,25.67227243
2019/11/14 13:00,26.02420077
2019/11/14 14:00,25.31436909
2019/11/14 15:00,22.03137553
2019/11/14 16:00,19.88627795
2019/11/14 17:00,9.158584493
2019/11/14 18:00,19.85678096
2019/11/14 19:00,14.22264743
2019/11/14 20:00,3.086138614
2019/11/14 21:00,0.822970297
2019/11/14 22:00,0
2019/11/14 23:00,0
2019/11/15 00:00,0
2019/11/15 01:00,0
2019/11/15 02:00,0
2019/11/15 03:00,0
2019/11/15 04:00,0
2019/11/15 05:00,0
2019/11/15 06:00,0
2019/11/15 07:00,0
2019/11/15 08:00,10.96540527
2019/11/15 09:00,34.82795093
2019/11/15 10:00,27.73649913
2019/11/15 11:00,28.75987647
2019/11/15 12:00,25.84599792
2019/11/15 13:00,29.15260751
2019/11/15 14:00,13.23159597
2019/11/15 15:00,16.90613157
2019/11/15 16:00,13.33404323
2019/11/15 17:00,17.95545713
2019/11/15 18:00,23.23699647
2019/11/15 19:00,21.52265132
2019/11/15 20:00,19.48425856
2019/11/15 21:00,3.405410124
2019/11/15 22:00,0
2019/11/15 23:00,0
2019/11/16 00:00,0
2019/11/16 01:00,0
2019/11/16 02:00,0
2019/11/16 03:00,0
2019/11/16 04:00,0
2019/11/16 05:00,0
2019/11/16 06:00,0
2019/11/16 07:00,4.54475
2019/11/16 08:00,4.440628745
2019/11/16 09:00,12.15978519
2019/11/16 10:00,6.135605296
2019/11/16 11:00,12.09929736
2019/11/16 12:00,7.24993341
2019/11/16 13:00,6.605259166
2019/11/16 14:00,8.019785082
2019/11/16 15:00,1.894955752
2019/11/16 16:00,3.388413462
2019/11/16 17:00,11.59962531
2019/11/16 18:00,17.13660268
2019/11/16 19:00,10.2577481
2019/11/16 20:00,8.977710843
2019/11/16 21:00,3.936044177
2019/11/16 22:00,1.463855422
2019/11/16 23:00,0
2019/11/17 00:00,0
2019/11/17 01:00,0
2019/11/17 02:00,0
2019/11/17 03:00,0
2019/11/17 04:00,0
2019/11/17 05:00,0
2019/11/17 06:00,0
2019/11/17 07:00,0.911571429
2019/11/17 08:00,18.16127793
2019/11/17 09:00,23.96919957
2019/11/17 10:00,16.75318648
2019/11/17 11:00,9.564748563
2019/11/17 12:00,6.720016026
2019/11/17 13:00,1.286034908
2019/11/17 14:00,10.43828241
2019/11/17 15:00,8.887177381
2019/11/17 16:00,4.981292189
2019/11/17 17:00,1.210060797
2019/11/17 18:00,5.185430464
2019/11/17 19:00,5.185430464
2019/11/17 20:00,2.506291391
2019/11/17 21:00,0
2019/11/17 22:00,0
2019/11/17 23:00,0
2019/11/18 00:00,0
2019/11/18 01:00,0
2019/11/18 02:00,0
2019/11/18 03:00,0
2019/11/18 04:00,0
2019/11/18 05:00,2.178611111
2019/11/18 06:00,4.951388889
2019/11/18 07:00,3.818741135
2019/11/18 08:00,28.95947844
2019/11/18 09:00,47.29649389
2019/11/18 10:00,47.76711142
2019/11/18 11:00,38.55877405
2019/11/18 12:00,34.3595523
2019/11/18 13:00,29.38810441
2019/11/18 14:00,21.85991212
2019/11/18 15:00,11.35292409
2019/11/18 16:00,11.07203075
2019/11/18 17:00,10.27228339
2019/11/18 18:00,3.865074761
2019/11/18 19:00,3.155769231
2019/11/18 20:00,0.68375
2019/11/18 21:00,0
2019/11/18 22:00,0
2019/11/18 23:00,0
2019/11/19 00:00,0
2019/11/19 01:00,0
2019/11/19 02:00,0
2019/11/19 03:00,0
2019/11/19 04:00,0
2019/11/19 05:00,0
2019/11/19 06:00,2.844859344
2019/11/19 07:00,12.40846135
2019/11/19 08:00,16.68113565
2019/11/19 09:00,21.62242072
2019/11/19 10:00,11.21186855
2019/11/19 11:00,23.76601641
2019/11/19 12:00,19.33986673
2019/11/19 13:00,18.12696765
2019/11/19 14:00,18.58526613
2019/11/19 15:00,17.9650928
2019/11/19 16:00,18.33793345
2019/11/19 17:00,16.22654335
2019/11/19 18:00,18.68154975
2019/11/19 19:00,16.91565896
2019/11/19 20:00,17.50997321
2019/11/19 21:00,16.12180499
2019/11/19 22:00,15.21562825
2019/11/19 23:00,12.41914531
2019/11/20 00:00,3.366495746
2019/11/20 01:00,0
2019/11/20 02:00,0
2019/11/20 03:00,0
2019/11/20 04:00,0
2019/11/20 05:00,1.555232068
2019/11/20 06:00,3.010126582
2019/11/20 07:00,10.35082754
2019/11/20 08:00,14.34785219
2019/11/20 09:00,19.05030718
2019/11/20 10:00,20.54439071
2019/11/20 11:00,19.76979396
2019/11/20 12:00,10.46509862
2019/11/20 13:00,20.987961
2019/11/20 14:00,21.30916547
2019/11/20 15:00,21.14250445
2019/11/20 16:00,21.91656197
2019/11/20 17:00,15.04816328
2019/11/20 18:00,18.32842415
2019/11/20 19:00,13.09071855
2019/11/20 20:00,4.359235917
2019/11/20 21:00,2.987272727
2019/11/20 22:00,2.987272727
2019/11/20 23:00,2.987272727
2019/11/21 00:00,2.987272727
2019/11/21 01:00,0
2019/11/21 02:00,0
2019/11/21 03:00,0
2019/11/21 04:00,0
2019/11/21 05:00,0
2019/11/21 06:00,2.450285714
2019/11/21 07:00,6.83364366
2019/11/21 08:00,12.57084808
2019/11/21 09:00,21.51810486
2019/11/21 10:00,28.66182672
2019/11/21 11:00,15.58096215
2019/11/21 12:00,11.78970395
2019/11/21 13:00,23.60965735
2019/11/21 14:00,26.38226098
2019/11/21 15:00,28.21340618
2019/11/21 16:00,20.92948442
2019/11/21 17:00,13.52974302
2019/11/21 18:00,17.52168634
2019/11/21 19:00,14.23414035
2019/11/21 20:00,8.333761039
2019/11/21 21:00,10.99657297
2019/11/21 22:00,8.068817867
2019/11/21 23:00,1.83509434
2019/11/22 00:00,0
2019/11/22 01:00,0
2019/11/22 02:00,0
2019/11/22 03:00,0
2019/11/22 04:00,0
2019/11/22 05:00,0
2019/11/22 06:00,0.587575758
2019/11/22 07:00,10.0708334
2019/11/22 08:00,24.10360774
2019/11/22 09:00,24.04704499
2019/11/22 10:00,23.13812683
2019/11/22 11:00,15.09001745
2019/11/22 12:00,36.25134135
2019/11/22 13:00,49.74194241
2019/11/22 14:00,37.33553694
2019/11/22 15:00,40.45901593
2019/11/22 16:00,22.861746
2019/11/22 17:00,10.9543373
2019/11/22 18:00,15.59969698
2019/11/22 19:00,10.15452798
2019/11/22 20:00,13.55617504
2019/11/22 21:00,9.202224322
2019/11/22 22:00,10.69787817
2019/11/22 23:00,9.755982744
2019/11/23 00:00,9.755982744
2019/11/23 01:00,7.120982744
2019/11/23 02:00,3.510470089
2019/11/23 03:00,2.00205739
2019/11/23 04:00,2.00205739
2019/11/23 05:00,2.00205739
2019/11/23 06:00,2.00205739
2019/11/23 07:00,2.00205739
2019/11/23 08:00,2.89345524
2019/11/23 09:00,9.786197291
2019/11/23 10:00,12.35522928
2019/11/23 11:00,24.29997037
2019/11/23 12:00,30.81222453
2019/11/23 13:00,26.02710793
2019/11/23 14:00,17.28530182
2019/11/23 15:00,11.04540966
2019/11/23 16:00,10.30915279
2019/11/23 17:00,28.18156343
2019/11/23 18:00,40.26938361
2019/11/23 19:00,23.1503524
2019/11/23 20:00,14.96641409
2019/11/23 21:00,15.79775761
2019/11/23 22:00,8.529421202
2019/11/23 23:00,6.13415493
2019/11/24 00:00,6.13415493
2019/11/24 01:00,6.13415493
2019/11/24 02:00,6.13415493
2019/11/24 03:00,6.13415493
2019/11/24 04:00,6.13415493
2019/11/24 05:00,5.059239757
2019/11/24 06:00,3.06446281
2019/11/24 07:00,1.926993842
2019/11/24 08:00,8.198287575
2019/11/24 09:00,17.84706192
2019/11/24 10:00,16.07217128
2019/11/24 11:00,31.18764013
2019/11/24 12:00,30.8535093
2019/11/24 13:00,12.29872299
2019/11/24 14:00,12.30560616
2019/11/24 15:00,5.470089445
2019/11/24 16:00,6.597352858
2019/11/24 17:00,21.08602878
2019/11/24 18:00,15.13465819
2019/11/24 19:00,5.416435313
2019/11/24 20:00,5.254143646
2019/11/24 21:00,1.751381215
2019/11/24 22:00,0
2019/11/24 23:00,0
2019/11/25 00:00,0
2019/11/25 01:00,0
2019/11/25 02:00,0
2019/11/25 03:00,0
2019/11/25 04:00,0
2019/11/25 05:00,1.656903766
2019/11/25 06:00,5.929685635
2019/11/25 07:00,10.23463741
2019/11/25 08:00,19.39579218
2019/11/25 09:00,31.87770275
2019/11/25 10:00,34.37335667
2019/11/25 11:00,28.70912618
2019/11/25 12:00,28.59060583
2019/11/25 13:00,20.66190125
2019/11/25 14:00,25.21497231
2019/11/25 15:00,7.113497835
2019/11/25 16:00,2.08125
2019/11/25 17:00,1.718647959
2019/11/25 18:00,5.993877551
2019/11/25 19:00,3.69622449
2019/11/25 20:00,0
2019/11/25 21:00,0
2019/11/25 22:00,0
2019/11/25 23:00,0
2019/11/26 00:00,0
2019/11/26 01:00,0
2019/11/26 02:00,0
2019/11/26 03:00,0
2019/11/26 04:00,0
2019/11/26 05:00,0
2019/11/26 06:00,0
2019/11/26 07:00,0
2019/11/26 08:00,0
2019/11/26 09:00,3.087804878
2019/11/26 10:00,6.175609756
2019/11/26 11:00,6.175609756
2019/11/26 12:00,1.44097561
2019/11/26 13:00,0
2019/11/26 14:00,0
2019/11/26 15:00,0
2019/11/26 16:00,0
2019/11/26 17:00,0
2019/11/26 18:00,0
2019/11/26 19:00,0
2019/11/26 20:00,0
2019/11/26 21:00,0
2019/11/26 22:00,0
2019/11/26 23:00,0
2019/11/27 00:00,0
2019/11/27 01:00,0
2019/11/27 02:00,0
2019/11/27 03:00,0
2019/11/27 04:00,0
2019/11/27 05:00,0
2019/11/27 06:00,0
2019/11/27 07:00,2.881281878
2019/11/27 08:00,12.97157909
2019/11/27 09:00,14.98599644
2019/11/27 10:00,18.62891148
2019/11/27 11:00,24.71848214
2019/11/27 12:00,25.8470314
2019/11/27 13:00,15.04256579
2019/11/27 14:00,12.23233399
2019/11/27 15:00,10.88974217
2019/11/27 16:00,7.087436975
2019/11/27 17:00,4.763495798
2019/11/27 18:00,3.512142857
2019/11/27 19:00,2.214466667
2019/11/27 20:00,3.43457232
2019/11/27 21:00,5.836102598
2019/11/27 22:00,4.726582278
2019/11/27 23:00,4.726582278
2019/11/28 00:00,4.726582278
2019/11/28 01:00,2.048185654
2019/11/28 02:00,0
2019/11/28 03:00,0
2019/11/28 04:00,0
2019/11/28 05:00,0
2019/11/28 06:00,0
2019/11/28 07:00,0
2019/11/28 08:00,1.430769231
2019/11/28 09:00,2.404718574
2019/11/28 10:00,6.256097561
2019/11/28 11:00,0.938414634
2019/11/28 12:00,0
2019/11/28 13:00,6.274305556
2019/11/28 14:00,4.935694444
2019/11/28 15:00,0
2019/11/28 16:00,0
2019/11/28 17:00,0
2019/11/28 18:00,0
2019/11/28 19:00,0
2019/11/28 20:00,0
2019/11/28 21:00,0
2019/11/28 22:00,0
2019/11/28 23:00,0
2019/11/29 00:00,0
2019/11/29 01:00,0
2019/11/29 02:00,0
2019/11/29 03:00,0
2019/11/29 04:00,0
2019/11/29 05:00,0
2019/11/29 06:00,0
2019/11/29 07:00,0.537153285
2019/11/29 08:00,4.861438635
2019/11/29 09:00,5.376172114
2019/11/29 10:00,9.205760048
2019/11/29 11:00,8.904788418
2019/11/29 12:00,2.755329702
2019/11/29 13:00,24.63736724
2019/11/29 14:00,18.85222571
2019/11/29 15:00,12.16013276
2019/11/29 16:00,10.69919848
2019/11/29 17:00,11.47011836
2019/11/29 18:00,30.77668268
2019/11/29 19:00,23.1665074
2019/11/29 20:00,21.05343719
2019/11/29 21:00,6.886440111
2019/11/29 22:00,2.698461538
2019/11/29 23:00,2.698461538
2019/11/30 00:00,0.404769231
2019/11/30 01:00,0
2019/11/30 02:00,0
2019/11/30 03:00,0
2019/11/30 04:00,0
2019/11/30 05:00,0
2019/11/30 06:00,0
2019/11/30 07:00,0
2019/11/30 08:00,0
2019/11/30 09:00,0
2019/11/30 10:00,0.523076923
2019/11/30 11:00,4.916923077
2019/11/30 12:00,3.067596191
2019/11/30 13:00,15.72919801
2019/11/30 14:00,12.06876614
2019/11/30 15:00,5.072758621
2019/11/30 16:00,8.137758621
2019/11/30 17:00,2.373922414
2019/11/30 18:00,7.094003588
2019/11/30 19:00,11.14448698
2019/11/30 20:00,1.431509434
2019/11/30 21:00,0
2019/11/30 22:00,0
2019/11/30 23:00,0
2019/12/01 00:00,0
2019/12/01 01:00,0
2019/12/01 02:00,0
2019/12/01 03:00,0
2019/12/01 04:00,0
2019/12/01 05:00,0
2019/12/01 06:00,0
2019/12/01 07:00,0
2019/12/01 08:00,0
2019/12/01 09:00,3.52
2019/12/01 10:00,12.96984685
2019/12/01 11:00,25.84730667
2019/12/01 12:00,19.21579303
2019/12/01 13:00,24.2705891
2019/12/01 14:00,21.71531121
2019/12/01 15:00,13.64473537
2019/12/01 16:00,7.198330329
2019/12/01 17:00,16.58493728
2019/12/01 18:00,22.3148789
2019/12/01 19:00,12.40329409
2019/12/01 20:00,10.18721192
2019/12/01 21:00,8.92928494
2019/12/01 22:00,8.92928494
2019/12/01 23:00,8.92928494
2019/12/02 00:00,6.971131094
2019/12/02 01:00,5.257746479
2019/12/02 02:00,0.701032864
2019/12/02 03:00,0
2019/12/02 04:00,0
2019/12/02 05:00,1.629795918
2019/12/02 06:00,2.963265306
2019/12/02 07:00,2.963265306
2019/12/02 08:00,17.55014398
2019/12/02 09:00,34.18036084
2019/12/02 10:00,29.5609716
2019/12/02 11:00,20.22558498
2019/12/02 12:00,13.59180745
2019/12/02 13:00,13.34088487
2019/12/02 14:00,14.13349332
2019/12/02 15:00,16.96344157
2019/12/02 16:00,14.17874642
2019/12/02 17:00,10.43683574
2019/12/02 18:00,4.604651584
2019/12/02 19:00,5.348959276
2019/12/02 20:00,3.817741747
2019/12/02 21:00,4.018800108
2019/12/02 22:00,3.752884615
2019/12/02 23:00,3.752884615
2019/12/03 00:00,0.625480769
2019/12/03 01:00,0
2019/12/03 02:00,0
2019/12/03 03:00,0
2019/12/03 04:00,0
2019/12/03 05:00,0
2019/12/03 06:00,4.343472689
2019/12/03 07:00,6.612731092
2019/12/03 08:00,7.214064426
2019/12/03 09:00,15.79404407
2019/12/03 10:00,19.9309013
2019/12/03 11:00,24.66768222
2019/12/03 12:00,32.23338963
2019/12/03 13:00,24.39505369
2019/12/03 14:00,16.08186873
2019/12/03 15:00,12.75790327
2019/12/03 16:00,4.656792005
2019/12/03 17:00,14.44820383
2019/12/03 18:00,14.7161592
2019/12/03 19:00,18.80240698
2019/12/03 20:00,14.89678763
2019/12/03 21:00,3.61965035
2019/12/03 22:00,0
2019/12/03 23:00,0
2019/12/04 00:00,0
2019/12/04 01:00,0
2019/12/04 02:00,0
2019/12/04 03:00,0
2019/12/04 04:00,0
2019/12/04 05:00,1.395294118
2019/12/04 06:00,4.944698575
2019/12/04 07:00,6.655133358
2019/12/04 08:00,16.99676248
2019/12/04 09:00,20.85416159
2019/12/04 10:00,24.4574157
2019/12/04 11:00,18.39006884
2019/12/04 12:00,19.04412276
2019/12/04 13:00,25.17237566
2019/12/04 14:00,23.54674313
2019/12/04 15:00,22.44902739
2019/12/04 16:00,34.31758276
2019/12/04 17:00,17.66808347
2019/12/04 18:00,22.81372792
2019/12/04 19:00,20.29786729
2019/12/04 20:00,9.181969008
2019/12/04 21:00,9.133477529
2019/12/04 22:00,5.65336057
2019/12/04 23:00,5.336986301
2019/12/05 00:00,5.336986301
2019/12/05 01:00,5.336986301
2019/12/05 02:00,5.336986301
2019/12/05 03:00,5.336986301
2019/12/05 04:00,1.423196347
2019/12/05 05:00,0
2019/12/05 06:00,8.935500097
2019/12/05 07:00,18.39097464
2019/12/05 08:00,28.6789619
2019/12/05 09:00,26.05811107
2019/12/05 10:00,21.21843387
2019/12/05 11:00,11.42455137
2019/12/05 12:00,1.976047709
2019/12/05 13:00,2.881687773
2019/12/05 14:00,15.14235722
2019/12/05 15:00,11.18237258
2019/12/05 16:00,14.88491902
2019/12/05 17:00,14.07005685
2019/12/05 18:00,13.1433774
2019/12/05 19:00,18.80959297
2019/12/05 20:00,9.667308736
2019/12/05 21:00,5.338327455
2019/12/05 22:00,0
2019/12/05 23:00,0
2019/12/06 00:00,0
2019/12/06 01:00,0
2019/12/06 02:00,0
2019/12/06 03:00,0
2019/12/06 04:00,0
2019/12/06 05:00,0
2019/12/06 06:00,2.705410423
2019/12/06 07:00,10.66698302
2019/12/06 08:00,15.25929446
2019/12/06 09:00,34.19885411
2019/12/06 10:00,38.46994371
2019/12/06 11:00,36.84073133
2019/12/06 12:00,38.74176165
2019/12/06 13:00,23.4712137
2019/12/06 14:00,21.01776858
2019/12/06 15:00,10.97426725
2019/12/06 16:00,10.37758131
2019/12/06 17:00,17.31297018
2019/12/06 18:00,15.93705568
2019/12/06 19:00,23.77400668
2019/12/06 20:00,18.18551914
2019/12/06 21:00,7.333385767
2019/12/06 22:00,1.376666667
2019/12/06 23:00,5.9
2019/12/07 00:00,2.753333333
2019/12/07 01:00,0
2019/12/07 02:00,0
2019/12/07 03:00,0
2019/12/07 04:00,0
2019/12/07 05:00,0
2019/12/07 06:00,0
2019/12/07 07:00,0
2019/12/07 08:00,0
2019/12/07 09:00,5.901
2019/12/07 10:00,6.069955701
2019/12/07 11:00,16.63330341
2019/12/07 12:00,23.48294541
2019/12/07 13:00,19.62991391
2019/12/07 14:00,17.70505064
2019/12/07 15:00,12.23232863
2019/12/07 16:00,14.80478186
2019/12/07 17:00,39.30002418
2019/12/07 18:00,46.21400576
2019/12/07 19:00,22.61878661
2019/12/07 20:00,18.06288507
2019/12/07 21:00,15.76684613
2019/12/07 22:00,8.968540031
2019/12/07 23:00,4.574693878
2019/12/08 00:00,0.914938776
2019/12/08 01:00,0
2019/12/08 02:00,0
2019/12/08 03:00,0
2019/12/08 04:00,0
2019/12/08 05:00,0
2019/12/08 06:00,0
2019/12/08 07:00,0
2019/12/08 08:00,4.161105994
2019/12/08 09:00,11.97035746
2019/12/08 10:00,8.972484822
2019/12/08 11:00,12.47659225
2019/12/08 12:00,15.59251806
2019/12/08 13:00,11.78355926
2019/12/08 14:00,10.21371525
2019/12/08 15:00,2.601095466
2019/12/08 16:00,4.107722587
2019/12/08 17:00,9.309135911
2019/12/08 18:00,21.30009549
2019/12/08 19:00,12.41224971
2019/12/08 20:00,2.918796296
2019/12/08 21:00,0
2019/12/08 22:00,0
2019/12/08 23:00,0
2019/12/09 00:00,0
2019/12/09 01:00,0
2019/12/09 02:00,0
2019/12/09 03:00,0
2019/12/09 04:00,0
2019/12/09 05:00,1.505
2019/12/09 06:00,3.01
2019/12/09 07:00,7.160757174
2019/12/09 08:00,25.44240363
2019/12/09 09:00,35.13395453
2019/12/09 10:00,29.77595984
2019/12/09 11:00,24.44399042
2019/12/09 12:00,8.813901257
2019/12/09 13:00,11.2800397
2019/12/09 14:00,27.6050299
2019/12/09 15:00,23.18463927
2019/12/09 16:00,19.13142477
2019/12/09 17:00,26.62468055
2019/12/09 18:00,18.95931658
2019/12/09 19:00,8.469466733
2019/12/09 20:00,8.166582118
2019/12/09 21:00,5.122853519
2019/12/09 22:00,0
2019/12/09 23:00,0
2019/12/10 00:00,0
2019/12/10 01:00,0
2019/12/10 02:00,0
2019/12/10 03:00,0
2019/12/10 04:00,0
2019/12/10 05:00,0
2019/12/10 06:00,3.342735849
2019/12/10 07:00,14.29527945
2019/12/10 08:00,19.29118176
2019/12/10 09:00,30.05269994
2019/12/10 10:00,31.27689171
2019/12/10 11:00,29.14587957
2019/12/10 12:00,17.09443201
2019/12/10 13:00,21.57301609
2019/12/10 14:00,23.66451914
2019/12/10 15:00,16.16207432
2019/12/10 16:00,14.43004732
2019/12/10 17:00,17.26676248
2019/12/10 18:00,15.78323932
2019/12/10 19:00,13.1350979
2019/12/10 20:00,10.3653007
2019/12/10 21:00,4.440387879
2019/12/10 22:00,4.245454545
2019/12/10 23:00,5.805833333
2019/12/11 00:00,3.669166667
2019/12/11 01:00,0
2019/12/11 02:00,0
2019/12/11 03:00,0
2019/12/11 04:00,0
2019/12/11 05:00,5.202437211
2019/12/11 06:00,10.56639392
2019/12/11 07:00,13.91084297
2019/12/11 08:00,30.18116728
2019/12/11 09:00,42.62562645
2019/12/11 10:00,31.52714185
2019/12/11 11:00,27.07649728
2019/12/11 12:00,42.00594424
2019/12/11 13:00,43.85422197
2019/12/11 14:00,34.82644645
2019/12/11 15:00,14.44704544
2019/12/11 16:00,9.10165722
2019/12/11 17:00,6.963558221
2019/12/11 18:00,12.05334519
2019/12/11 19:00,19.71321476
2019/12/11 20:00,14.07690062
2019/12/11 21:00,5.396970687
2019/12/11 22:00,6.132352941
2019/12/11 23:00,4.088235294
2019/12/12 00:00,0
2019/12/12 01:00,0
2019/12/12 02:00,0
2019/12/12 03:00,0
2019/12/12 04:00,0
2019/12/12 05:00,0
2019/12/12 06:00,1.408368932
2019/12/12 07:00,6.62837338
2019/12/12 08:00,10.70422163
2019/12/12 09:00,17.24491091
2019/12/12 10:00,15.73464421
2019/12/12 11:00,23.34557827
2019/12/12 12:00,29.33623479
2019/12/12 13:00,19.63104688
2019/12/12 14:00,31.70872061
2019/12/12 15:00,27.96292694
2019/12/12 16:00,23.86289339
2019/12/12 17:00,25.26120941
2019/12/12 18:00,38.2323218
2019/12/12 19:00,22.18817131
2019/12/12 20:00,3.651806132
2019/12/12 21:00,3.228571429
2019/12/12 22:00,1.13
2019/12/12 23:00,0
2019/12/13 00:00,0
2019/12/13 01:00,0
2019/12/13 02:00,0
2019/12/13 03:00,0
2019/12/13 04:00,0
2019/12/13 05:00,0
2019/12/13 06:00,0
2019/12/13 07:00,0
2019/12/13 08:00,23.73775903
2019/12/13 09:00,31.89633106
2019/12/13 10:00,32.21743065
2019/12/13 11:00,34.74741743
2019/12/13 12:00,36.05610155
2019/12/13 13:00,41.43059347
2019/12/13 14:00,30.21557771
2019/12/13 15:00,18.71221527
2019/12/13 16:00,13.42473264
2019/12/13 17:00,26.72199024
2019/12/13 18:00,39.12044557
2019/12/13 19:00,36.37855029
2019/12/13 20:00,25.91241196
2019/12/13 21:00,15.34391077
2019/12/13 22:00,10.41191111
2019/12/13 23:00,3.051759625
2019/12/14 00:00,0.090861619
2019/12/14 01:00,0
2019/12/14 02:00,0
2019/12/14 03:00,0
2019/12/14 04:00,0
2019/12/14 05:00,0
2019/12/14 06:00,0
2019/12/14 07:00,0
2019/12/14 08:00,1.6446923
2019/12/14 09:00,13.38133043
2019/12/14 10:00,11.87810302
2019/12/14 11:00,13.68768758
2019/12/14 12:00,14.17497606
2019/12/14 13:00,26.4280513
2019/12/14 14:00,22.76721996
2019/12/14 15:00,9.209731637
2019/12/14 16:00,14.19414711
2019/12/14 17:00,37.59215132
2019/12/14 18:00,27.43996718
2019/12/14 19:00,12.90433776
2019/12/14 20:00,8.891870914
2019/12/14 21:00,0.404556962
2019/12/14 22:00,0
2019/12/14 23:00,0
2019/12/15 00:00,0
2019/12/15 01:00,0
2019/12/15 02:00,0
2019/12/15 03:00,0
2019/12/15 04:00,0
2019/12/15 05:00,0
2019/12/15 06:00,0
2019/12/15 07:00,0
2019/12/15 08:00,0.897705018
2019/12/15 09:00,5.153610771
2019/12/15 10:00,15.67542869
2019/12/15 11:00,24.08719558
2019/12/15 12:00,14.50386443
2019/12/15 13:00,12.41408523
2019/12/15 14:00,17.66242751
2019/12/15 15:00,9.409203459
2019/12/15 16:00,10.82614264
2019/12/15 17:00,14.75561878
2019/12/15 18:00,21.80150914
2019/12/15 19:00,25.65854433
2019/12/15 20:00,19.6274286
2019/12/15 21:00,9.772982075
2019/12/15 22:00,6.443283582
2019/12/15 23:00,8.823507046
2019/12/16 00:00,11.73266906
2019/12/16 01:00,11.73266906
2019/12/16 02:00,11.41050488
2019/12/16 03:00,5.289385475
2019/12/16 04:00,5.289385475
2019/12/16 05:00,5.289385475
2019/12/16 06:00,5.289385475
2019/12/16 07:00,8.407182085
2019/12/16 08:00,23.37686546
2019/12/16 09:00,34.50976128
2019/12/16 10:00,42.09041646
2019/12/16 11:00,24.89674208
2019/12/16 12:00,22.83017765
2019/12/16 13:00,21.51555186
2019/12/16 14:00,13.39637043
2019/12/16 15:00,9.181437216
2019/12/16 16:00,15.95490139
2019/12/16 17:00,9.788435585
2019/12/16 18:00,12.06212516
2019/12/16 19:00,11.98698239
2019/12/16 20:00,5.636483998
2019/12/16 21:00,0
2019/12/16 22:00,0
2019/12/16 23:00,0
2019/12/17 00:00,0
2019/12/17 01:00,0
2019/12/17 02:00,0
2019/12/17 03:00,0
2019/12/17 04:00,0
2019/12/17 05:00,0
2019/12/17 06:00,4.115289893
2019/12/17 07:00,11.18284538
2019/12/17 08:00,14.12281248
2019/12/17 09:00,30.17711548
2019/12/17 10:00,47.75654187
2019/12/17 11:00,47.74089273
2019/12/17 12:00,37.84088657
2019/12/17 13:00,35.64994381
2019/12/17 14:00,25.082057
2019/12/17 15:00,31.41453143
2019/12/17 16:00,38.99986341
2019/12/17 17:00,24.27142133
2019/12/17 18:00,16.47237197
2019/12/17 19:00,11.15461534
2019/12/17 20:00,7.875147187
2019/12/17 21:00,0
2019/12/17 22:00,0
2019/12/17 23:00,0
2019/12/18 00:00,0
2019/12/18 01:00,0
2019/12/18 02:00,0
2019/12/18 03:00,0
2019/12/18 04:00,0
2019/12/18 05:00,1.536305221
2019/12/18 06:00,6.094510925
2019/12/18 07:00,14.44532603
2019/12/18 08:00,12.78937632
2019/12/18 09:00,16.84669916
2019/12/18 10:00,21.25295655
2019/12/18 11:00,12.94388483
2019/12/18 12:00,17.67607623
2019/12/18 13:00,25.86659868
2019/12/18 14:00,22.54456501
2019/12/18 15:00,22.74677764
2019/12/18 16:00,20.16286469
2019/12/18 17:00,24.12316618
2019/12/18 18:00,27.84897531
2019/12/18 19:00,28.95935233
2019/12/18 20:00,19.67022498
2019/12/18 21:00,8.992116466
2019/12/18 22:00,5.678212291
2019/12/18 23:00,2.082011173
2019/12/19 00:00,0
2019/12/19 01:00,0
2019/12/19 02:00,0
2019/12/19 03:00,0
2019/12/19 04:00,0
2019/12/19 05:00,0
2019/12/19 06:00,0.618602151
2019/12/19 07:00,3.755630674
2019/12/19 08:00,11.44493834
2019/12/19 09:00,22.29753734
2019/12/19 10:00,27.33848555
2019/12/19 11:00,16.16637736
2019/12/19 12:00,24.93247684
2019/12/19 13:00,13.56319785
2019/12/19 14:00,24.97862633
2019/12/19 15:00,28.27021483
2019/12/19 16:00,26.56518264
2019/12/19 17:00,17.26641334
2019/12/19 18:00,27.63749945
2019/12/19 19:00,24.62849935
2019/12/19 20:00,20.14663897
2019/12/19 21:00,6.147324241
2019/12/19 22:00,2.11939314
2019/12/19 23:00,0
2019/12/20 00:00,0
2019/12/20 01:00,0
2019/12/20 02:00,0
2019/12/20 03:00,0
2019/12/20 04:00,0
2019/12/20 05:00,0
2019/12/20 06:00,0
2019/12/20 07:00,0
2019/12/20 08:00,5.75851169
2019/12/20 09:00,26.54488639
2019/12/20 10:00,31.89630992
2019/12/20 11:00,31.92482426
2019/12/20 12:00,23.07284549
2019/12/20 13:00,14.60876474
2019/12/20 14:00,5.679759141
2019/12/20 15:00,9.447574551
2019/12/20 16:00,9.757857143
2019/12/20 17:00,6.83152381
2019/12/20 18:00,2.262045455
2019/12/20 19:00,3.117954545
2019/12/20 20:00,0
2019/12/20 21:00,0
2019/12/20 22:00,0
2019/12/20 23:00,0
2019/12/21 00:00,0
2019/12/21 01:00,0
2019/12/21 02:00,0
2019/12/21 03:00,0
2019/12/21 04:00,0
2019/12/21 05:00,0
2019/12/21 06:00,2.725409836
2019/12/21 07:00,3.924590164
2019/12/21 08:00,0
2019/12/21 09:00,3.183870968
2019/12/21 10:00,16.75614402
2019/12/21 11:00,24.20962838
2019/12/21 12:00,20.37111648
2019/12/21 13:00,21.7301751
2019/12/21 14:00,15.14744846
2019/12/21 15:00,12.19521335
2019/12/21 16:00,11.32456042
2019/12/21 17:00,12.42970301
2019/12/21 18:00,16.25683586
2019/12/21 19:00,19.98520794
2019/12/21 20:00,21.06743974
2019/12/21 21:00,17.20168211
2019/12/21 22:00,4.812001192
2019/12/21 23:00,2.948972973
2019/12/22 00:00,0
2019/12/22 01:00,0
2019/12/22 02:00,0
2019/12/22 03:00,0
2019/12/22 04:00,0
2019/12/22 05:00,0
2019/12/22 06:00,0
2019/12/22 07:00,0.100628931
2019/12/22 08:00,8.44823407
2019/12/22 09:00,12.16847943
2019/12/22 10:00,17.58149856
2019/12/22 11:00,18.12408963
2019/12/22 12:00,23.99811042
2019/12/22 13:00,22.5137391
2019/12/22 14:00,18.72909014
2019/12/22 15:00,12.89978052
2019/12/22 16:00,7.397811126
2019/12/22 17:00,19.86733447
2019/12/22 18:00,28.39844122
2019/12/22 19:00,16.46332749
2019/12/22 20:00,11.53905754
2019/12/22 21:00,5.473584906
2019/12/22 22:00,2.736792453
2019/12/22 23:00,0
2019/12/23 00:00,0
2019/12/23 01:00,0
2019/12/23 02:00,0
2019/12/23 03:00,0
2019/12/23 04:00,0
2019/12/23 05:00,1.451213389
2019/12/23 06:00,3.00251046
2019/12/23 07:00,6.414697134
2019/12/23 08:00,16.54257336
2019/12/23 09:00,14.47068987
2019/12/23 10:00,6.76284319
2019/12/23 11:00,11.0583438
2019/12/23 12:00,11.98810919
2019/12/23 13:00,14.93597119
2019/12/23 14:00,13.13904406
2019/12/23 15:00,5.224652131
2019/12/23 16:00,9.578989296
2019/12/23 17:00,11.67299957
2019/12/23 18:00,14.41561943
2019/12/23 19:00,11.97854393
2019/12/23 20:00,0.9832
2019/12/23 21:00,0
2019/12/23 22:00,0
2019/12/23 23:00,0
2019/12/24 00:00,0
2019/12/24 01:00,0
2019/12/24 02:00,0
2019/12/24 03:00,0
2019/12/24 04:00,0
2019/12/24 05:00,0
2019/12/24 06:00,0
2019/12/24 07:00,0
2019/12/24 08:00,3.5712
2019/12/24 09:00,3.968
2019/12/24 10:00,3.428380645
2019/12/24 11:00,6.285483871
2019/12/24 12:00,5.656935484
2019/12/24 13:00,0
2019/12/24 14:00,7.115464238
2019/12/24 15:00,12.00289193
2019/12/24 16:00,3.961643836
2019/12/24 17:00,1.997638889
2019/12/24 18:00,5.572361111
2019/12/24 19:00,0
2019/12/24 20:00,3.895353846
2019/12/24 21:00,8.936499525
2019/12/24 22:00,8.148640456
2019/12/24 23:00,3.148148148
2019/12/25 00:00,1.941358025
2019/12/25 01:00,0
2019/12/25 02:00,0
2019/12/25 03:00,0
2019/12/25 04:00,0
2019/12/25 05:00,0
2019/12/25 06:00,0
2019/12/25 07:00,1.60516129
2019/12/25 08:00,6.019354839
2019/12/25 09:00,11.00667191
2019/12/25 10:00,8.548811959
2019/12/25 11:00,8.615565574
2019/12/25 12:00,7.858934426
2019/12/25 13:00,3.684547619
2019/12/25 14:00,0.980952381
2019/12/25 15:00,0
2019/12/25 16:00,0
2019/12/25 17:00,0
2019/12/25 18:00,0
2019/12/25 19:00,0
2019/12/25 20:00,0
2019/12/25 21:00,0
2019/12/25 22:00,0
2019/12/25 23:00,0
2019/12/26 00:00,0
2019/12/26 01:00,0
2019/12/26 02:00,0
2019/12/26 03:00,0
2019/12/26 04:00,0
2019/12/26 05:00,0
2019/12/26 06:00,0
2019/12/26 07:00,0
2019/12/26 08:00,1.76
2019/12/26 09:00,6.6
2019/12/26 10:00,6.764117647
2019/12/26 11:00,14.77458256
2019/12/26 12:00,25.50813931
2019/12/26 13:00,24.39779137
2019/12/26 14:00,22.59942308
2019/12/26 15:00,20.10651116
2019/12/26 16:00,8.281972154
2019/12/26 17:00,14.64817557
2019/12/26 18:00,14.30995382
2019/12/26 19:00,14.96072527
2019/12/26 20:00,12.25394272
2019/12/26 21:00,3.234665335
2019/12/26 22:00,0
2019/12/26 23:00,0
2019/12/27 00:00,0
2019/12/27 01:00,0
2019/12/27 02:00,0
2019/12/27 03:00,0
2019/12/27 04:00,0
2019/12/27 05:00,2.979298246
2019/12/27 06:00,6.384210526
2019/12/27 07:00,2.766491228
2019/12/27 08:00,3.088
2019/12/27 09:00,2.702
2019/12/27 10:00,1.418493441
2019/12/27 11:00,12.75615866
2019/12/27 12:00,16.03184312
2019/12/27 13:00,8.311773079
2019/12/27 14:00,10.0815443
2019/12/27 15:00,9.694217536
2019/12/27 16:00,6.291825174
2019/12/27 17:00,12.51357073
2019/12/27 18:00,10.26528749
2019/12/27 19:00,10.5426661
2019/12/27 20:00,7.666978633
2019/12/27 21:00,7.666978633
2019/12/27 22:00,12.7261526
2019/12/27 23:00,5.83126771
2019/12/28 00:00,0.901035673
2019/12/28 01:00,0.180207135
2019/12/28 02:00,0
2019/12/28 03:00,0
2019/12/28 04:00,0
2019/12/28 05:00,0
2019/12/28 06:00,0
2019/12/28 07:00,0
2019/12/28 08:00,0
2019/12/28 09:00,0
2019/12/28 10:00,0
2019/12/28 11:00,0
2019/12/28 12:00,1.89
2019/12/28 13:00,3.910344828
2019/12/28 14:00,7.783580122
2019/12/28 15:00,7.910502295
2019/12/28 16:00,4.062717741
2019/12/28 17:00,8.059494412
2019/12/28 18:00,24.83321018
2019/12/28 19:00,14.8668214
2019/12/28 20:00,8.551348959
2019/12/28 21:00,3.818758307
2019/12/28 22:00,2.173221757
2019/12/28 23:00,0
2019/12/29 00:00,0
2019/12/29 01:00,0
2019/12/29 02:00,0
2019/12/29 03:00,0
2019/12/29 04:00,0
2019/12/29 05:00,0
2019/12/29 06:00,0
2019/12/29 07:00,0
2019/12/29 08:00,1.982758621
2019/12/29 09:00,7.898597433
2019/12/29 10:00,14.78504822
2019/12/29 11:00,20.45603637
2019/12/29 12:00,17.94384288
2019/12/29 13:00,15.79670393
2019/12/29 14:00,3.509963372
2019/12/29 15:00,5.109680759
2019/12/29 16:00,7.55602698
2019/12/29 17:00,27.2453807
2019/12/29 18:00,23.86790879
2019/12/29 19:00,19.8314918
2019/12/29 20:00,17.51337565
2019/12/29 21:00,2.423184506
2019/12/29 22:00,0
2019/12/29 23:00,0
2019/12/30 00:00,0
2019/12/30 01:00,0
2019/12/30 02:00,0
2019/12/30 03:00,0
2019/12/30 04:00,0
2019/12/30 05:00,1.532285714
2019/12/30 06:00,2.965714286
2019/12/30 07:00,2.965714286
2019/12/30 08:00,14.64936571
2019/12/30 09:00,25.95376961
2019/12/30 10:00,21.33174598
2019/12/30 11:00,17.34327926
2019/12/30 12:00,22.37740786
2019/12/30 13:00,13.23865864
2019/12/30 14:00,8.070194341
2019/12/30 15:00,9.218085901
2019/12/30 16:00,11.88936561
2019/12/30 17:00,18.06416549
2019/12/30 18:00,7.212012007
2019/12/30 19:00,0
2019/12/30 20:00,1.785106383
2019/12/30 21:00,4.284255319
2019/12/30 22:00,4.284255319
2019/12/30 23:00,4.284255319
2019/12/31 00:00,2.14212766
2019/12/31 01:00,0
2019/12/31 02:00,0
2019/12/31 03:00,0
2019/12/31 04:00,0
2019/12/31 05:00,0
2019/12/31 06:00,0
2019/12/31 07:00,0.32248062
2019/12/31 08:00,8.849295149
2019/12/31 09:00,14.91651984
2019/12/31 10:00,10.30798821
2019/12/31 11:00,12.03672042
2019/12/31 12:00,15.11266124
2019/12/31 13:00,14.75676816
2019/12/31 14:00,16.21765294
2019/12/31 15:00,15.61442352
2019/12/31 16:00,10.58810606
2019/12/31 17:00,5.025619133
2019/12/31 18:00,5.973529412
2019/12/31 19:00,1.192740789
2019/12/31 20:00,7.663736264
2019/12/31 21:00,2.641758242
2019/12/31 22:00,0
2019/12/31 23:00,0
2020/01/01 00:00,0
2020/01/01 01:00,0
2020/01/01 02:00,0
2020/01/01 03:00,0
2020/01/01 04:00,0
2020/01/01 05:00,0
2020/01/01 06:00,0
2020/01/01 07:00,0
2020/01/01 08:00,0
2020/01/01 09:00,7.368030545
2020/01/01 10:00,10.93291372
2020/01/01 11:00,16.17329785
2020/01/01 12:00,16.53224227
2020/01/01 13:00,22.71214259
2020/01/01 14:00,22.4971412
2020/01/01 15:00,9.14243439
2020/01/01 16:00,9.287181462
2020/01/01 17:00,3.374615979
2020/01/01 18:00,0
2020/01/01 19:00,0
2020/01/01 20:00,0
2020/01/01 21:00,0
2020/01/01 22:00,0
2020/01/01 23:00,0
2020/01/02 00:00,0
2020/01/02 01:00,0
2020/01/02 02:00,0
2020/01/02 03:00,0
2020/01/02 04:00,0
2020/01/02 05:00,0
2020/01/02 06:00,2.77915279
2020/01/02 07:00,10.00445979
2020/01/02 08:00,12.08322204
2020/01/02 09:00,25.59721315
2020/01/02 10:00,29.95814434
2020/01/02 11:00,25.5425508
2020/01/02 12:00,27.33351881
2020/01/02 13:00,25.46758874
2020/01/02 14:00,27.571767
2020/01/02 15:00,20.02740162
2020/01/02 16:00,14.79025169
2020/01/02 17:00,16.53260527
2020/01/02 18:00,18.41288453
2020/01/02 19:00,12.12409693
2020/01/02 20:00,12.05382009
2020/01/02 21:00,9.987478298
2020/01/02 22:00,1.287653631
2020/01/02 23:00,0
2020/01/03 00:00,0
2020/01/03 01:00,0
2020/01/03 02:00,0
2020/01/03 03:00,0
2020/01/03 04:00,0
2020/01/03 05:00,0
2020/01/03 06:00,0.279
2020/01/03 07:00,4.366658009
2020/01/03 08:00,14.17442857
2020/01/03 09:00,22.49974212
2020/01/03 10:00,27.11223404
2020/01/03 11:00,31.13443128
2020/01/03 12:00,39.55117753
2020/01/03 13:00,33.95558759
2020/01/03 14:00,21.57379775
2020/01/03 15:00,21.2877686
2020/01/03 16:00,18.18149681
2020/01/03 17:00,8.609091366
2020/01/03 18:00,7.036420106
2020/01/03 19:00,11.05205285
2020/01/03 20:00,9.219757322
2020/01/03 21:00,4.098848675
2020/01/03 22:00,3.004699739
2020/01/03 23:00,3.004699739
2020/01/04 00:00,2.815983975
2020/01/04 01:00,4.44291498
2020/01/04 02:00,4.44291498
2020/01/04 03:00,4.44291498
2020/01/04 04:00,2.295506073
2020/01/04 05:00,0
2020/01/04 06:00,0
2020/01/04 07:00,0
2020/01/04 08:00,0
2020/01/04 09:00,2.454857143
2020/01/04 10:00,9.064265983
2020/01/04 11:00,16.12985692
2020/01/04 12:00,29.84279023
2020/01/04 13:00,30.11064372
2020/01/04 14:00,15.4056342
2020/01/04 15:00,12.88193433
2020/01/04 16:00,8.079050329
2020/01/04 17:00,7.820689993
2020/01/04 18:00,12.28362727
2020/01/04 19:00,6.905407651
2020/01/04 20:00,6.09689441
2020/01/04 21:00,6.09689441
2020/01/04 22:00,1.727453416
2020/01/04 23:00,0
2020/01/05 00:00,0
2020/01/05 01:00,0
2020/01/05 02:00,0
2020/01/05 03:00,0
2020/01/05 04:00,0
2020/01/05 05:00,0
2020/01/05 06:00,0
2020/01/05 07:00,0.483037975
2020/01/05 08:00,6.430650017
2020/01/05 09:00,7.902942076
2020/01/05 10:00,6.120557432
2020/01/05 11:00,6.456306818
2020/01/05 12:00,8.867545677
2020/01/05 13:00,10.95240263
2020/01/05 14:00,14.89932713
2020/01/05 15:00,14.07331748
2020/01/05 16:00,7.903358779
2020/01/05 17:00,15.05266175
2020/01/05 18:00,13.8853615
2020/01/05 19:00,11.67650388
2020/01/05 20:00,2.338139535
2020/01/05 21:00,0
2020/01/05 22:00,0
2020/01/05 23:00,0
2020/01/06 00:00,0
2020/01/06 01:00,0
2020/01/06 02:00,0
2020/01/06 03:00,0
2020/01/06 04:00,0
2020/01/06 05:00,1.407148936
2020/01/06 06:00,7.74674772
2020/01/06 07:00,11.90475195
2020/01/06 08:00,18.07484298
2020/01/06 09:00,26.68805993
2020/01/06 10:00,32.01519429
2020/01/06 11:00,22.3607299
2020/01/06 12:00,23.20803403
2020/01/06 13:00,21.44696423
2020/01/06 14:00,7.909564462
2020/01/06 15:00,8.668814281
2020/01/06 16:00,9.906641852
2020/01/06 17:00,17.51354668
2020/01/06 18:00,17.5545842
2020/01/06 19:00,13.5866797
2020/01/06 20:00,12.62513137
2020/01/06 21:00,1.746186667
2020/01/06 22:00,0
2020/01/06 23:00,0
2020/01/07 00:00,0
2020/01/07 01:00,0
2020/01/07 02:00,0
2020/01/07 03:00,0
2020/01/07 04:00,0
2020/01/07 05:00,0
2020/01/07 06:00,0
2020/01/07 07:00,8.814304916
2020/01/07 08:00,17.1862173
2020/01/07 09:00,17.70727929
2020/01/07 10:00,23.00917462
2020/01/07 11:00,15.93660784
2020/01/07 12:00,8.837205727
2020/01/07 13:00,11.58144264
2020/01/07 14:00,16.77606594
2020/01/07 15:00,10.39667822
2020/01/07 16:00,12.38984701
2020/01/07 17:00,14.41930343
2020/01/07 18:00,18.13897444
2020/01/07 19:00,18.12383145
2020/01/07 20:00,11.32680862
2020/01/07 21:00,8.906808621
2020/01/07 22:00,8.906808621
2020/01/07 23:00,7.634858413
2020/01/08 00:00,0.07778291
2020/01/08 01:00,0
2020/01/08 02:00,0
2020/01/08 03:00,0
2020/01/08 04:00,0
2020/01/08 05:00,1.451218487
2020/01/08 06:00,3.002521008
2020/01/08 07:00,9.643750414
2020/01/08 08:00,19.52208316
2020/01/08 09:00,16.97367813
2020/01/08 10:00,12.20594923
2020/01/08 11:00,11.62788394
2020/01/08 12:00,14.94696004
2020/01/08 13:00,9.358916506
2020/01/08 14:00,8.798850104
2020/01/08 15:00,11.69662777
2020/01/08 16:00,11.68486744
2020/01/08 17:00,5.856059093
2020/01/08 18:00,19.04312435
2020/01/08 19:00,22.13217348
2020/01/08 20:00,16.70948745
2020/01/08 21:00,1.696068376
2020/01/08 22:00,0
2020/01/08 23:00,0
2020/01/09 00:00,0
2020/01/09 01:00,0
2020/01/09 02:00,0
2020/01/09 03:00,0
2020/01/09 04:00,0
2020/01/09 05:00,0
2020/01/09 06:00,5.140166813
2020/01/09 07:00,15.81392776
2020/01/09 08:00,27.78242803
2020/01/09 09:00,35.29206812
2020/01/09 10:00,44.61806386
2020/01/09 11:00,37.28351346
2020/01/09 12:00,27.23877235
2020/01/09 13:00,17.57435544
2020/01/09 14:00,19.43433193
2020/01/09 15:00,17.99288071
2020/01/09 16:00,9.902913182
2020/01/09 17:00,9.54622182
2020/01/09 18:00,27.86774085
2020/01/09 19:00,39.02058713
2020/01/09 20:00,19.06348941
2020/01/09 21:00,11.69764086
2020/01/09 22:00,8.590538669
2020/01/09 23:00,4.216901408
2020/01/10 00:00,4.216901408
2020/01/10 01:00,3.865492958
2020/01/10 02:00,0
2020/01/10 03:00,0
2020/01/10 04:00,0
2020/01/10 05:00,0
2020/01/10 06:00,0
2020/01/10 07:00,1.047933884
2020/01/10 08:00,9.750597123
2020/01/10 09:00,14.74114973
2020/01/10 10:00,14.93738139
2020/01/10 11:00,21.26795988
2020/01/10 12:00,34.2531968
2020/01/10 13:00,31.22321715
2020/01/10 14:00,16.22176479
2020/01/10 15:00,20.29821974
2020/01/10 16:00,12.77308544
2020/01/10 17:00,26.78240118
2020/01/10 18:00,31.09226036
2020/01/10 19:00,24.30195032
2020/01/10 20:00,20.9001427
2020/01/10 21:00,11.55090326
2020/01/10 22:00,2.648174167
2020/01/10 23:00,0.374597156
2020/01/11 00:00,0
2020/01/11 01:00,0
2020/01/11 02:00,0
2020/01/11 03:00,0
2020/01/11 04:00,0
2020/01/11 05:00,0
2020/01/11 06:00,5.470491803
2020/01/11 07:00,6.983606557
2020/01/11 08:00,5.388482285
2020/01/11 09:00,7.520937873
2020/01/11 10:00,6.82610814
2020/01/11 11:00,17.79171849
2020/01/11 12:00,18.65402654
2020/01/11 13:00,26.09815211
2020/01/11 14:00,26.87496604
2020/01/11 15:00,19.20841774
2020/01/11 16:00,17.28145242
2020/01/11 17:00,21.01123051
2020/01/11 18:00,31.65245094
2020/01/11 19:00,31.24302481
2020/01/11 20:00,25.17839319
2020/01/11 21:00,16.34122725
2020/01/11 22:00,11.85287411
2020/01/11 23:00,6.819741305
2020/01/12 00:00,6.427346939
2020/01/12 01:00,2.678061224
2020/01/12 02:00,0
2020/01/12 03:00,0
2020/01/12 04:00,0
2020/01/12 05:00,0
2020/01/12 06:00,0
2020/01/12 07:00,2.838511628
2020/01/12 08:00,5.913175551
2020/01/12 09:00,14.52871891
2020/01/12 10:00,24.07909828
2020/01/12 11:00,21.45438655
2020/01/12 12:00,15.00034934
2020/01/12 13:00,16.47584719
2020/01/12 14:00,9.400478572
2020/01/12 15:00,4.973543551
2020/01/12 16:00,6.126027397
2020/01/12 17:00,7.001928704
2020/01/12 18:00,19.66192159
2020/01/12 19:00,13.23385888
2020/01/12 20:00,0.592153846
2020/01/12 21:00,0
2020/01/12 22:00,0
2020/01/12 23:00,0
2020/01/13 00:00,0
2020/01/13 01:00,0
2020/01/13 02:00,0
2020/01/13 03:00,0
2020/01/13 04:00,0
2020/01/13 05:00,1.576774194
2020/01/13 06:00,2.956451613
2020/01/13 07:00,6.365979033
2020/01/13 08:00,19.66638794
2020/01/13 09:00,33.00975283
2020/01/13 10:00,32.40828851
2020/01/13 11:00,29.65374202
2020/01/13 12:00,13.75383287
2020/01/13 13:00,11.78462612
2020/01/13 14:00,27.53879741
2020/01/13 15:00,21.79190711
2020/01/13 16:00,14.93360271
2020/01/13 17:00,14.95894854
2020/01/13 18:00,2.590909091
2020/01/13 19:00,5.6672
2020/01/13 20:00,9.054739726
2020/01/13 21:00,1.748060274
2020/01/13 22:00,0
2020/01/13 23:00,0
2020/01/14 00:00,0
2020/01/14 01:00,0
2020/01/14 02:00,0
2020/01/14 03:00,0
2020/01/14 04:00,0
2020/01/14 05:00,0
2020/01/14 06:00,6.547036419
2020/01/14 07:00,13.78506115
2020/01/14 08:00,18.01591796
2020/01/14 09:00,23.9490159
2020/01/14 10:00,22.24175697
2020/01/14 11:00,31.54399507
2020/01/14 12:00,30.81598479
2020/01/14 13:00,36.99829307
2020/01/14 14:00,26.72827442
2020/01/14 15:00,25.67153076
2020/01/14 16:00,25.48699238
2020/01/14 17:00,31.29315689
2020/01/14 18:00,41.25611235
2020/01/14 19:00,23.0915212
2020/01/14 20:00,9.171638397
2020/01/14 21:00,1.82578125
2020/01/14 22:00,0
2020/01/14 23:00,0
2020/01/15 00:00,0
2020/01/15 01:00,0
2020/01/15 02:00,0
2020/01/15 03:00,0
2020/01/15 04:00,0
2020/01/15 05:00,1.444129555
2020/01/15 06:00,2.987854251
2020/01/15 07:00,6.562663411
2020/01/15 08:00,9.116098526
2020/01/15 09:00,5.569254257
2020/01/15 10:00,2.466933333
2020/01/15 11:00,6.481839776
2020/01/15 12:00,6.269621849
2020/01/15 13:00,8.196788937
2020/01/15 14:00,20.55525048
2020/01/15 15:00,6.922951469
2020/01/15 16:00,9.819870424
2020/01/15 17:00,4.386743728
2020/01/15 18:00,7.723579625
2020/01/15 19:00,13.32206628
2020/01/15 20:00,10.4465228
2020/01/15 21:00,1.061940881
2020/01/15 22:00,0
2020/01/15 23:00,3.131945701
2020/01/16 00:00,4.474208145
2020/01/16 01:00,4.474208145
2020/01/16 02:00,4.399638009
2020/01/16 03:00,0
2020/01/16 04:00,0
2020/01/16 05:00,0
2020/01/16 06:00,1.487882883
2020/01/16 07:00,7.848232702
2020/01/16 08:00,10.20476466
2020/01/16 09:00,14.71011666
2020/01/16 10:00,24.81662845
2020/01/16 11:00,30.56857029
2020/01/16 12:00,21.65621586
2020/01/16 13:00,22.66405403
2020/01/16 14:00,14.18558965
2020/01/16 15:00,9.696634718
2020/01/16 16:00,7.647595819
2020/01/16 17:00,9.783398004
2020/01/16 18:00,29.42473844
2020/01/16 19:00,33.53854768
2020/01/16 20:00,21.37667612
2020/01/16 21:00,14.80485544
2020/01/16 22:00,4.62633916
2020/01/16 23:00,2.915144766
2020/01/17 00:00,2.915144766
2020/01/17 01:00,2.915144766
2020/01/17 02:00,2.915144766
2020/01/17 03:00,2.915144766
2020/01/17 04:00,2.915144766
2020/01/17 05:00,2.915144766
2020/01/17 06:00,2.915144766
2020/01/17 07:00,2.915144766
2020/01/17 08:00,8.273273653
2020/01/17 09:00,9.878841332
2020/01/17 10:00,17.95896432
2020/01/17 11:00,23.8712996
2020/01/17 12:00,26.64705428
2020/01/17 13:00,30.48096059
2020/01/17 14:00,13.23322366
2020/01/17 15:00,13.15950793
2020/01/17 16:00,9.773913229
2020/01/17 17:00,19.65460538
2020/01/17 18:00,12.11796627
2020/01/17 19:00,13.4192749
2020/01/17 20:00,15.0167801
2020/01/17 21:00,4.239597178
2020/01/17 22:00,1.266507747
2020/01/17 23:00,1.266507747
2020/01/18 00:00,1.266507747
2020/01/18 01:00,1.266507747
2020/01/18 02:00,1.266507747
2020/01/18 03:00,1.03431466
2020/01/18 04:00,0
2020/01/18 05:00,0
2020/01/18 06:00,0
2020/01/18 07:00,1.838863636
2020/01/18 08:00,9.285237762
2020/01/18 09:00,11.83226399
2020/01/18 10:00,12.12863462
2020/01/18 11:00,6.980215054
2020/01/18 12:00,19.02617382
2020/01/18 13:00,22.03515564
2020/01/18 14:00,22.40031303
2020/01/18 15:00,15.17208947
2020/01/18 16:00,8.825758858
2020/01/18 17:00,8.041934329
2020/01/18 18:00,18.50352862
2020/01/18 19:00,22.656905
2020/01/18 20:00,8.351119436
2020/01/18 21:00,3.415966387
2020/01/18 22:00,2.675840336
2020/01/18 23:00,0
2020/01/19 00:00,1.183333333
2020/01/19 01:00,2.366666667
2020/01/19 02:00,0
2020/01/19 03:00,0
2020/01/19 04:00,0
2020/01/19 05:00,0
2020/01/19 06:00,3.720943396
2020/01/19 07:00,3.582806604
2020/01/19 08:00,6.05625
2020/01/19 09:00,0.108923077
2020/01/19 10:00,6.535384615
2020/01/19 11:00,1.592867449
2020/01/19 12:00,10.7827282
2020/01/19 13:00,31.95977755
2020/01/19 14:00,20.35742138
2020/01/19 15:00,18.39389499
2020/01/19 16:00,11.04043228
2020/01/19 17:00,12.34546712
2020/01/19 18:00,23.5829721
2020/01/19 19:00,21.64951459
2020/01/19 20:00,5.615006894
2020/01/19 21:00,0
2020/01/19 22:00,0
2020/01/19 23:00,0
2020/01/20 00:00,0
2020/01/20 01:00,0
2020/01/20 02:00,0
2020/01/20 03:00,0
2020/01/20 04:00,0
2020/01/20 05:00,1.42796
2020/01/20 06:00,2.9544
2020/01/20 07:00,4.065309091
2020/01/20 08:00,5.984152066
2020/01/20 09:00,3.988178843
2020/01/20 10:00,3.883534651
2020/01/20 11:00,10.91179203
2020/01/20 12:00,19.83343636
2020/01/20 13:00,17.07883839
2020/01/20 14:00,13.60829896
2020/01/20 15:00,3.912643678
2020/01/20 16:00,11.58689084
2020/01/20 17:00,17.2196788
2020/01/20 18:00,19.19663847
2020/01/20 19:00,20.64151813
2020/01/20 20:00,8.029866947
2020/01/20 21:00,0.511764706
2020/01/20 22:00,0
2020/01/20 23:00,0
2020/01/21 00:00,0
2020/01/21 01:00,0
2020/01/21 02:00,0
2020/01/21 03:00,0
2020/01/21 04:00,0
2020/01/21 05:00,0
2020/01/21 06:00,2.843106383
2020/01/21 07:00,11.34088829
2020/01/21 08:00,17.66541724
2020/01/21 09:00,22.3671468
2020/01/21 10:00,16.3224497
2020/01/21 11:00,20.80451025
2020/01/21 12:00,21.14743229
2020/01/21 13:00,16.3582913
2020/01/21 14:00,19.54989871
2020/01/21 15:00,10.63829903
2020/01/21 16:00,7.80139821
2020/01/21 17:00,16.02408563
2020/01/21 18:00,22.16322262
2020/01/21 19:00,14.8959004
2020/01/21 20:00,8.294381715
2020/01/21 21:00,1.702039171
2020/01/21 22:00,4.628225806
2020/01/21 23:00,4.628225806
2020/01/22 00:00,4.628225806
2020/01/22 01:00,3.856854839
2020/01/22 02:00,0
2020/01/22 03:00,0
2020/01/22 04:00,0
2020/01/22 05:00,1.412887029
2020/01/22 06:00,3.027615063
2020/01/22 07:00,4.104856442
2020/01/22 08:00,22.08758034
2020/01/22 09:00,28.63287613
2020/01/22 10:00,19.21781327
2020/01/22 11:00,21.26525992
2020/01/22 12:00,19.28405189
2020/01/22 13:00,30.36557616
2020/01/22 14:00,26.78171853
2020/01/22 15:00,36.60982496
2020/01/22 16:00,37.12622158
2020/01/22 17:00,16.85434254
2020/01/22 18:00,20.51672555
2020/01/22 19:00,14.9750686
2020/01/22 20:00,4.335671642
2020/01/22 21:00,0.382666667
2020/01/22 22:00,0
2020/01/22 23:00,3.007462687
2020/01/23 00:00,3.608955224
2020/01/23 01:00,3.608955224
2020/01/23 02:00,1.864626866
2020/01/23 03:00,0
2020/01/23 04:00,0
2020/01/23 05:00,0
2020/01/23 06:00,0
2020/01/23 07:00,5.898143492
2020/01/23 08:00,17.47717622
2020/01/23 09:00,34.77280952
2020/01/23 10:00,39.82491955
2020/01/23 11:00,25.37385932
2020/01/23 12:00,19.69137204
2020/01/23 13:00,23.55423475
2020/01/23 14:00,31.64604744
2020/01/23 15:00,22.75076093
2020/01/23 16:00,7.984414363
2020/01/23 17:00,12.48071642
2020/01/23 18:00,29.93606405
2020/01/23 19:00,29.04707907
2020/01/23 20:00,15.85139416
2020/01/23 21:00,12.07984316
2020/01/23 22:00,12.07984316
2020/01/23 23:00,8.144135841
2020/01/24 00:00,4.133547753
2020/01/24 01:00,2.927710843
2020/01/24 02:00,2.927710843
2020/01/24 03:00,2.927710843
2020/01/24 04:00,0.975903614
2020/01/24 05:00,0
2020/01/24 06:00,0
2020/01/24 07:00,0.872307692
2020/01/24 08:00,6.205394403
2020/01/24 09:00,24.18437073
2020/01/24 10:00,26.84831382
2020/01/24 11:00,23.21017698
2020/01/24 12:00,10.85235433
2020/01/24 13:00,6.714170924
2020/01/24 14:00,18.75067521
2020/01/24 15:00,16.50108205
2020/01/24 16:00,3.158426573
2020/01/24 17:00,11.15605582
2020/01/24 18:00,17.83850119
2020/01/24 19:00,18.28598757
2020/01/24 20:00,17.4037137
2020/01/24 21:00,11.81954538
2020/01/24 22:00,6.260416667
2020/01/24 23:00,2.608506944
2020/01/25 00:00,0
2020/01/25 01:00,0
2020/01/25 02:00,0
2020/01/25 03:00,0
2020/01/25 04:00,0
2020/01/25 05:00,0
2020/01/25 06:00,0
2020/01/25 07:00,1.115384615
2020/01/25 08:00,8.727608392
2020/01/25 09:00,13.63180272
2020/01/25 10:00,9.110383987
2020/01/25 11:00,15.10103081
2020/01/25 12:00,10.01513891
2020/01/25 13:00,12.44653911
2020/01/25 14:00,11.83921305
2020/01/25 15:00,17.55184862
2020/01/25 16:00,14.80463757
2020/01/25 17:00,19.67295359
2020/01/25 18:00,37.74946794
2020/01/25 19:00,15.05616356
2020/01/25 20:00,7.398404453
2020/01/25 21:00,6.067674419
2020/01/25 22:00,1.517727273
2020/01/25 23:00,0
2020/01/26 00:00,0
2020/01/26 01:00,0
2020/01/26 02:00,0
2020/01/26 03:00,0
2020/01/26 04:00,0
2020/01/26 05:00,0
2020/01/26 06:00,0
2020/01/26 07:00,0
2020/01/26 08:00,6.692887006
2020/01/26 09:00,15.22649605
2020/01/26 10:00,25.34973873
2020/01/26 11:00,34.8394136
2020/01/26 12:00,43.09952652
2020/01/26 13:00,16.59913809
2020/01/26 14:00,1.762874227
2020/01/26 15:00,7.404714876
2020/01/26 16:00,15.70949341
2020/01/26 17:00,25.2863256
2020/01/26 18:00,29.02819063
2020/01/26 19:00,23.02153661
2020/01/26 20:00,18.32478028
2020/01/26 21:00,9.796535001
2020/01/26 22:00,4.285949367
2020/01/26 23:00,0
2020/01/27 00:00,0
2020/01/27 01:00,0
2020/01/27 02:00,0
2020/01/27 03:00,0
2020/01/27 04:00,0
2020/01/27 05:00,1.503719008
2020/01/27 06:00,3.007438017
2020/01/27 07:00,5.579797357
2020/01/27 08:00,18.36747491
2020/01/27 09:00,28.95702018
2020/01/27 10:00,26.0221352
2020/01/27 11:00,24.08521928
2020/01/27 12:00,32.85883347
2020/01/27 13:00,31.34145722
2020/01/27 14:00,40.18405197
2020/01/27 15:00,29.74957146
2020/01/27 16:00,26.4744767
2020/01/27 17:00,30.22836964
2020/01/27 18:00,9.537689098
2020/01/27 19:00,2.922746479
2020/01/27 20:00,6.111428571
2020/01/27 21:00,0.468571429
2020/01/27 22:00,0
2020/01/27 23:00,0
2020/01/28 00:00,0
2020/01/28 01:00,0
2020/01/28 02:00,0
2020/01/28 03:00,0
2020/01/28 04:00,0
2020/01/28 05:00,0
2020/01/28 06:00,3.137948718
2020/01/28 07:00,9.347089161
2020/01/28 08:00,9.562315657
2020/01/28 09:00,16.13369134
2020/01/28 10:00,21.31302645
2020/01/28 11:00,19.67212217
2020/01/28 12:00,21.01483283
2020/01/28 13:00,24.39041653
2020/01/28 14:00,23.55370021
2020/01/28 15:00,23.09993804
2020/01/28 16:00,29.76190794
2020/01/28 17:00,39.49712019
2020/01/28 18:00,30.79973725
2020/01/28 19:00,21.71434911
2020/01/28 20:00,12.56356488
2020/01/28 21:00,8.275332068
2020/01/28 22:00,8.275332068
2020/01/28 23:00,7.203802657
2020/01/29 00:00,1.054516129
2020/01/29 01:00,0
2020/01/29 02:00,0
2020/01/29 03:00,0
2020/01/29 04:00,0
2020/01/29 05:00,1.503829787
2020/01/29 06:00,3.107503324
2020/01/29 07:00,13.43902728
2020/01/29 08:00,21.37252596
2020/01/29 09:00,11.22927581
2020/01/29 10:00,8.285536762
2020/01/29 11:00,15.27578422
2020/01/29 12:00,8.803325265
2020/01/29 13:00,17.07727838
2020/01/29 14:00,13.89273139
2020/01/29 15:00,17.67779243
2020/01/29 16:00,17.19190205
2020/01/29 17:00,13.53496644
2020/01/29 18:00,21.39051779
2020/01/29 19:00,16.06480273
2020/01/29 20:00,5.333873772
2020/01/29 21:00,0.57086994
2020/01/29 22:00,3.837209302
2020/01/29 23:00,3.837209302
2020/01/30 00:00,3.197674419
2020/01/30 01:00,0
2020/01/30 02:00,2.795764706
2020/01/30 03:00,3.225882353
2020/01/30 04:00,3.118352941
2020/01/30 05:00,0
2020/01/30 06:00,1.837305699
2020/01/30 07:00,5.802225739
2020/01/30 08:00,14.05628987
2020/01/30 09:00,27.30207047
2020/01/30 10:00,30.48294325
2020/01/30 11:00,21.97604705
2020/01/30 12:00,24.83048356
2020/01/30 13:00,20.29898546
2020/01/30 14:00,13.36938361
2020/01/30 15:00,6.601464067
2020/01/30 16:00,18.88502682
2020/01/30 17:00,14.50194331
2020/01/30 18:00,27.06363188
2020/01/30 19:00,29.57615152
2020/01/30 20:00,18.02582661
2020/01/30 21:00,12.10583142
2020/01/30 22:00,2.006542738
2020/01/30 23:00,0
2020/01/31 00:00,0
2020/01/31 01:00,0.215
2020/01/31 02:00,0.215
2020/01/31 03:00,0
2020/01/31 04:00,0
2020/01/31 05:00,0
2020/01/31 06:00,0.545142857
2020/01/31 07:00,1.574857143
2020/01/31 08:00,4.221417228
2020/01/31 09:00,8.289951197
2020/01/31 10:00,13.70084415
2020/01/31 11:00,10.6364892
2020/01/31 12:00,21.64884634
2020/01/31 13:00,14.34729187
2020/01/31 14:00,8.111198903
2020/01/31 15:00,6.557094075
2020/01/31 16:00,14.99877671
2020/01/31 17:00,22.17965185
2020/01/31 18:00,38.05688341
2020/01/31 19:00,30.48061379
2020/01/31 20:00,8.149130976
2020/01/31 21:00,0.608584475
2020/01/31 22:00,0
2020/01/31 23:00,0
2020/02/01 00:00,0
2020/02/01 01:00,0
2020/02/01 02:00,0
2020/02/01 03:00,0
2020/02/01 04:00,0
2020/02/01 05:00,0
2020/02/01 06:00,3.373027523
2020/02/01 07:00,6.528440367
2020/02/01 08:00,6.443152288
2020/02/01 09:00,16.91419676
2020/02/01 10:00,20.93416112
2020/02/01 11:00,15.78132381
2020/02/01 12:00,17.14732648
2020/02/01 13:00,27.18481623
2020/02/01 14:00,39.4986131
2020/02/01 15:00,25.20157572
2020/02/01 16:00,5.765975285
2020/02/01 17:00,11.26753109
2020/02/01 18:00,10.45273106
2020/02/01 19:00,11.14415121
2020/02/01 20:00,8.723453363
2020/02/01 21:00,7.14481984
2020/02/01 22:00,0.837313433
2020/02/01 23:00,0
2020/02/02 00:00,0
2020/02/02 01:00,0
2020/02/02 02:00,0
2020/02/02 03:00,0
2020/02/02 04:00,0
2020/02/02 05:00,1.525952381
2020/02/02 06:00,3.404047619
2020/02/02 07:00,0
2020/02/02 08:00,0.982519733
2020/02/02 09:00,7.1919207
2020/02/02 10:00,5.369237995
2020/02/02 11:00,8.633539071
2020/02/02 12:00,6.704456092
2020/02/02 13:00,12.80342192
2020/02/02 14:00,18.47566004
2020/02/02 15:00,6.918301048
2020/02/02 16:00,1.981132075
2020/02/02 17:00,1.981132075
2020/02/02 18:00,1.981132075
2020/02/02 19:00,1.468910806
2020/02/02 20:00,1.738636364
2020/02/02 21:00,0
2020/02/02 22:00,0
2020/02/02 23:00,0
2020/02/03 00:00,0
2020/02/03 01:00,0
2020/02/03 02:00,0
2020/02/03 03:00,0
2020/02/03 04:00,0
2020/02/03 05:00,0
2020/02/03 06:00,1.162191781
2020/02/03 07:00,2.877808219
2020/02/03 08:00,5.162485934
2020/02/03 09:00,12.27091537
2020/02/03 10:00,7.756864179
2020/02/03 11:00,7.891588964
2020/02/03 12:00,18.43077549
2020/02/03 13:00,22.16014349
2020/02/03 14:00,19.01446094
2020/02/03 15:00,20.06451219
2020/02/03 16:00,18.17471835
2020/02/03 17:00,10.28353511
2020/02/03 18:00,0
2020/02/03 19:00,4.524327957
2020/02/03 20:00,9.525672043
2020/02/03 21:00,0
2020/02/03 22:00,0
2020/02/03 23:00,0
2020/02/04 00:00,0
2020/02/04 01:00,0
2020/02/04 02:00,0
2020/02/04 03:00,0
2020/02/04 04:00,0
2020/02/04 05:00,0
2020/02/04 06:00,0
2020/02/04 07:00,2.312337165
2020/02/04 08:00,6.032183908
2020/02/04 09:00,11.74160698
2020/02/04 10:00,21.17861468
2020/02/04 11:00,31.68242031
2020/02/04 12:00,22.89756375
2020/02/04 13:00,12.9168127
2020/02/04 14:00,11.56472645
2020/02/04 15:00,11.56472645
2020/02/04 16:00,9.438841537
2020/02/04 17:00,12.35548723
2020/02/04 18:00,10.14898319
2020/02/04 19:00,17.24868319
2020/02/04 20:00,15.81611713
2020/02/04 21:00,10.87917118
2020/02/04 22:00,1.401724138
2020/02/04 23:00,0
2020/02/05 00:00,0
2020/02/05 01:00,0
2020/02/05 02:00,0
2020/02/05 03:00,0
2020/02/05 04:00,0
2020/02/05 05:00,0
2020/02/05 06:00,0
2020/02/05 07:00,1.663333333
2020/02/05 08:00,9.551707317
2020/02/05 09:00,7.639315617
2020/02/05 10:00,12.16711722
2020/02/05 11:00,16.36708089
2020/02/05 12:00,13.21173729
2020/02/05 13:00,16.01470591
2020/02/05 14:00,17.9333748
2020/02/05 15:00,14.31146962
2020/02/05 16:00,15.30209114
2020/02/05 17:00,17.92826135
2020/02/05 18:00,32.17129507
2020/02/05 19:00,30.42684645
2020/02/05 20:00,18.86805118
2020/02/05 21:00,14.10805726
2020/02/05 22:00,0.102222222
2020/02/05 23:00,0
2020/02/06 00:00,0
2020/02/06 01:00,0
2020/02/06 02:00,0
2020/02/06 03:00,0
2020/02/06 04:00,0
2020/02/06 05:00,0
2020/02/06 06:00,0
2020/02/06 07:00,0.785226076
2020/02/06 08:00,8.273485815
2020/02/06 09:00,19.79027175
2020/02/06 10:00,29.22512084
2020/02/06 11:00,25.30351245
2020/02/06 12:00,15.87976828
2020/02/06 13:00,17.56823529
2020/02/06 14:00,13.39154612
2020/02/06 15:00,15.46232054
2020/02/06 16:00,19.71035021
2020/02/06 17:00,14.32322903
2020/02/06 18:00,30.37944573
2020/02/06 19:00,28.62183886
2020/02/06 20:00,20.81784251
2020/02/06 21:00,6.357952592
2020/02/06 22:00,1.748407643
2020/02/06 23:00,1.748407643
2020/02/07 00:00,1.748407643
2020/02/07 01:00,0.524522293
2020/02/07 02:00,0
2020/02/07 03:00,0
2020/02/07 04:00,0
2020/02/07 05:00,0
2020/02/07 06:00,0
2020/02/07 07:00,4.583941039
2020/02/07 08:00,17.33868351
2020/02/07 09:00,13.86317601
2020/02/07 10:00,11.61004601
2020/02/07 11:00,19.86360663
2020/02/07 12:00,15.56721346
2020/02/07 13:00,8.452108108
2020/02/07 14:00,13.0911305
2020/02/07 15:00,17.47742912
2020/02/07 16:00,17.34341394
2020/02/07 17:00,24.31484656
2020/02/07 18:00,18.60757053
2020/02/07 19:00,10.00062844
2020/02/07 20:00,5.02620614
2020/02/07 21:00,0
2020/02/07 22:00,0
2020/02/07 23:00,0
2020/02/08 00:00,0
2020/02/08 01:00,0
2020/02/08 02:00,0
2020/02/08 03:00,0
2020/02/08 04:00,0
2020/02/08 05:00,0
2020/02/08 06:00,0
2020/02/08 07:00,0
2020/02/08 08:00,0
2020/02/08 09:00,4.370307692
2020/02/08 10:00,2.201230769
2020/02/08 11:00,7.08320612
2020/02/08 12:00,15.05206277
2020/02/08 13:00,19.14508452
2020/02/08 14:00,5.658454951
2020/02/08 15:00,1.899653179
2020/02/08 16:00,0
2020/02/08 17:00,4.894097938
2020/02/08 18:00,8.520793366
2020/02/08 19:00,2.514213173
2020/02/08 20:00,6.071641791
2020/02/08 21:00,5.869253731
2020/02/08 22:00,0
2020/02/08 23:00,0
2020/02/09 00:00,0
2020/02/09 01:00,0
2020/02/09 02:00,0
2020/02/09 03:00,0
2020/02/09 04:00,0
2020/02/09 05:00,0
2020/02/09 06:00,0
2020/02/09 07:00,0
2020/02/09 08:00,10.0632536
2020/02/09 09:00,13.5239163
2020/02/09 10:00,8.271926477
2020/02/09 11:00,5.613253012
2020/02/09 12:00,11.86525301
2020/02/09 13:00,3.64239759
2020/02/09 14:00,0
2020/02/09 15:00,4.53375
2020/02/09 16:00,5.658602941
2020/02/09 17:00,7.041372549
2020/02/09 18:00,4.283571807
2020/02/09 19:00,0.082702703
2020/02/09 20:00,0
2020/02/09 21:00,0
2020/02/09 22:00,0
2020/02/09 23:00,0
2020/02/10 00:00,0
2020/02/10 01:00,0
2020/02/10 02:00,0
2020/02/10 03:00,0
2020/02/10 04:00,0
2020/02/10 05:00,0
2020/02/10 06:00,0
2020/02/10 07:00,2.226117539
2020/02/10 08:00,9.030566399
2020/02/10 09:00,16.10632584
2020/02/10 10:00,32.71099813
2020/02/10 11:00,39.14156105
2020/02/10 12:00,31.99797381
2020/02/10 13:00,31.70479054
2020/02/10 14:00,21.80594557
2020/02/10 15:00,15.67967609
2020/02/10 16:00,11.52386331
2020/02/10 17:00,4.653308494
2020/02/10 18:00,0
2020/02/10 19:00,4.742727273
2020/02/10 20:00,1.917272727
2020/02/10 21:00,0
2020/02/10 22:00,0
2020/02/10 23:00,0
2020/02/11 00:00,0
2020/02/11 01:00,0
2020/02/11 02:00,0
2020/02/11 03:00,0
2020/02/11 04:00,0
2020/02/11 05:00,0
2020/02/11 06:00,0
2020/02/11 07:00,0
2020/02/11 08:00,6.456689123
2020/02/11 09:00,34.7814656
2020/02/11 10:00,36.53969248
2020/02/11 11:00,29.6516174
2020/02/11 12:00,18.89104873
2020/02/11 13:00,26.36603856
2020/02/11 14:00,31.11546933
2020/02/11 15:00,26.45387804
2020/02/11 16:00,23.05549437
2020/02/11 17:00,17.35588259
2020/02/11 18:00,11.06833308
2020/02/11 19:00,9.136585334
2020/02/11 20:00,8.312070137
2020/02/11 21:00,6.278526924
2020/02/11 22:00,4.667175573
2020/02/11 23:00,0
2020/02/12 00:00,0
2020/02/12 01:00,0
2020/02/12 02:00,0
2020/02/12 03:00,0
2020/02/12 04:00,0
2020/02/12 05:00,0
2020/02/12 06:00,0
2020/02/12 07:00,10.83095249
2020/02/12 08:00,12.96997078
2020/02/12 09:00,6.098681055
2020/02/12 10:00,5.182014388
2020/02/12 11:00,9.135234727
2020/02/12 12:00,21.08536803
2020/02/12 13:00,29.79182903
2020/02/12 14:00,24.58620869
2020/02/12 15:00,23.32043294
2020/02/12 16:00,12.83922991
2020/02/12 17:00,12.40714644
2020/02/12 18:00,8.51537225
2020/02/12 19:00,19.96037084
2020/02/12 20:00,14.08167842
2020/02/12 21:00,4.65390792
2020/02/12 22:00,3.229202037
2020/02/12 23:00,3.229202037
2020/02/13 00:00,3.229202037
2020/02/13 01:00,3.229202037
2020/02/13 02:00,1.937521222
2020/02/13 03:00,0
2020/02/13 04:00,0
2020/02/13 05:00,0
2020/02/13 06:00,0
2020/02/13 07:00,2.863846154
2020/02/13 08:00,3.068717949
2020/02/13 09:00,6.21025641
2020/02/13 10:00,17.41142483
2020/02/13 11:00,26.76940285
2020/02/13 12:00,26.91537451
2020/02/13 13:00,23.64433244
2020/02/13 14:00,14.73680621
2020/02/13 15:00,13.43255035
2020/02/13 16:00,19.45318035
2020/02/13 17:00,13.26359949
2020/02/13 18:00,20.93675147
2020/02/13 19:00,22.84525015
2020/02/13 20:00,7.744047684
2020/02/13 21:00,0
2020/02/13 22:00,0
2020/02/13 23:00,0
2020/02/14 00:00,0
2020/02/14 01:00,0
2020/02/14 02:00,0
2020/02/14 03:00,0
2020/02/14 04:00,0
2020/02/14 05:00,0
2020/02/14 06:00,0
2020/02/14 07:00,5.146046512
2020/02/14 08:00,12.43532786
2020/02/14 09:00,22.87665011
2020/02/14 10:00,21.65404018
2020/02/14 11:00,25.09944759
2020/02/14 12:00,29.41461987
2020/02/14 13:00,19.1962661
2020/02/14 14:00,8.476450697
2020/02/14 15:00,6.13381295
2020/02/14 16:00,14.50622162
2020/02/14 17:00,23.84133808
2020/02/14 18:00,15.43610671
2020/02/14 19:00,11.70618005
2020/02/14 20:00,13.85722522
2020/02/14 21:00,6.998815896
2020/02/14 22:00,1.432407407
2020/02/14 23:00,0
2020/02/15 00:00,0
2020/02/15 01:00,0
2020/02/15 02:00,0
2020/02/15 03:00,0
2020/02/15 04:00,0
2020/02/15 05:00,0
2020/02/15 06:00,0
2020/02/15 07:00,0
2020/02/15 08:00,5.597976497
2020/02/15 09:00,18.02632994
2020/02/15 10:00,5.075693561
2020/02/15 11:00,2.39042735
2020/02/15 12:00,15.33995276
2020/02/15 13:00,13.25628125
2020/02/15 14:00,9.044676408
2020/02/15 15:00,6.616756414
2020/02/15 16:00,4.823992596
2020/02/15 17:00,29.0842598
2020/02/15 18:00,33.81336613
2020/02/15 19:00,21.80918213
2020/02/15 20:00,15.46946385
2020/02/15 21:00,7.771080256
2020/02/15 22:00,6.271287129
2020/02/15 23:00,6.271287129
2020/02/16 00:00,4.807986799
2020/02/16 01:00,0
2020/02/16 02:00,0
2020/02/16 03:00,0
2020/02/16 04:00,0
2020/02/16 05:00,0
2020/02/16 06:00,0
2020/02/16 07:00,0
2020/02/16 08:00,2.366422764
2020/02/16 09:00,13.93413061
2020/02/16 10:00,11.44944663
2020/02/16 11:00,6.030540541
2020/02/16 12:00,12.84395303
2020/02/16 13:00,12.48615722
2020/02/16 14:00,10.21601588
2020/02/16 15:00,3.964102564
2020/02/16 16:00,0.399230769
2020/02/16 17:00,4.713221942
2020/02/16 18:00,22.47587294
2020/02/16 19:00,23.22705208
2020/02/16 20:00,12.19344607
2020/02/16 21:00,0.920406977
2020/02/16 22:00,0
2020/02/16 23:00,0
2020/02/17 00:00,0
2020/02/17 01:00,0
2020/02/17 02:00,0
2020/02/17 03:00,0
2020/02/17 04:00,0
2020/02/17 05:00,0
2020/02/17 06:00,0
2020/02/17 07:00,5.657254849
2020/02/17 08:00,11.41826509
2020/02/17 09:00,13.12940491
2020/02/17 10:00,9.615453665
2020/02/17 11:00,14.5587691
2020/02/17 12:00,13.91944393
2020/02/17 13:00,11.46676509
2020/02/17 14:00,8.585566449
2020/02/17 15:00,12.23024934
2020/02/17 16:00,12.8474231
2020/02/17 17:00,11.94873665
2020/02/17 18:00,9.258299807
2020/02/17 19:00,6.794269826
2020/02/17 20:00,3.117021277
2020/02/17 21:00,0
2020/02/17 22:00,0
2020/02/17 23:00,0
2020/02/18 00:00,0
2020/02/18 01:00,0
2020/02/18 02:00,0
2020/02/18 03:00,0
2020/02/18 04:00,0
2020/02/18 05:00,0
2020/02/18 06:00,0
2020/02/18 07:00,1.826275862
2020/02/18 08:00,6.532147902
2020/02/18 09:00,23.88337355
2020/02/18 10:00,23.90963949
2020/02/18 11:00,29.17698107
2020/02/18 12:00,25.811478
2020/02/18 13:00,16.90555141
2020/02/18 14:00,10.7048188
2020/02/18 15:00,14.43390461
2020/02/18 16:00,20.5668948
2020/02/18 17:00,4.848934514
2020/02/18 18:00,0
2020/02/18 19:00,2.609263496
2020/02/18 20:00,7.769507602
2020/02/18 21:00,6.532124425
2020/02/18 22:00,5.913432836
2020/02/18 23:00,0.295671642
2020/02/19 00:00,0
2020/02/19 01:00,0
2020/02/19 02:00,0
2020/02/19 03:00,0
2020/02/19 04:00,0
2020/02/19 05:00,0
2020/02/19 06:00,0
2020/02/19 07:00,12.66717595
2020/02/19 08:00,20.16958638
2020/02/19 09:00,38.66876923
2020/02/19 10:00,37.81069407
2020/02/19 11:00,38.07925516
2020/02/19 12:00,37.90882001
2020/02/19 13:00,21.31358661
2020/02/19 14:00,21.86701601
2020/02/19 15:00,26.13907136
2020/02/19 16:00,35.50681059
2020/02/19 17:00,29.17396255
2020/02/19 18:00,18.49086422
2020/02/19 19:00,25.08603377
2020/02/19 20:00,23.86767182
2020/02/19 21:00,7.86011623
2020/02/19 22:00,0.170566038
2020/02/19 23:00,0
2020/02/20 00:00,0
2020/02/20 01:00,0
2020/02/20 02:00,0
2020/02/20 03:00,0
2020/02/20 04:00,0
2020/02/20 05:00,0
2020/02/20 06:00,1.985901639
2020/02/20 07:00,3.309836066
2020/02/20 08:00,2.852816512
2020/02/20 09:00,10.47164678
2020/02/20 10:00,22.05239489
2020/02/20 11:00,25.41031564
2020/02/20 12:00,18.61714432
2020/02/20 13:00,22.66542762
2020/02/20 14:00,18.4016307
2020/02/20 15:00,11.9403039
2020/02/20 16:00,6.106962113
2020/02/20 17:00,6.323473829
2020/02/20 18:00,7.760997857
2020/02/20 19:00,12.91077778
2020/02/20 20:00,10.52182492
2020/02/20 21:00,0.798545455
2020/02/20 22:00,0
2020/02/20 23:00,0
2020/02/21 00:00,0
2020/02/21 01:00,0
2020/02/21 02:00,0
2020/02/21 03:00,0
2020/02/21 04:00,0
2020/02/21 05:00,0
2020/02/21 06:00,0
2020/02/21 07:00,0.574745208
2020/02/21 08:00,17.69487202
2020/02/21 09:00,20.6181562
2020/02/21 10:00,16.28826141
2020/02/21 11:00,21.22712024
2020/02/21 12:00,30.18385865
2020/02/21 13:00,9.402986278
2020/02/21 14:00,5.686840968
2020/02/21 15:00,11.13054278
2020/02/21 16:00,7.352616249
2020/02/21 17:00,5.855669192
2020/02/21 18:00,13.46109848
2020/02/21 19:00,6.121232323
2020/02/21 20:00,3.887
2020/02/21 21:00,5.083
2020/02/21 22:00,0
2020/02/21 23:00,0
2020/02/22 00:00,0
2020/02/22 01:00,0
2020/02/22 02:00,0
2020/02/22 03:00,0
2020/02/22 04:00,0
2020/02/22 05:00,0
2020/02/22 06:00,0
2020/02/22 07:00,0
2020/02/22 08:00,2.837637363
2020/02/22 09:00,6.492574093
2020/02/22 10:00,9.897281885
2020/02/22 11:00,9.719110434
2020/02/22 12:00,12.22409719
2020/02/22 13:00,15.90584735
2020/02/22 14:00,8.354350812
2020/02/22 15:00,10.61317436
2020/02/22 16:00,9.626562707
2020/02/22 17:00,14.58039943
2020/02/22 18:00,9.480461383
2020/02/22 19:00,10.44730539
2020/02/22 20:00,11.81065706
2020/02/22 21:00,0.2
2020/02/22 22:00,0
2020/02/22 23:00,0
2020/02/23 00:00,0
2020/02/23 01:00,0
2020/02/23 02:00,0
2020/02/23 03:00,0
2020/02/23 04:00,0
2020/02/23 05:00,0
2020/02/23 06:00,0
2020/02/23 07:00,0
2020/02/23 08:00,5.426543252
2020/02/23 09:00,11.63810498
2020/02/23 10:00,7.105379457
2020/02/23 11:00,8.159842064
2020/02/23 12:00,12.49978189
2020/02/23 13:00,15.55730815
2020/02/23 14:00,10.24304021
2020/02/23 15:00,3.960243099
2020/02/23 16:00,24.87491335
2020/02/23 17:00,9.390298094
2020/02/23 18:00,3.834545455
2020/02/23 19:00,4.256179775
2020/02/23 20:00,6.384269663
2020/02/23 21:00,6.384269663
2020/02/23 22:00,1.915280899
2020/02/23 23:00,0
2020/02/24 00:00,0
2020/02/24 01:00,0
2020/02/24 02:00,0
2020/02/24 03:00,0
2020/02/24 04:00,0
2020/02/24 05:00,0
2020/02/24 06:00,0
2020/02/24 07:00,2.868450704
2020/02/24 08:00,6.01278208
2020/02/24 09:00,8.719964171
2020/02/24 10:00,7.100342346
2020/02/24 11:00,8.909300181
2020/02/24 12:00,19.79406734
2020/02/24 13:00,21.17450069
2020/02/24 14:00,28.1479823
2020/02/24 15:00,24.84854729
2020/02/24 16:00,22.87298818
2020/02/24 17:00,8.766106378
2020/02/24 18:00,13.82395666
2020/02/24 19:00,18.68059168
2020/02/24 20:00,8.359275839
2020/02/24 21:00,0
2020/02/24 22:00,0
2020/02/24 23:00,0
2020/02/25 00:00,0
2020/02/25 01:00,0
2020/02/25 02:00,0
2020/02/25 03:00,0
2020/02/25 04:00,0
2020/02/25 05:00,0
2020/02/25 06:00,1.4404
2020/02/25 07:00,3.324
2020/02/25 08:00,8.617410909
2020/02/25 09:00,24.28761415
2020/02/25 10:00,23.11444828
2020/02/25 11:00,23.06161253
2020/02/25 12:00,18.09113378
2020/02/25 13:00,20.58244196
2020/02/25 14:00,15.86955269
2020/02/25 15:00,24.33567321
2020/02/25 16:00,27.46739351
2020/02/25 17:00,25.9710009
2020/02/25 18:00,24.32290901
2020/02/25 19:00,17.17190816
2020/02/25 20:00,15.82130142
2020/02/25 21:00,3.695220834
2020/02/25 22:00,2.276548673
2020/02/25 23:00,0.53119469
2020/02/26 00:00,0
2020/02/26 01:00,0
2020/02/26 02:00,0
2020/02/26 03:00,0
2020/02/26 04:00,0
2020/02/26 05:00,0
2020/02/26 06:00,0
2020/02/26 07:00,0.683148148
2020/02/26 08:00,10.45786833
2020/02/26 09:00,12.17174658
2020/02/26 10:00,19.03987391
2020/02/26 11:00,17.97403096
2020/02/26 12:00,20.751951
2020/02/26 13:00,23.29619994
2020/02/26 14:00,11.86997853
2020/02/26 15:00,16.854334
2020/02/26 16:00,17.17551733
2020/02/26 17:00,19.89070504
2020/02/26 18:00,10.03214
2020/02/26 19:00,3.541270655
2020/02/26 20:00,6.903887478
2020/02/26 21:00,3.253046356
2020/02/26 22:00,1.139401496
2020/02/26 23:00,1.139401496
2020/02/27 00:00,1.139401496
2020/02/27 01:00,1.139401496
2020/02/27 02:00,1.139401496
2020/02/27 03:00,1.139401496
2020/02/27 04:00,1.139401496
2020/02/27 05:00,0.968491272
2020/02/27 06:00,1.330434783
2020/02/27 07:00,6.103647393
2020/02/27 08:00,9.957746185
2020/02/27 09:00,7.76017164
2020/02/27 10:00,6.795
2020/02/27 11:00,9.839216507
2020/02/27 12:00,21.34753304
2020/02/27 13:00,23.7085796
2020/02/27 14:00,24.51682058
2020/02/27 15:00,22.61145104
2020/02/27 16:00,16.27939923
2020/02/27 17:00,20.93365317
2020/02/27 18:00,15.31850285
2020/02/27 19:00,11.76916392
2020/02/27 20:00,5.591122449
2020/02/27 21:00,0
2020/02/27 22:00,0
2020/02/27 23:00,0
2020/02/28 00:00,0
2020/02/28 01:00,0
2020/02/28 02:00,0
2020/02/28 03:00,0
2020/02/28 04:00,0
2020/02/28 05:00,0
2020/02/28 06:00,0
2020/02/28 07:00,0
2020/02/28 08:00,5.920130062
2020/02/28 09:00,11.9207511
2020/02/28 10:00,11.11625396
2020/02/28 11:00,9.190820892
2020/02/28 12:00,2.639162944
2020/02/28 13:00,2.827137546
2020/02/28 14:00,2.827137546
2020/02/28 15:00,5.718324441
2020/02/28 16:00,11.75471339
2020/02/28 17:00,17.21964021
2020/02/28 18:00,16.17575391
2020/02/28 19:00,16.98755429
2020/02/28 20:00,13.22800359
2020/02/28 21:00,15.08785862
2020/02/28 22:00,6.56684924
2020/02/28 23:00,0.769908257
2020/02/29 00:00,0
2020/02/29 01:00,0
2020/02/29 02:00,0
2020/02/29 03:00,0
2020/02/29 04:00,0
2020/02/29 05:00,0
2020/02/29 06:00,0
2020/02/29 07:00,2.504508197
2020/02/29 08:00,3.339344262
2020/02/29 09:00,5.651861827
2020/02/29 10:00,24.58767124
2020/02/29 11:00,21.19926237
2020/02/29 12:00,19.1984244
2020/02/29 13:00,6.758927707
2020/02/29 14:00,1.060240964
2020/02/29 15:00,11.84180057
2020/02/29 16:00,16.95422435
2020/02/29 17:00,2.44373412
2020/02/29 18:00,4.6
2020/02/29 19:00,0.6
2020/02/29 20:00,3.308398268
2020/02/29 21:00,4.841558442
2020/02/29 22:00,4.841558442
2020/02/29 23:00,4.841558442
2020/03/01 00:00,0.806926407
2020/03/01 01:00,0
2020/03/01 02:00,0
2020/03/01 03:00,0
2020/03/01 04:00,0
2020/03/01 05:00,0
2020/03/01 06:00,0
2020/03/01 07:00,1.511111111
2020/03/01 08:00,4.438888889
2020/03/01 09:00,6.171976961
2020/03/01 10:00,6.790348692
2020/03/01 11:00,7.037000984
2020/03/01 12:00,14.75360809
2020/03/01 13:00,11.32112387
2020/03/01 14:00,8.575828496
2020/03/01 15:00,8.177373572
2020/03/01 16:00,6.910840597
2020/03/01 17:00,1.011898734
2020/03/01 18:00,7.032125266
2020/03/01 19:00,14.35898145
2020/03/01 20:00,2.826166008
2020/03/01 21:00,0
2020/03/01 22:00,0
2020/03/01 23:00,0
2020/03/02 00:00,0
2020/03/02 01:00,0
2020/03/02 02:00,0
2020/03/02 03:00,0
2020/03/02 04:00,0
2020/03/02 05:00,0
2020/03/02 06:00,0
2020/03/02 07:00,0
2020/03/02 08:00,3.281794872
2020/03/02 09:00,13.76634978
2020/03/02 10:00,17.48646333
2020/03/02 11:00,16.01460652
2020/03/02 12:00,13.1447855
2020/03/02 13:00,4.482935894
2020/03/02 14:00,14.89576488
2020/03/02 15:00,2.814073417
2020/03/02 16:00,10.15977282
2020/03/02 17:00,18.4381304
2020/03/02 18:00,6.107881351
2020/03/02 19:00,16.03405182
2020/03/02 20:00,18.49545773
2020/03/02 21:00,13.38091779
2020/03/02 22:00,6.061458333
2020/03/02 23:00,5.133333333
2020/03/03 00:00,4.962222222
2020/03/03 01:00,0
2020/03/03 02:00,0
2020/03/03 03:00,0
2020/03/03 04:00,0
2020/03/03 05:00,0
2020/03/03 06:00,3.77952381
2020/03/03 07:00,5.17047619
2020/03/03 08:00,7.987550641
2020/03/03 09:00,27.74856297
2020/03/03 10:00,30.001003
2020/03/03 11:00,25.74591362
2020/03/03 12:00,27.09703932
2020/03/03 13:00,22.25621961
2020/03/03 14:00,6.843659293
2020/03/03 15:00,4.899497368
2020/03/03 16:00,13.77257186
2020/03/03 17:00,16.07016341
2020/03/03 18:00,9.837769641
2020/03/03 19:00,0.79862069
2020/03/03 20:00,0
2020/03/03 21:00,3.258
2020/03/03 22:00,5.43
2020/03/03 23:00,2.172
2020/03/04 00:00,0
2020/03/04 01:00,0
2020/03/04 02:00,0
2020/03/04 03:00,0
2020/03/04 04:00,0
2020/03/04 05:00,1.50875
2020/03/04 06:00,3.0175
2020/03/04 07:00,7.159964867
2020/03/04 08:00,10.72706506
2020/03/04 09:00,17.03654973
2020/03/04 10:00,10.44917034
2020/03/04 11:00,9.630274845
2020/03/04 12:00,11.60955427
2020/03/04 13:00,14.0729184
2020/03/04 14:00,17.62859569
2020/03/04 15:00,19.64621519
2020/03/04 16:00,18.88567997
2020/03/04 17:00,11.47970487
2020/03/04 18:00,2.888572236
2020/03/04 19:00,3.915463918
2020/03/04 20:00,2.284020619
2020/03/04 21:00,0
2020/03/04 22:00,0
2020/03/04 23:00,0
2020/03/05 00:00,0
2020/03/05 01:00,0
2020/03/05 02:00,0
2020/03/05 03:00,0
2020/03/05 04:00,0
2020/03/05 05:00,0
2020/03/05 06:00,4.059179487
2020/03/05 07:00,3.750915751
2020/03/05 08:00,5.342382418
2020/03/05 09:00,13.75849062
2020/03/05 10:00,27.18077527
2020/03/05 11:00,33.13937088
2020/03/05 12:00,29.11468999
2020/03/05 13:00,17.21148682
2020/03/05 14:00,12.81396797
2020/03/05 15:00,6.462414978
2020/03/05 16:00,10.82319177
2020/03/05 17:00,2.703134036
2020/03/05 18:00,7.655769836
2020/03/05 19:00,13.79421592
2020/03/05 20:00,12.87164857
2020/03/05 21:00,8.205032348
2020/03/05 22:00,1.403333333
2020/03/05 23:00,0
2020/03/06 00:00,0
2020/03/06 01:00,0
2020/03/06 02:00,0
2020/03/06 03:00,0
2020/03/06 04:00,0
2020/03/06 05:00,0
2020/03/06 06:00,0
2020/03/06 07:00,0
2020/03/06 08:00,4.184834569
2020/03/06 09:00,14.05871814
2020/03/06 10:00,14.44191744
2020/03/06 11:00,19.58225132
2020/03/06 12:00,31.08555329
2020/03/06 13:00,22.68115303
2020/03/06 14:00,13.08722534
2020/03/06 15:00,6.106318341
2020/03/06 16:00,8.040601071
2020/03/06 17:00,13.71940463
2020/03/06 18:00,12.99080119
2020/03/06 19:00,16.50688067
2020/03/06 20:00,16.12555446
2020/03/06 21:00,8.078786523
2020/03/06 22:00,0
2020/03/06 23:00,0
2020/03/07 00:00,0
2020/03/07 01:00,0
2020/03/07 02:00,0
2020/03/07 03:00,0
2020/03/07 04:00,0
2020/03/07 05:00,0
2020/03/07 06:00,0
2020/03/07 07:00,0
2020/03/07 08:00,0
2020/03/07 09:00,1.279657155
2020/03/07 10:00,15.69680952
2020/03/07 11:00,19.24286855
2020/03/07 12:00,13.94258689
2020/03/07 13:00,14.31758475
2020/03/07 14:00,18.05212261
2020/03/07 15:00,15.43322628
2020/03/07 16:00,21.39839492
2020/03/07 17:00,18.53841748
2020/03/07 18:00,15.1714178
2020/03/07 19:00,9.126218852
2020/03/07 20:00,6.509033859
2020/03/07 21:00,3.602056511
2020/03/07 22:00,0.849604827
2020/03/07 23:00,0
2020/03/08 00:00,0
2020/03/08 01:00,0
2020/03/08 02:00,0
2020/03/08 03:00,0
2020/03/08 04:00,0
2020/03/08 05:00,0
2020/03/08 06:00,0
2020/03/08 07:00,0.721132075
2020/03/08 08:00,4.738867925
2020/03/08 09:00,7.74380597
2020/03/08 10:00,11.95782451
2020/03/08 11:00,15.72708434
2020/03/08 12:00,20.76646788
2020/03/08 13:00,8.672353525
2020/03/08 14:00,7.872398794
2020/03/08 15:00,18.55404752
2020/03/08 16:00,15.81878512
2020/03/08 17:00,9.161055858
2020/03/08 18:00,6.641176471
2020/03/08 19:00,3.965
2020/03/08 20:00,1.938
2020/03/08 21:00,2.142
2020/03/08 22:00,0
2020/03/08 23:00,0
2020/03/09 00:00,0
2020/03/09 01:00,0
2020/03/09 02:00,0
2020/03/09 03:00,0
2020/03/09 04:00,0
2020/03/09 05:00,1.565371901
2020/03/09 06:00,4.035779463
2020/03/09 07:00,9.159133474
2020/03/09 08:00,13.78797184
2020/03/09 09:00,12.41334657
2020/03/09 10:00,16.8357362
2020/03/09 11:00,24.97998724
2020/03/09 12:00,24.06361721
2020/03/09 13:00,27.52461939
2020/03/09 14:00,17.66223089
2020/03/09 15:00,4.72096713
2020/03/09 16:00,14.8334994
2020/03/09 17:00,17.89467255
2020/03/09 18:00,17.01870917
2020/03/09 19:00,19.914522
2020/03/09 20:00,7.425324376
2020/03/09 21:00,1.591722393
2020/03/09 22:00,1.337176938
2020/03/09 23:00,0.57944334
2020/03/10 00:00,0
2020/03/10 01:00,0
2020/03/10 02:00,0
2020/03/10 03:00,0
2020/03/10 04:00,0
2020/03/10 05:00,0
2020/03/10 06:00,3.373875598
2020/03/10 07:00,6.39613944
2020/03/10 08:00,10.54108663
2020/03/10 09:00,19.06359346
2020/03/10 10:00,14.12427538
2020/03/10 11:00,18.34048602
2020/03/10 12:00,8.044851061
2020/03/10 13:00,9.318127732
2020/03/10 14:00,13.54602473
2020/03/10 15:00,16.39527902
2020/03/10 16:00,19.30326649
2020/03/10 17:00,12.82853562
2020/03/10 18:00,7.884180602
2020/03/10 19:00,10.4587231
2020/03/10 20:00,8.337187827
2020/03/10 21:00,6.12145749
2020/03/10 22:00,6.12145749
2020/03/10 23:00,2.346558704
2020/03/11 00:00,0
2020/03/11 01:00,0
2020/03/11 02:00,0
2020/03/11 03:00,0
2020/03/11 04:00,0
2020/03/11 05:00,2.815462474
2020/03/11 06:00,7.83363413
2020/03/11 07:00,13.59801123
2020/03/11 08:00,12.41221999
2020/03/11 09:00,3.940672174
2020/03/11 10:00,3.427368421
2020/03/11 11:00,6.426315789
2020/03/11 12:00,2.852164948
2020/03/11 13:00,7.544997529
2020/03/11 14:00,15.20433443
2020/03/11 15:00,8.412093566
2020/03/11 16:00,6.2148409
2020/03/11 17:00,12.89883565
2020/03/11 18:00,10.28243104
2020/03/11 19:00,14.07613527
2020/03/11 20:00,8.779209402
2020/03/11 21:00,0.514957265
2020/03/11 22:00,0
2020/03/11 23:00,0
2020/03/12 00:00,0
2020/03/12 01:00,0
2020/03/12 02:00,0
2020/03/12 03:00,0
2020/03/12 04:00,0
2020/03/12 05:00,0
2020/03/12 06:00,1.060405405
2020/03/12 07:00,4.681524419
2020/03/12 08:00,12.21061944
2020/03/12 09:00,8.479236453
2020/03/12 10:00,7.171241758
2020/03/12 11:00,19.62418284
2020/03/12 12:00,15.1804207
2020/03/12 13:00,10.80653015
2020/03/12 14:00,10.45218756
2020/03/12 15:00,16.59286508
2020/03/12 16:00,7.982752723
2020/03/12 17:00,3.773077721
2020/03/12 18:00,6.185840708
2020/03/12 19:00,8.709169443
2020/03/12 20:00,12.84664395
2020/03/12 21:00,13.51170873
2020/03/12 22:00,6.185840708
2020/03/12 23:00,1.855752212
2020/03/13 00:00,0
2020/03/13 01:00,0
2020/03/13 02:00,0
2020/03/13 03:00,0
2020/03/13 04:00,0
2020/03/13 05:00,0
2020/03/13 06:00,0
2020/03/13 07:00,1.096451613
2020/03/13 08:00,2.990322581
2020/03/13 09:00,2.093225806
2020/03/13 10:00,7.752766917
2020/03/13 11:00,12.30782385
2020/03/13 12:00,9.084462903
2020/03/13 13:00,10.0583358
2020/03/13 14:00,15.07205889
2020/03/13 15:00,11.38261781
2020/03/13 16:00,10.26340291
2020/03/13 17:00,14.88294524
2020/03/13 18:00,7.467585681
2020/03/13 19:00,2.496923077
2020/03/13 20:00,1.831076923
2020/03/13 21:00,0
2020/03/13 22:00,0
2020/03/13 23:00,0
2020/03/14 00:00,0
2020/03/14 01:00,0
2020/03/14 02:00,0
2020/03/14 03:00,0
2020/03/14 04:00,0
2020/03/14 05:00,0
2020/03/14 06:00,0
2020/03/14 07:00,2.948333333
2020/03/14 08:00,6.1
2020/03/14 09:00,1.321666667
2020/03/14 10:00,3.916595745
2020/03/14 11:00,3.432255319
2020/03/14 12:00,9.734035131
2020/03/14 13:00,10.24159327
2020/03/14 14:00,10.24159327
2020/03/14 15:00,3.713927264
2020/03/14 16:00,4.32
2020/03/14 17:00,4.32
2020/03/14 18:00,1.852121212
2020/03/14 19:00,0.057878788
2020/03/14 20:00,0
2020/03/14 21:00,0
2020/03/14 22:00,0
2020/03/14 23:00,0
2020/03/15 00:00,0
2020/03/15 01:00,0
2020/03/15 02:00,0
2020/03/15 03:00,0
2020/03/15 04:00,2.178812352
2020/03/15 05:00,6.225178147
2020/03/15 06:00,6.225178147
2020/03/15 07:00,6.225178147
2020/03/15 08:00,6.225178147
2020/03/15 09:00,8.387678147
2020/03/15 10:00,9.956394961
2020/03/15 11:00,10.18197717
2020/03/15 12:00,5.458031336
2020/03/15 13:00,8.643548372
2020/03/15 14:00,7.45143662
2020/03/15 15:00,6.43943662
2020/03/15 16:00,9.921015567
2020/03/15 17:00,1.502535211
2020/03/15 18:00,0
2020/03/15 19:00,0
2020/03/15 20:00,0
2020/03/15 21:00,0
2020/03/15 22:00,0
2020/03/15 23:00,0
2020/03/16 00:00,0
2020/03/16 01:00,0
2020/03/16 02:00,0
2020/03/16 03:00,0
2020/03/16 04:00,0
2020/03/16 05:00,0
2020/03/16 06:00,0
2020/03/16 07:00,0
2020/03/16 08:00,3.752008929
2020/03/16 09:00,5.772321429
2020/03/16 10:00,7.540321429
2020/03/16 11:00,9.689797619
2020/03/16 12:00,5.219944535
2020/03/16 13:00,8.985606061
2020/03/16 14:00,0
2020/03/16 15:00,0
2020/03/16 16:00,1.374533333
2020/03/16 17:00,6.344
2020/03/16 18:00,0.211466667
2020/03/16 19:00,0
2020/03/16 20:00,0
2020/03/16 21:00,0
2020/03/16 22:00,0
2020/03/16 23:00,0
2020/03/17 00:00,0
2020/03/17 01:00,0
2020/03/17 02:00,0
2020/03/17 03:00,0
2020/03/17 04:00,0
2020/03/17 05:00,0
2020/03/17 06:00,0
2020/03/17 07:00,5.62287234
2020/03/17 08:00,3.98712766
2020/03/17 09:00,0.551136364
2020/03/17 10:00,6.613636364
2020/03/17 11:00,2.745681818
2020/03/17 12:00,4.419545455
2020/03/17 13:00,0
2020/03/17 14:00,1.8
2020/03/17 15:00,1.35
2020/03/17 16:00,0
2020/03/17 17:00,0
2020/03/17 18:00,0
2020/03/17 19:00,0
2020/03/17 20:00,0
2020/03/17 21:00,0
2020/03/17 22:00,0
2020/03/17 23:00,0
2020/03/18 00:00,0
2020/03/18 01:00,0
2020/03/18 02:00,0
2020/03/18 03:00,0
2020/03/18 04:00,0
2020/03/18 05:00,0
2020/03/18 06:00,0
2020/03/18 07:00,0
2020/03/18 08:00,3.78484252
2020/03/18 09:00,5.822834646
2020/03/18 10:00,6.702834646
2020/03/18 11:00,8.222834646
2020/03/18 12:00,3.676653543
2020/03/18 13:00,0
2020/03/18 14:00,0
2020/03/18 15:00,3.154991087
2020/03/18 16:00,2.595008913
2020/03/18 17:00,0
2020/03/18 18:00,0
2020/03/18 19:00,0
2020/03/18 20:00,0
2020/03/18 21:00,0.735945946
2020/03/18 22:00,3.154054054
2020/03/18 23:00,0
2020/03/19 00:00,0
2020/03/19 01:00,0
2020/03/19 02:00,0
2020/03/19 03:00,0
2020/03/19 04:00,0
2020/03/19 05:00,0
2020/03/19 06:00,0
2020/03/19 07:00,0
2020/03/19 08:00,0
2020/03/19 09:00,0
2020/03/19 10:00,0
2020/03/19 11:00,0
2020/03/19 12:00,0
2020/03/19 13:00,0
2020/03/19 14:00,0
2020/03/19 15:00,0
2020/03/19 16:00,0
2020/03/19 17:00,0
2020/03/19 18:00,0
2020/03/19 19:00,0
2020/03/19 20:00,0
2020/03/19 21:00,0
2020/03/19 22:00,0
2020/03/19 23:00,0
2020/03/20 00:00,0
2020/03/20 01:00,0
2020/03/20 02:00,0
2020/03/20 03:00,0
2020/03/20 04:00,0
2020/03/20 05:00,0
2020/03/20 06:00,0
2020/03/20 07:00,0
2020/03/20 08:00,0
2020/03/20 09:00,0
2020/03/20 10:00,0
2020/03/20 11:00,0
2020/03/20 12:00,0
2020/03/20 13:00,0
2020/03/20 14:00,0
2020/03/20 15:00,0
2020/03/20 16:00,0
2020/03/20 17:00,0
2020/03/20 18:00,0
2020/03/20 19:00,0
2020/03/20 20:00,0
2020/03/20 21:00,0
2020/03/20 22:00,0
2020/03/20 23:00,0
2020/03/21 00:00,0
2020/03/21 01:00,0
2020/03/21 02:00,0
2020/03/21 03:00,0
2020/03/21 04:00,0
2020/03/21 05:00,0
2020/03/21 06:00,0
2020/03/21 07:00,0
2020/03/21 08:00,0
2020/03/21 09:00,0
2020/03/21 10:00,0
2020/03/21 11:00,1.237647059
2020/03/21 12:00,5.304201681
2020/03/21 13:00,3.978151261
2020/03/21 14:00,0
2020/03/21 15:00,0
2020/03/21 16:00,0
2020/03/21 17:00,0
2020/03/21 18:00,0
2020/03/21 19:00,0
2020/03/21 20:00,0
2020/03/21 21:00,0
2020/03/21 22:00,0
2020/03/21 23:00,0
2020/03/22 00:00,0
2020/03/22 01:00,0
2020/03/22 02:00,0
2020/03/22 03:00,0
2020/03/22 04:00,0
2020/03/22 05:00,0
2020/03/22 06:00,0
2020/03/22 07:00,0
2020/03/22 08:00,0
2020/03/22 09:00,0
2020/03/22 10:00,3.133922652
2020/03/22 11:00,6.483977901
2020/03/22 12:00,6.483977901
2020/03/22 13:00,3.458121547
2020/03/22 14:00,0
2020/03/22 15:00,0.494444444
2020/03/22 16:00,6.896044444
2020/03/22 17:00,7.291111111
2020/03/22 18:00,2.1084
2020/03/22 19:00,0
2020/03/22 20:00,0
2020/03/22 21:00,0
2020/03/22 22:00,0
2020/03/22 23:00,0
2020/03/23 00:00,0
2020/03/23 01:00,0
2020/03/23 02:00,0
2020/03/23 03:00,0
2020/03/23 04:00,0
2020/03/23 05:00,0
2020/03/23 06:00,0
2020/03/23 07:00,0
2020/03/23 08:00,3.466666667
2020/03/23 09:00,5.2
2020/03/23 10:00,9.023333333
2020/03/23 11:00,10.45966667
2020/03/23 12:00,9.843666667
2020/03/23 13:00,2.686666667
2020/03/23 14:00,0
2020/03/23 15:00,0
2020/03/23 16:00,0
2020/03/23 17:00,0
2020/03/23 18:00,0
2020/03/23 19:00,0
2020/03/23 20:00,0
2020/03/23 21:00,0
2020/03/23 22:00,0
2020/03/23 23:00,0
2020/03/24 00:00,0
2020/03/24 01:00,0
2020/03/24 02:00,0
2020/03/24 03:00,0
2020/03/24 04:00,0
2020/03/24 05:00,0
2020/03/24 06:00,0
2020/03/24 07:00,0
2020/03/24 08:00,7.783559871
2020/03/24 09:00,4.80952381
2020/03/24 10:00,4.80952381
2020/03/24 11:00,4.073244048
2020/03/24 12:00,4.090625
2020/03/24 13:00,9.907153926
2020/03/24 14:00,3.096733815
2020/03/24 15:00,0.674153846
2020/03/24 16:00,2.889230769
2020/03/24 17:00,2.696615385
2020/03/24 18:00,0.004666667
2020/03/24 19:00,0.005333333
2020/03/24 20:00,0
2020/03/24 21:00,0
2020/03/24 22:00,0
2020/03/24 23:00,0
2020/03/25 00:00,0
2020/03/25 01:00,0
2020/03/25 02:00,0
2020/03/25 03:00,0
2020/03/25 04:00,0
2020/03/25 05:00,0
2020/03/25 06:00,0
2020/03/25 07:00,0
2020/03/25 08:00,0
2020/03/25 09:00,0
2020/03/25 10:00,0
2020/03/25 11:00,2.348981481
2020/03/25 12:00,6.127777778
2020/03/25 13:00,6.127777778
2020/03/25 14:00,6.127777778
2020/03/25 15:00,2.768832726
2020/03/25 16:00,0.048852459
2020/03/25 17:00,0
2020/03/25 18:00,0
2020/03/25 19:00,0
2020/03/25 20:00,0
2020/03/25 21:00,0
2020/03/25 22:00,0
2020/03/25 23:00,0
2020/03/26 00:00,0
2020/03/26 01:00,0
2020/03/26 02:00,0
2020/03/26 03:00,0
2020/03/26 04:00,0
2020/03/26 05:00,0
2020/03/26 06:00,0
2020/03/26 07:00,0
2020/03/26 08:00,3.865263158
2020/03/26 09:00,5.153684211
2020/03/26 10:00,5.153684211
2020/03/26 11:00,2.147368421
2020/03/26 12:00,0
2020/03/26 13:00,0
2020/03/26 14:00,0
2020/03/26 15:00,0
2020/03/26 16:00,4.74519337
2020/03/26 17:00,6.470718232
2020/03/26 18:00,6.470718232
2020/03/26 19:00,1.833370166
2020/03/26 20:00,0
2020/03/26 21:00,0
2020/03/26 22:00,0
2020/03/26 23:00,0
2020/03/27 00:00,0
2020/03/27 01:00,0
2020/03/27 02:00,0
2020/03/27 03:00,0
2020/03/27 04:00,0
2020/03/27 05:00,0
2020/03/27 06:00,2.841309524
2020/03/27 07:00,5.388690476
2020/03/27 08:00,1.584793388
2020/03/27 09:00,5.942975207
2020/03/27 10:00,6.42808159
2020/03/27 11:00,8.368507122
2020/03/27 12:00,8.368507122
2020/03/27 13:00,8.368507122
2020/03/27 14:00,7.681273079
2020/03/27 15:00,5.942975207
2020/03/27 16:00,4.754380165
2020/03/27 17:00,0
2020/03/27 18:00,0
2020/03/27 19:00,0
2020/03/27 20:00,0
2020/03/27 21:00,0
2020/03/27 22:00,0
2020/03/27 23:00,0
2020/03/28 00:00,0
2020/03/28 01:00,0
2020/03/28 02:00,0
2020/03/28 03:00,0
2020/03/28 04:00,0
2020/03/28 05:00,0
2020/03/28 06:00,0
2020/03/28 07:00,0
2020/03/28 08:00,0
2020/03/28 09:00,0
2020/03/28 10:00,0
2020/03/28 11:00,0
2020/03/28 12:00,0
2020/03/28 13:00,0
2020/03/28 14:00,2.507234043
2020/03/28 15:00,5.206908815
2020/03/28 16:00,4.465857143
2020/03/28 17:00,0
2020/03/28 18:00,0
2020/03/28 19:00,0
2020/03/28 20:00,0
2020/03/28 21:00,0
2020/03/28 22:00,0
2020/03/28 23:00,0
2020/03/29 00:00,0
2020/03/29 01:00,0
2020/03/29 02:00,0
2020/03/29 03:00,0
2020/03/29 04:00,0
2020/03/29 05:00,0
2020/03/29 06:00,0
2020/03/29 07:00,0
2020/03/29 08:00,0
2020/03/29 09:00,0
2020/03/29 10:00,0
2020/03/29 11:00,0
2020/03/29 12:00,0
2020/03/29 13:00,0
2020/03/29 14:00,0
2020/03/29 15:00,0
2020/03/29 16:00,0.88516129
2020/03/29 17:00,2.54483871
2020/03/29 18:00,0
2020/03/29 19:00,0
2020/03/29 20:00,0
2020/03/29 21:00,0
2020/03/29 22:00,0
2020/03/29 23:00,0
2020/03/30 00:00,0
2020/03/30 01:00,0
2020/03/30 02:00,0
2020/03/30 03:00,0
2020/03/30 04:00,0
2020/03/30 05:00,0
2020/03/30 06:00,0
2020/03/30 07:00,0
2020/03/30 08:00,4.879798658
2020/03/30 09:00,6.229530201
2020/03/30 10:00,4.360671141
2020/03/30 11:00,0
2020/03/30 12:00,2.571568627
2020/03/30 13:00,0.478431373
2020/03/30 14:00,0.645465839
2020/03/30 15:00,6.454658385
2020/03/30 16:00,6.454658385
2020/03/30 17:00,3.765217391
2020/03/30 18:00,0
2020/03/30 19:00,0
2020/03/30 20:00,0
2020/03/30 21:00,0
2020/03/30 22:00,0
2020/03/30 23:00,0
2020/03/31 00:00,0
2020/03/31 01:00,0
2020/03/31 02:00,0
2020/03/31 03:00,0
2020/03/31 04:00,0
2020/03/31 05:00,0
2020/03/31 06:00,0
2020/03/31 07:00,0
2020/03/31 08:00,0
2020/03/31 09:00,2.522628205
2020/03/31 10:00,10.2256341
2020/03/31 11:00,11.5510395
2020/03/31 12:00,6.396103604
2020/03/31 13:00,4.804594595
2020/03/31 14:00,1.335208333
2020/03/31 15:00,3.594791667
2020/03/31 16:00,0
2020/03/31 17:00,0
2020/03/31 18:00,0
2020/03/31 19:00,0
2020/03/31 20:00,0
2020/03/31 21:00,0
2020/03/31 22:00,0
2020/03/31 23:00,0
2020/04/01 00:00,0
2020/04/01 01:00,0
2020/04/01 02:00,0
2020/04/01 03:00,0
2020/04/01 04:00,0
2020/04/01 05:00,0
2020/04/01 06:00,0
2020/04/01 07:00,0
2020/04/01 08:00,3.722622951
2020/04/01 09:00,5.318032787
2020/04/01 10:00,5.318032787
2020/04/01 11:00,1.861311475
2020/04/01 12:00,0
2020/04/01 13:00,1.315
2020/04/01 14:00,7.55745614
2020/04/01 15:00,12.77171053
2020/04/01 16:00,3.275833333
2020/04/01 17:00,0
2020/04/01 18:00,0
2020/04/01 19:00,0
2020/04/01 20:00,0
2020/04/01 21:00,0
2020/04/01 22:00,0
2020/04/01 23:00,0
2020/04/02 00:00,0
2020/04/02 01:00,0
2020/04/02 02:00,0
2020/04/02 03:00,0
2020/04/02 04:00,0
2020/04/02 05:00,0
2020/04/02 06:00,0
2020/04/02 07:00,0
2020/04/02 08:00,0
2020/04/02 09:00,0
2020/04/02 10:00,0
2020/04/02 11:00,0
2020/04/02 12:00,0
2020/04/02 13:00,0
2020/04/02 14:00,0
2020/04/02 15:00,0
2020/04/02 16:00,0
2020/04/02 17:00,0
2020/04/02 18:00,0
2020/04/02 19:00,0
2020/04/02 20:00,0
2020/04/02 21:00,0
2020/04/02 22:00,0
2020/04/02 23:00,0
2020/04/03 00:00,0
2020/04/03 01:00,0
2020/04/03 02:00,0
2020/04/03 03:00,0
2020/04/03 04:00,0
2020/04/03 05:00,0
2020/04/03 06:00,0
2020/04/03 07:00,0
2020/04/03 08:00,2.257400722
2020/04/03 09:00,3.660649819
2020/04/03 10:00,3.660649819
2020/04/03 11:00,3.660649819
2020/04/03 12:00,0
2020/04/03 13:00,0
2020/04/03 14:00,0
2020/04/03 15:00,1.727755102
2020/04/03 16:00,3.252244898
2020/04/03 17:00,0
2020/04/03 18:00,0
2020/04/03 19:00,0
2020/04/03 20:00,0
2020/04/03 21:00,0
2020/04/03 22:00,0
2020/04/03 23:00,0
2020/04/04 00:00,0
2020/04/04 01:00,0
2020/04/04 02:00,0
2020/04/04 03:00,0
2020/04/04 04:00,0
2020/04/04 05:00,0
2020/04/04 06:00,0
2020/04/04 07:00,0
2020/04/04 08:00,0
2020/04/04 09:00,0
2020/04/04 10:00,0
2020/04/04 11:00,0
2020/04/04 12:00,0
2020/04/04 13:00,0
2020/04/04 14:00,0
2020/04/04 15:00,6.142149533
2020/04/04 16:00,6.194517134
2020/04/04 17:00,0.403333333
2020/04/04 18:00,0.641818182
2020/04/04 19:00,2.750649351
2020/04/04 20:00,0.137532468
2020/04/04 21:00,0
2020/04/04 22:00,0
2020/04/04 23:00,0
2020/04/05 00:00,0
2020/04/05 01:00,0
2020/04/05 02:00,0
2020/04/05 03:00,0
2020/04/05 04:00,0
2020/04/05 05:00,0
2020/04/05 06:00,0
2020/04/05 07:00,0
2020/04/05 08:00,0
2020/04/05 09:00,0
2020/04/05 10:00,3.066818182
2020/04/05 11:00,2.123181818
2020/04/05 12:00,0
2020/04/05 13:00,3.666122449
2020/04/05 14:00,1.323877551
2020/04/05 15:00,5.935870069
2020/04/05 16:00,13.14817373
2020/04/05 17:00,11.95774428
2020/04/05 18:00,3.238211921
2020/04/05 19:00,0
2020/04/05 20:00,0
2020/04/05 21:00,0
2020/04/05 22:00,0
2020/04/05 23:00,0
2020/04/06 00:00,0
2020/04/06 01:00,0
2020/04/06 02:00,0
2020/04/06 03:00,0
2020/04/06 04:00,0
2020/04/06 05:00,0
2020/04/06 06:00,0
2020/04/06 07:00,0
2020/04/06 08:00,4.502981366
2020/04/06 09:00,6.771601907
2020/04/06 10:00,10.95750975
2020/04/06 11:00,4.88372093
2020/04/06 12:00,3.744186047
2020/04/06 13:00,0
2020/04/06 14:00,0
2020/04/06 15:00,0.554166667
2020/04/06 16:00,0.665
2020/04/06 17:00,0.110833333
2020/04/06 18:00,0
2020/04/06 19:00,0
2020/04/06 20:00,0
2020/04/06 21:00,0
2020/04/06 22:00,0
2020/04/06 23:00,0
2020/04/07 00:00,0
2020/04/07 01:00,0
2020/04/07 02:00,0
2020/04/07 03:00,0
2020/04/07 04:00,0
2020/04/07 05:00,0
2020/04/07 06:00,0
2020/04/07 07:00,0
2020/04/07 08:00,0
2020/04/07 09:00,0
2020/04/07 10:00,0
2020/04/07 11:00,0
2020/04/07 12:00,0
2020/04/07 13:00,0.0364
2020/04/07 14:00,2.948005594
2020/04/07 15:00,3.457342657
2020/04/07 16:00,2.708251748
2020/04/07 17:00,0
2020/04/07 18:00,0
2020/04/07 19:00,0
2020/04/07 20:00,0
2020/04/07 21:00,0
2020/04/07 22:00,0
2020/04/07 23:00,0
2020/04/08 00:00,0
2020/04/08 01:00,0
2020/04/08 02:00,0
2020/04/08 03:00,0
2020/04/08 04:00,0
2020/04/08 05:00,0
2020/04/08 06:00,1.2825
2020/04/08 07:00,2.1375
2020/04/08 08:00,4.154268293
2020/04/08 09:00,5.53902439
2020/04/08 10:00,8.671682191
2020/04/08 11:00,6.672361809
2020/04/08 12:00,6.672361809
2020/04/08 13:00,8.679410989
2020/04/08 14:00,6.975312629
2020/04/08 15:00,6.672361809
2020/04/08 16:00,6.672361809
2020/04/08 17:00,1.000854271
2020/04/08 18:00,0
2020/04/08 19:00,0
2020/04/08 20:00,0
2020/04/08 21:00,0
2020/04/08 22:00,0
2020/04/08 23:00,0
2020/04/09 00:00,0
2020/04/09 01:00,0
2020/04/09 02:00,0
2020/04/09 03:00,0
2020/04/09 04:00,0
2020/04/09 05:00,0
2020/04/09 06:00,1.321126761
2020/04/09 07:00,2.028873239
2020/04/09 08:00,1.525471698
2020/04/09 09:00,3.864528302
2020/04/09 10:00,0
2020/04/09 11:00,0
2020/04/09 12:00,0
2020/04/09 13:00,0
2020/04/09 14:00,5.542424242
2020/04/09 15:00,6.650909091
2020/04/09 16:00,6.096666667
2020/04/09 17:00,10.94772727
2020/04/09 18:00,13.53685504
2020/04/09 19:00,5.71541769
2020/04/09 20:00,0
2020/04/09 21:00,0
2020/04/09 22:00,0
2020/04/09 23:00,0
2020/04/10 00:00,0
2020/04/10 01:00,0
2020/04/10 02:00,0
2020/04/10 03:00,0
2020/04/10 04:00,0
2020/04/10 05:00,0
2020/04/10 06:00,0
2020/04/10 07:00,0
2020/04/10 08:00,0
2020/04/10 09:00,0
2020/04/10 10:00,0
2020/04/10 11:00,3.9064
2020/04/10 12:00,6.168
2020/04/10 13:00,2.859810526
2020/04/10 14:00,7.761203008
2020/04/10 15:00,7.472681704
2020/04/10 16:00,0.601904762
2020/04/10 17:00,0
2020/04/10 18:00,0
2020/04/10 19:00,0
2020/04/10 20:00,0
2020/04/10 21:00,0
2020/04/10 22:00,0
2020/04/10 23:00,0
2020/04/11 00:00,0
2020/04/11 01:00,0
2020/04/11 02:00,0
2020/04/11 03:00,0
2020/04/11 04:00,0
2020/04/11 05:00,0
2020/04/11 06:00,0
2020/04/11 07:00,0
2020/04/11 08:00,0
2020/04/11 09:00,0
2020/04/11 10:00,0
2020/04/11 11:00,0.215246637
2020/04/11 12:00,6.658703451
2020/04/11 13:00,10.88609476
2020/04/11 14:00,6.457399103
2020/04/11 15:00,5.304248362
2020/04/11 16:00,1.178307692
2020/04/11 17:00,0
2020/04/11 18:00,0
2020/04/11 19:00,0
2020/04/11 20:00,0
2020/04/11 21:00,0
2020/04/11 22:00,0
2020/04/11 23:00,0
2020/04/12 00:00,0
2020/04/12 01:00,0
2020/04/12 02:00,0
2020/04/12 03:00,0
2020/04/12 04:00,0
2020/04/12 05:00,0
2020/04/12 06:00,0
2020/04/12 07:00,0
2020/04/12 08:00,0
2020/04/12 09:00,0
2020/04/12 10:00,0
2020/04/12 11:00,0
2020/04/12 12:00,0
2020/04/12 13:00,0
2020/04/12 14:00,0
2020/04/12 15:00,0
2020/04/12 16:00,0
2020/04/12 17:00,0
2020/04/12 18:00,0
2020/04/12 19:00,0
2020/04/12 20:00,0
2020/04/12 21:00,0
2020/04/12 22:00,0
2020/04/12 23:00,0
2020/04/13 00:00,0
2020/04/13 01:00,0
2020/04/13 02:00,0
2020/04/13 03:00,0
2020/04/13 04:00,0
2020/04/13 05:00,0
2020/04/13 06:00,0
2020/04/13 07:00,0
2020/04/13 08:00,0
2020/04/13 09:00,0
2020/04/13 10:00,0
2020/04/13 11:00,0
2020/04/13 12:00,0
2020/04/13 13:00,0
2020/04/13 14:00,0
2020/04/13 15:00,0
2020/04/13 16:00,0
2020/04/13 17:00,0
2020/04/13 18:00,0
2020/04/13 19:00,0
2020/04/13 20:00,0
2020/04/13 21:00,0
2020/04/13 22:00,0
2020/04/13 23:00,0
2020/04/14 00:00,0
2020/04/14 01:00,0
2020/04/14 02:00,0
2020/04/14 03:00,0
2020/04/14 04:00,0
2020/04/14 05:00,0
2020/04/14 06:00,0
2020/04/14 07:00,0
2020/04/14 08:00,0
2020/04/14 09:00,0
2020/04/14 10:00,0
2020/04/14 11:00,1.487326733
2020/04/14 12:00,3.077227723
2020/04/14 13:00,5.375445545
2020/04/14 14:00,5.6
2020/04/14 15:00,1.12
2020/04/14 16:00,0
2020/04/14 17:00,0
2020/04/14 18:00,0
2020/04/14 19:00,0
2020/04/14 20:00,0
2020/04/14 21:00,0
2020/04/14 22:00,0
2020/04/14 23:00,0
2020/04/15 00:00,0
2020/04/15 01:00,0
2020/04/15 02:00,0
2020/04/15 03:00,0
2020/04/15 04:00,0
2020/04/15 05:00,0
2020/04/15 06:00,6.170869565
2020/04/15 07:00,3.789130435
2020/04/15 08:00,0
2020/04/15 09:00,0
2020/04/15 10:00,0
2020/04/15 11:00,0
2020/04/15 12:00,5.065168539
2020/04/15 13:00,5.308319833
2020/04/15 14:00,1.911627907
2020/04/15 15:00,0.254883721
2020/04/15 16:00,0
2020/04/15 17:00,0
2020/04/15 18:00,0
2020/04/15 19:00,0
2020/04/15 20:00,0
2020/04/15 21:00,0
2020/04/15 22:00,0
2020/04/15 23:00,0
2020/04/16 00:00,0
2020/04/16 01:00,0
2020/04/16 02:00,0
2020/04/16 03:00,0
2020/04/16 04:00,0
2020/04/16 05:00,0
2020/04/16 06:00,0
2020/04/16 07:00,0.679223301
2020/04/16 08:00,3.704854369
2020/04/16 09:00,3.704854369
2020/04/16 10:00,3.704854369
2020/04/16 11:00,0.926213592
2020/04/16 12:00,0
2020/04/16 13:00,0
2020/04/16 14:00,0
2020/04/16 15:00,0.511801242
2020/04/16 16:00,6.141614907
2020/04/16 17:00,6.141614907
2020/04/16 18:00,8.527987812
2020/04/16 19:00,0.736981132
2020/04/16 20:00,0
2020/04/16 21:00,0
2020/04/16 22:00,0
2020/04/16 23:00,0
2020/04/17 00:00,0
2020/04/17 01:00,0
2020/04/17 02:00,0
2020/04/17 03:00,0
2020/04/17 04:00,0
2020/04/17 05:00,0
2020/04/17 06:00,0
2020/04/17 07:00,0
2020/04/17 08:00,0
2020/04/17 09:00,0
2020/04/17 10:00,1.258
2020/04/17 11:00,4.193333333
2020/04/17 12:00,0.838666667
2020/04/17 13:00,0
2020/04/17 14:00,0
2020/04/17 15:00,0
2020/04/17 16:00,0
2020/04/17 17:00,0
2020/04/17 18:00,0
2020/04/17 19:00,0
2020/04/17 20:00,0
2020/04/17 21:00,0
2020/04/17 22:00,0
2020/04/17 23:00,0
2020/04/18 00:00,0
2020/04/18 01:00,0
2020/04/18 02:00,0
2020/04/18 03:00,0
2020/04/18 04:00,0
2020/04/18 05:00,0
2020/04/18 06:00,0
2020/04/18 07:00,0
2020/04/18 08:00,0
2020/04/18 09:00,0
2020/04/18 10:00,2.451348837
2020/04/18 11:00,4.085581395
2020/04/18 12:00,4.085581395
2020/04/18 13:00,6.483906283
2020/04/18 14:00,5.919402985
2020/04/18 15:00,4.834179104
2020/04/18 16:00,0
2020/04/18 17:00,0
2020/04/18 18:00,0
2020/04/18 19:00,0
2020/04/18 20:00,0
2020/04/18 21:00,0
2020/04/18 22:00,0
2020/04/18 23:00,0
2020/04/19 00:00,0
2020/04/19 01:00,0
2020/04/19 02:00,0
2020/04/19 03:00,0
2020/04/19 04:00,0
2020/04/19 05:00,0
2020/04/19 06:00,3.878019802
2020/04/19 07:00,6.463366337
2020/04/19 08:00,0.538613861
2020/04/19 09:00,0
2020/04/19 10:00,0
2020/04/19 11:00,0
2020/04/19 12:00,0
2020/04/19 13:00,0
2020/04/19 14:00,0
2020/04/19 15:00,0
2020/04/19 16:00,1.791627907
2020/04/19 17:00,5.972093023
2020/04/19 18:00,5.07627907
2020/04/19 19:00,0
2020/04/19 20:00,0
2020/04/19 21:00,0
2020/04/19 22:00,2.645882353
2020/04/19 23:00,2.544117647
2020/04/20 00:00,0
2020/04/20 01:00,0
2020/04/20 02:00,0
2020/04/20 03:00,0
2020/04/20 04:00,0
2020/04/20 05:00,0
2020/04/20 06:00,0
2020/04/20 07:00,0.414712644
2020/04/20 08:00,7.380647397
2020/04/20 09:00,6.87086545
2020/04/20 10:00,6.267647059
2020/04/20 11:00,3.656127451
2020/04/20 12:00,0
2020/04/20 13:00,0
2020/04/20 14:00,4.157085202
2020/04/20 15:00,12.1167833
2020/04/20 16:00,8.964248089
2020/04/20 17:00,6.395515695
2020/04/20 18:00,0.426367713
2020/04/20 19:00,0
2020/04/20 20:00,0
2020/04/20 21:00,0
2020/04/20 22:00,0
2020/04/20 23:00,0
2020/04/21 00:00,0
2020/04/21 01:00,0
2020/04/21 02:00,0
2020/04/21 03:00,0
2020/04/21 04:00,0
2020/04/21 05:00,0
2020/04/21 06:00,0
2020/04/21 07:00,0
2020/04/21 08:00,0
2020/04/21 09:00,0
2020/04/21 10:00,0
2020/04/21 11:00,0
2020/04/21 12:00,0
2020/04/21 13:00,1.205714286
2020/04/21 14:00,6.791003861
2020/04/21 15:00,7.436138996
2020/04/21 16:00,6.028571429
2020/04/21 17:00,6.028571429
2020/04/21 18:00,4.22
2020/04/21 19:00,0
2020/04/21 20:00,0
2020/04/21 21:00,0
2020/04/21 22:00,0
2020/04/21 23:00,0
2020/04/22 00:00,0
2020/04/22 01:00,0
2020/04/22 02:00,0
2020/04/22 03:00,0
2020/04/22 04:00,0
2020/04/22 05:00,0
2020/04/22 06:00,1.766486486
2020/04/22 07:00,1.673513514
2020/04/22 08:00,5.785686275
2020/04/22 09:00,7.590678006
2020/04/22 10:00,10.57941885
2020/04/22 11:00,1.154216867
2020/04/22 12:00,0
2020/04/22 13:00,0
2020/04/22 14:00,0
2020/04/22 15:00,0.892579787
2020/04/22 16:00,5.950531915
2020/04/22 17:00,8.994341439
2020/04/22 18:00,6.666722391
2020/04/22 19:00,5.950531915
2020/04/22 20:00,5.950531915
2020/04/22 21:00,5.950531915
2020/04/22 22:00,0.694228723
2020/04/22 23:00,0
2020/04/23 00:00,0
2020/04/23 01:00,0
2020/04/23 02:00,0
2020/04/23 03:00,0
2020/04/23 04:00,0
2020/04/23 05:00,0
2020/04/23 06:00,0
2020/04/23 07:00,0
2020/04/23 08:00,0
2020/04/23 09:00,0
2020/04/23 10:00,1.983130435
2020/04/23 11:00,6.610434783
2020/04/23 12:00,4.076434783
2020/04/23 13:00,0
2020/04/23 14:00,0
2020/04/23 15:00,0
2020/04/23 16:00,0
2020/04/23 17:00,0
2020/04/23 18:00,0
2020/04/23 19:00,0
2020/04/23 20:00,0
2020/04/23 21:00,0
2020/04/23 22:00,0
2020/04/23 23:00,0
2020/04/24 00:00,0
2020/04/24 01:00,0
2020/04/24 02:00,0
2020/04/24 03:00,0
2020/04/24 04:00,0
2020/04/24 05:00,0
2020/04/24 06:00,0
2020/04/24 07:00,0.104725275
2020/04/24 08:00,6.283516484
2020/04/24 09:00,6.283516484
2020/04/24 10:00,6.283516484
2020/04/24 11:00,0.83541493
2020/04/24 12:00,2.529310345
2020/04/24 13:00,0
2020/04/24 14:00,2.578230088
2020/04/24 15:00,5.524778761
2020/04/24 16:00,5.524778761
2020/04/24 17:00,5.876778761
2020/04/24 18:00,9.861726129
2020/04/24 19:00,5.745831393
2020/04/24 20:00,5.524778761
2020/04/24 21:00,5.524778761
2020/04/24 22:00,0.368318584
2020/04/24 23:00,0
2020/04/25 00:00,0
2020/04/25 01:00,0
2020/04/25 02:00,0
2020/04/25 03:00,0
2020/04/25 04:00,0
2020/04/25 05:00,0
2020/04/25 06:00,0
2020/04/25 07:00,0
2020/04/25 08:00,2.193491124
2020/04/25 09:00,5.982248521
2020/04/25 10:00,10.35065878
2020/04/25 11:00,8.648934911
2020/04/25 12:00,5.956923077
2020/04/25 13:00,3.208441264
2020/04/25 14:00,1.960465116
2020/04/25 15:00,0.718837209
2020/04/25 16:00,0
2020/04/25 17:00,0
2020/04/25 18:00,0
2020/04/25 19:00,0
2020/04/25 20:00,0
2020/04/25 21:00,0
2020/04/25 22:00,0
2020/04/25 23:00,0
2020/04/26 00:00,2.504332756
2020/04/26 01:00,4.419410745
2020/04/26 02:00,4.419410745
2020/04/26 03:00,4.419410745
2020/04/26 04:00,4.419410745
2020/04/26 05:00,4.419410745
2020/04/26 06:00,4.419410745
2020/04/26 07:00,4.419410745
2020/04/26 08:00,10.1432569
2020/04/26 09:00,11.42820195
2020/04/26 10:00,7.229761746
2020/04/26 11:00,4.269316109
2020/04/26 12:00,2.319255319
2020/04/26 13:00,0
2020/04/26 14:00,0
2020/04/26 15:00,0
2020/04/26 16:00,2.102564103
2020/04/26 17:00,1.997435897
2020/04/26 18:00,0
2020/04/26 19:00,0
2020/04/26 20:00,0
2020/04/26 21:00,0
2020/04/26 22:00,0
2020/04/26 23:00,0
2020/04/27 00:00,0
2020/04/27 01:00,0
2020/04/27 02:00,0
2020/04/27 03:00,0
2020/04/27 04:00,0
2020/04/27 05:00,0
2020/04/27 06:00,0
2020/04/27 07:00,0.499382716
2020/04/27 08:00,5.992592593
2020/04/27 09:00,5.992592593
2020/04/27 10:00,3.695432099
2020/04/27 11:00,2.743783784
2020/04/27 12:00,1.576216216
2020/04/27 13:00,0
2020/04/27 14:00,0
2020/04/27 15:00,0
2020/04/27 16:00,0
2020/04/27 17:00,0
2020/04/27 18:00,0
2020/04/27 19:00,0
2020/04/27 20:00,0
2020/04/27 21:00,0
2020/04/27 22:00,0
2020/04/27 23:00,0
2020/04/28 00:00,0
2020/04/28 01:00,0
2020/04/28 02:00,0
2020/04/28 03:00,0
2020/04/28 04:00,0
2020/04/28 05:00,0
2020/04/28 06:00,2.6915625
2020/04/28 07:00,0.2784375
2020/04/28 08:00,0
2020/04/28 09:00,0
2020/04/28 10:00,0
2020/04/28 11:00,0
2020/04/28 12:00,0
2020/04/28 13:00,2.547218045
2020/04/28 14:00,5.878195489
2020/04/28 15:00,4.604586466
2020/04/28 16:00,2.097702703
2020/04/28 17:00,1.512297297
2020/04/28 18:00,0
2020/04/28 19:00,2.601875
2020/04/28 20:00,3.39375
2020/04/28 21:00,1.244375
2020/04/28 22:00,0
2020/04/28 23:00,0
2020/04/29 00:00,0
2020/04/29 01:00,0
2020/04/29 02:00,0
2020/04/29 03:00,0
2020/04/29 04:00,0
2020/04/29 05:00,0
2020/04/29 06:00,0
2020/04/29 07:00,0.228979592
2020/04/29 08:00,11.75054409
2020/04/29 09:00,9.067359579
2020/04/29 10:00,10.98890755
2020/04/29 11:00,1.974209184
2020/04/29 12:00,0
2020/04/29 13:00,0
2020/04/29 14:00,5.335813953
2020/04/29 15:00,4.224186047
2020/04/29 16:00,0
2020/04/29 17:00,1.783589744
2020/04/29 18:00,1.976410256
2020/04/29 19:00,0
2020/04/29 20:00,0
2020/04/29 21:00,0
2020/04/29 22:00,0
2020/04/29 23:00,0
2020/04/30 00:00,0
2020/04/30 01:00,0
2020/04/30 02:00,0
2020/04/30 03:00,0
2020/04/30 04:00,0
2020/04/30 05:00,0.869268293
2020/04/30 06:00,6.519512195
2020/04/30 07:00,1.521219512
2020/04/30 08:00,0
2020/04/30 09:00,4.585454545
2020/04/30 10:00,10.30390646
2020/04/30 11:00,9.338457993
2020/04/30 12:00,7.596393771
2020/04/30 13:00,2.402553191
2020/04/30 14:00,2.402553191
2020/04/30 15:00,0.640680851
2020/04/30 16:00,1.843962264
2020/04/30 17:00,4.667367067
2020/04/30 18:00,3.978670669
2020/04/30 19:00,0
2020/04/30 20:00,0
2020/04/30 21:00,0
2020/04/30 22:00,0
2020/04/30 23:00,0
2020/05/01 00:00,0
2020/05/01 01:00,0
2020/05/01 02:00,0
2020/05/01 03:00,0
2020/05/01 04:00,0
2020/05/01 05:00,0
2020/05/01 06:00,1.983692308
2020/05/01 07:00,1.086307692
2020/05/01 08:00,0
2020/05/01 09:00,0
2020/05/01 10:00,0
2020/05/01 11:00,2.073626374
2020/05/01 12:00,3.026373626
2020/05/01 13:00,0
2020/05/01 14:00,0
2020/05/01 15:00,2.188084291
2020/05/01 16:00,5.708045977
2020/05/01 17:00,5.708045977
2020/05/01 18:00,8.575924765
2020/05/01 19:00,6.02989899
2020/05/01 20:00,0
2020/05/01 21:00,0
2020/05/01 22:00,0
2020/05/01 23:00,0
2020/05/02 00:00,0
2020/05/02 01:00,0
2020/05/02 02:00,0
2020/05/02 03:00,0
2020/05/02 04:00,0
2020/05/02 05:00,0
2020/05/02 06:00,0
2020/05/02 07:00,0
2020/05/02 08:00,0
2020/05/02 09:00,0
2020/05/02 10:00,0
2020/05/02 11:00,0
2020/05/02 12:00,0
2020/05/02 13:00,3.427222222
2020/05/02 14:00,7.981397849
2020/05/02 15:00,7.275268817
2020/05/02 16:00,1.216111111
2020/05/02 17:00,0
2020/05/02 18:00,0
2020/05/02 19:00,0
2020/05/02 20:00,0
2020/05/02 21:00,0
2020/05/02 22:00,0
2020/05/02 23:00,0
2020/05/03 00:00,0
2020/05/03 01:00,0
2020/05/03 02:00,0
2020/05/03 03:00,0
2020/05/03 04:00,0
2020/05/03 05:00,0
2020/05/03 06:00,4.118378378
2020/05/03 07:00,3.901621622
2020/05/03 08:00,0
2020/05/03 09:00,0
2020/05/03 10:00,0.209740933
2020/05/03 11:00,6.292227979
2020/05/03 12:00,10.38556131
2020/05/03 13:00,12.43222798
2020/05/03 14:00,3.200241796
2020/05/03 15:00,0
2020/05/03 16:00,0
2020/05/03 17:00,0
2020/05/03 18:00,0
2020/05/03 19:00,0
2020/05/03 20:00,0
2020/05/03 21:00,0
2020/05/03 22:00,0
2020/05/03 23:00,0
2020/05/04 00:00,0
2020/05/04 01:00,0
2020/05/04 02:00,0
2020/05/04 03:00,0
2020/05/04 04:00,0
2020/05/04 05:00,0
2020/05/04 06:00,0
2020/05/04 07:00,0.826542056
2020/05/04 08:00,6.199065421
2020/05/04 09:00,6.199065421
2020/05/04 10:00,6.199065421
2020/05/04 11:00,5.207673447
2020/05/04 12:00,2.038588235
2020/05/04 13:00,0
2020/05/04 14:00,0
2020/05/04 15:00,0
2020/05/04 16:00,0
2020/05/04 17:00,1.68
2020/05/04 18:00,2.52
2020/05/04 19:00,0
2020/05/04 20:00,0
2020/05/04 21:00,0
2020/05/04 22:00,0
2020/05/04 23:00,0
2020/05/05 00:00,0
2020/05/05 01:00,0
2020/05/05 02:00,0
2020/05/05 03:00,0
2020/05/05 04:00,0
2020/05/05 05:00,0
2020/05/05 06:00,0
2020/05/05 07:00,0.613756906
2020/05/05 08:00,5.260773481
2020/05/05 09:00,5.260773481
2020/05/05 10:00,9.458971495
2020/05/05 11:00,4.804347826
2020/05/05 12:00,1.521376812
2020/05/05 13:00,1.698285714
2020/05/05 14:00,5.731714286
2020/05/05 15:00,0
2020/05/05 16:00,0
2020/05/05 17:00,5.770992366
2020/05/05 18:00,8.237581107
2020/05/05 19:00,12.67070611
2020/05/05 20:00,8.021331107
2020/05/05 21:00,2.679389313
2020/05/05 22:00,0
2020/05/05 23:00,0
2020/05/06 00:00,0
2020/05/06 01:00,0
2020/05/06 02:00,0
2020/05/06 03:00,0
2020/05/06 04:00,0
2020/05/06 05:00,0.656043956
2020/05/06 06:00,6.56043956
2020/05/06 07:00,2.733516484
2020/05/06 08:00,0
2020/05/06 09:00,0
2020/05/06 10:00,0.127272727
2020/05/06 11:00,3.818181818
2020/05/06 12:00,0.954545455
2020/05/06 13:00,0
2020/05/06 14:00,0
2020/05/06 15:00,0
2020/05/06 16:00,0
2020/05/06 17:00,0
2020/05/06 18:00,0
2020/05/06 19:00,0
2020/05/06 20:00,0
2020/05/06 21:00,0
2020/05/06 22:00,0
2020/05/06 23:00,0
2020/05/07 00:00,0
2020/05/07 01:00,0
2020/05/07 02:00,0
2020/05/07 03:00,0
2020/05/07 04:00,0
2020/05/07 05:00,0
2020/05/07 06:00,0
2020/05/07 07:00,0.514457831
2020/05/07 08:00,4.409638554
2020/05/07 09:00,4.409638554
2020/05/07 10:00,4.409638554
2020/05/07 11:00,4.409638554
2020/05/07 12:00,0.146987952
2020/05/07 13:00,0
2020/05/07 14:00,0
2020/05/07 15:00,0
2020/05/07 16:00,0
2020/05/07 17:00,0
2020/05/07 18:00,0
2020/05/07 19:00,2.683571429
2020/05/07 20:00,0
2020/05/07 21:00,0
2020/05/07 22:00,0
2020/05/07 23:00,0
2020/05/08 00:00,0
2020/05/08 01:00,0
2020/05/08 02:00,0
2020/05/08 03:00,0
2020/05/08 04:00,0
2020/05/08 05:00,0
2020/05/08 06:00,2.682183908
2020/05/08 07:00,7.00167703
2020/05/08 08:00,11.06178632
2020/05/08 09:00,8.030122189
2020/05/08 10:00,9.83087271
2020/05/08 11:00,3.820490196
2020/05/08 12:00,0.592867647
2020/05/08 13:00,0
2020/05/08 14:00,2.641104294
2020/05/08 15:00,3.773006135
2020/05/08 16:00,3.773006135
2020/05/08 17:00,0.062883436
2020/05/08 18:00,0
2020/05/08 19:00,0
2020/05/08 20:00,0
2020/05/08 21:00,0
2020/05/08 22:00,0
2020/05/08 23:00,0
2020/05/09 00:00,0
2020/05/09 01:00,0
2020/05/09 02:00,0
2020/05/09 03:00,0
2020/05/09 04:00,0
2020/05/09 05:00,0
2020/05/09 06:00,0
2020/05/09 07:00,4.038115942
2020/05/09 08:00,7.126086957
2020/05/09 09:00,8.479001755
2020/05/09 10:00,13.9789296
2020/05/09 11:00,23.02092249
2020/05/09 12:00,15.32661681
2020/05/09 13:00,8.579357325
2020/05/09 14:00,10.4424407
2020/05/09 15:00,11.33004152
2020/05/09 16:00,6.548486911
2020/05/09 17:00,0
2020/05/09 18:00,0
2020/05/09 19:00,0
2020/05/09 20:00,0
2020/05/09 21:00,2.304663462
2020/05/09 22:00,4.768269231
2020/05/09 23:00,4.768269231
2020/05/10 00:00,4.688798077
2020/05/10 01:00,0
2020/05/10 02:00,0
2020/05/10 03:00,0
2020/05/10 04:00,0
2020/05/10 05:00,0
2020/05/10 06:00,0
2020/05/10 07:00,0
2020/05/10 08:00,0
2020/05/10 09:00,2.272875
2020/05/10 10:00,0.917125
2020/05/10 11:00,3.438440367
2020/05/10 12:00,5.289908257
2020/05/10 13:00,1.861868767
2020/05/10 14:00,4.029782609
2020/05/10 15:00,1.689473684
2020/05/10 16:00,0.450526316
2020/05/10 17:00,0
2020/05/10 18:00,0
2020/05/10 19:00,0
2020/05/10 20:00,0
2020/05/10 21:00,0
2020/05/10 22:00,0
2020/05/10 23:00,0
2020/05/11 00:00,0
2020/05/11 01:00,0
2020/05/11 02:00,0
2020/05/11 03:00,0
2020/05/11 04:00,0
2020/05/11 05:00,0
2020/05/11 06:00,0
2020/05/11 07:00,0.836129032
2020/05/11 08:00,6.270967742
2020/05/11 09:00,6.270967742
2020/05/11 10:00,6.061935484
2020/05/11 11:00,0
2020/05/11 12:00,0
2020/05/11 13:00,0
2020/05/11 14:00,0
2020/05/11 15:00,3.529431818
2020/05/11 16:00,3.651136364
2020/05/11 17:00,4.329431818
2020/05/11 18:00,3
2020/05/11 19:00,1.25
2020/05/11 20:00,0
2020/05/11 21:00,0
2020/05/11 22:00,0
2020/05/11 23:00,0
2020/05/12 00:00,0
2020/05/12 01:00,0
2020/05/12 02:00,0
2020/05/12 03:00,0
2020/05/12 04:00,0
2020/05/12 05:00,0
2020/05/12 06:00,0
2020/05/12 07:00,1.857679558
2020/05/12 08:00,6.192265193
2020/05/12 09:00,6.192265193
2020/05/12 10:00,4.437790055
2020/05/12 11:00,0
2020/05/12 12:00,0.170135747
2020/05/12 13:00,2.552036199
2020/05/12 14:00,3.04797216
2020/05/12 15:00,8.503267726
2020/05/12 16:00,7.524987183
2020/05/12 17:00,6.629693066
2020/05/12 18:00,6.252769989
2020/05/12 19:00,5.951231527
2020/05/12 20:00,5.951231527
2020/05/12 21:00,4.066674877
2020/05/12 22:00,0
2020/05/12 23:00,0
2020/05/13 00:00,0
2020/05/13 01:00,0
2020/05/13 02:00,0
2020/05/13 03:00,0
2020/05/13 04:00,0
2020/05/13 05:00,0.327032967
2020/05/13 06:00,6.540659341
2020/05/13 07:00,3.792598954
2020/05/13 08:00,4.441747573
2020/05/13 09:00,4.441747573
2020/05/13 10:00,4.441747573
2020/05/13 11:00,1.184466019
2020/05/13 12:00,0
2020/05/13 13:00,0
2020/05/13 14:00,0
2020/05/13 15:00,0
2020/05/13 16:00,0.882814371
2020/05/13 17:00,3.095574657
2020/05/13 18:00,2.680413367
2020/05/13 19:00,0.921197605
2020/05/13 20:00,0
2020/05/13 21:00,0
2020/05/13 22:00,0
2020/05/13 23:00,0
2020/05/14 00:00,0
2020/05/14 01:00,0
2020/05/14 02:00,0
2020/05/14 03:00,0
2020/05/14 04:00,0
2020/05/14 05:00,0
2020/05/14 06:00,4.149264706
2020/05/14 07:00,6.551470588
2020/05/14 08:00,4.149264706
2020/05/14 09:00,0
2020/05/14 10:00,0
2020/05/14 11:00,1.668214286
2020/05/14 12:00,0.061785714
2020/05/14 13:00,0
2020/05/14 14:00,0
2020/05/14 15:00,0
2020/05/14 16:00,0
2020/05/14 17:00,0
2020/05/14 18:00,0
2020/05/14 19:00,0
2020/05/14 20:00,0
2020/05/14 21:00,0
2020/05/14 22:00,0
2020/05/14 23:00,0
2020/05/15 00:00,0
2020/05/15 01:00,0
2020/05/15 02:00,0
2020/05/15 03:00,0
2020/05/15 04:00,0
2020/05/15 05:00,0.354666667
2020/05/15 06:00,7.093333333
2020/05/15 07:00,4.551255814
2020/05/15 08:00,6.273488372
2020/05/15 09:00,6.273488372
2020/05/15 10:00,6.273488372
2020/05/15 11:00,6.269167959
2020/05/15 12:00,6.266666667
2020/05/15 13:00,0.104444444
2020/05/15 14:00,0
2020/05/15 15:00,0
2020/05/15 16:00,0
2020/05/15 17:00,0
2020/05/15 18:00,0
2020/05/15 19:00,0
2020/05/15 20:00,0
2020/05/15 21:00,0
2020/05/15 22:00,0
2020/05/15 23:00,0
2020/05/16 00:00,0
2020/05/16 01:00,0
2020/05/16 02:00,0
2020/05/16 03:00,0
2020/05/16 04:00,0
2020/05/16 05:00,0
2020/05/16 06:00,0
2020/05/16 07:00,0
2020/05/16 08:00,0
2020/05/16 09:00,2.200961538
2020/05/16 10:00,6.724754775
2020/05/16 11:00,7.750031529
2020/05/16 12:00,10.48461144
2020/05/16 13:00,11.42939253
2020/05/16 14:00,10.26491885
2020/05/16 15:00,6.422155689
2020/05/16 16:00,6.422155689
2020/05/16 17:00,6.422155689
2020/05/16 18:00,2.568862275
2020/05/16 19:00,0
2020/05/16 20:00,0
2020/05/16 21:00,0
2020/05/16 22:00,0
2020/05/16 23:00,0
2020/05/17 00:00,0
2020/05/17 01:00,0
2020/05/17 02:00,0
2020/05/17 03:00,0
2020/05/17 04:00,0
2020/05/17 05:00,0
2020/05/17 06:00,0
2020/05/17 07:00,0
2020/05/17 08:00,0
2020/05/17 09:00,2.502972973
2020/05/17 10:00,0.927027027
2020/05/17 11:00,0
2020/05/17 12:00,0.8224
2020/05/17 13:00,6.168
2020/05/17 14:00,1.223965079
2020/05/17 15:00,8.302797619
2020/05/17 16:00,18.15604792
2020/05/17 17:00,16.85652184
2020/05/17 18:00,0.910267544
2020/05/17 19:00,0
2020/05/17 20:00,0
2020/05/17 21:00,0
2020/05/17 22:00,0
2020/05/17 23:00,0
2020/05/18 00:00,0
2020/05/18 01:00,0
2020/05/18 02:00,0
2020/05/18 03:00,0
2020/05/18 04:00,0
2020/05/18 05:00,0
2020/05/18 06:00,0
2020/05/18 07:00,1.104424779
2020/05/18 08:00,5.097345133
2020/05/18 09:00,8.838234022
2020/05/18 10:00,14.64559075
2020/05/18 11:00,16.51375912
2020/05/18 12:00,10.73285862
2020/05/18 13:00,8.698522876
2020/05/18 14:00,6.327446524
2020/05/18 15:00,6.436363636
2020/05/18 16:00,0.965454545
2020/05/18 17:00,0
2020/05/18 18:00,1.306190476
2020/05/18 19:00,6.028571429
2020/05/18 20:00,3.215238095
2020/05/18 21:00,0
2020/05/18 22:00,0
2020/05/18 23:00,0
2020/05/19 00:00,0
2020/05/19 01:00,0
2020/05/19 02:00,0
2020/05/19 03:00,0
2020/05/19 04:00,0
2020/05/19 05:00,0
2020/05/19 06:00,2.41426087
2020/05/19 07:00,10.17768116
2020/05/19 08:00,7.868057971
2020/05/19 09:00,1.729271523
2020/05/19 10:00,6.103311258
2020/05/19 11:00,6.103311258
2020/05/19 12:00,1.42410596
2020/05/19 13:00,2.032067511
2020/05/19 14:00,6.096202532
2020/05/19 15:00,6.096202532
2020/05/19 16:00,7.619579155
2020/05/19 17:00,10.00735969
2020/05/19 18:00,14.42744746
2020/05/19 19:00,19.78898256
2020/05/19 20:00,14.69066123
2020/05/19 21:00,4.231497326
2020/05/19 22:00,0
2020/05/19 23:00,0
2020/05/20 00:00,0
2020/05/20 01:00,0
2020/05/20 02:00,0
2020/05/20 03:00,0
2020/05/20 04:00,0
2020/05/20 05:00,0
2020/05/20 06:00,0
2020/05/20 07:00,0
2020/05/20 08:00,5.717032258
2020/05/20 09:00,6.352258065
2020/05/20 10:00,4.340709677
2020/05/20 11:00,1.476451613
2020/05/20 12:00,6.124713436
2020/05/20 13:00,6.390291262
2020/05/20 14:00,0.958543689
2020/05/20 15:00,0
2020/05/20 16:00,0
2020/05/20 17:00,0.433076923
2020/05/20 18:00,4.330769231
2020/05/20 19:00,4.330769231
2020/05/20 20:00,2.165384615
2020/05/20 21:00,0
2020/05/20 22:00,0
2020/05/20 23:00,0
2020/05/21 00:00,0
2020/05/21 01:00,0
2020/05/21 02:00,0
2020/05/21 03:00,0
2020/05/21 04:00,0
2020/05/21 05:00,0
2020/05/21 06:00,1.791176471
2020/05/21 07:00,2.313876161
2020/05/21 08:00,6.025263158
2020/05/21 09:00,11.7120743
2020/05/21 10:00,19.22583586
2020/05/21 11:00,5.338095238
2020/05/21 12:00,5.338095238
2020/05/21 13:00,7.913915675
2020/05/21 14:00,4.1496875
2020/05/21 15:00,1.654333333
2020/05/21 16:00,0
2020/05/21 17:00,0
2020/05/21 18:00,0
2020/05/21 19:00,0
2020/05/21 20:00,0
2020/05/21 21:00,0
2020/05/21 22:00,0
2020/05/21 23:00,0
2020/05/22 00:00,0
2020/05/22 01:00,0
2020/05/22 02:00,0
2020/05/22 03:00,0
2020/05/22 04:00,0
2020/05/22 05:00,0.650769231
2020/05/22 06:00,6.507692308
2020/05/22 07:00,4.391930618
2020/05/22 08:00,12.52491942
2020/05/22 09:00,17.24642387
2020/05/22 10:00,14.54886183
2020/05/22 11:00,8.379834375
2020/05/22 12:00,6.202877698
2020/05/22 13:00,6.202877698
2020/05/22 14:00,6.202877698
2020/05/22 15:00,10.09938563
2020/05/22 16:00,5.561549617
2020/05/22 17:00,2.670676329
2020/05/22 18:00,3.515108696
2020/05/22 19:00,4.316775362
2020/05/22 20:00,1.267439614
2020/05/22 21:00,0
2020/05/22 22:00,0
2020/05/22 23:00,0
2020/05/23 00:00,0
2020/05/23 01:00,0
2020/05/23 02:00,0
2020/05/23 03:00,0
2020/05/23 04:00,0
2020/05/23 05:00,0
2020/05/23 06:00,0
2020/05/23 07:00,0
2020/05/23 08:00,0
2020/05/23 09:00,0
2020/05/23 10:00,0.810526316
2020/05/23 11:00,0
2020/05/23 12:00,3.76826087
2020/05/23 13:00,5.86173913
2020/05/23 14:00,0
2020/05/23 15:00,2.384
2020/05/23 16:00,6.007794118
2020/05/23 17:00,6.443647059
2020/05/23 18:00,0.334558824
2020/05/23 19:00,0
2020/05/23 20:00,0
2020/05/23 21:00,0
2020/05/23 22:00,0
2020/05/23 23:00,0
2020/05/24 00:00,0
2020/05/24 01:00,0
2020/05/24 02:00,0
2020/05/24 03:00,0
2020/05/24 04:00,0
2020/05/24 05:00,0
2020/05/24 06:00,0
2020/05/24 07:00,0
2020/05/24 08:00,0
2020/05/24 09:00,2.538095238
2020/05/24 10:00,2.661904762
2020/05/24 11:00,0
2020/05/24 12:00,0
2020/05/24 13:00,0
2020/05/24 14:00,0
2020/05/24 15:00,0
2020/05/24 16:00,0
2020/05/24 17:00,0
2020/05/24 18:00,0
2020/05/24 19:00,0
2020/05/24 20:00,0
2020/05/24 21:00,0
2020/05/24 22:00,0
2020/05/24 23:00,0
2020/05/25 00:00,0
2020/05/25 01:00,0
2020/05/25 02:00,0
2020/05/25 03:00,0
2020/05/25 04:00,0
2020/05/25 05:00,0
2020/05/25 06:00,0
2020/05/25 07:00,0
2020/05/25 08:00,2.255
2020/05/25 09:00,3.3
2020/05/25 10:00,2.035
2020/05/25 11:00,0
2020/05/25 12:00,2.445148515
2020/05/25 13:00,8.283714661
2020/05/25 14:00,8.232027914
2020/05/25 15:00,8.264723139
2020/05/25 16:00,8.111019435
2020/05/25 17:00,11.47847295
2020/05/25 18:00,12.68299577
2020/05/25 19:00,8.607748244
2020/05/25 20:00,6.570124481
2020/05/25 21:00,1.314024896
2020/05/25 22:00,0
2020/05/25 23:00,0
2020/05/26 00:00,0
2020/05/26 01:00,0
2020/05/26 02:00,0
2020/05/26 03:00,0
2020/05/26 04:00,0
2020/05/26 05:00,0
2020/05/26 06:00,0
2020/05/26 07:00,1.266242775
2020/05/26 08:00,4.220809249
2020/05/26 09:00,4.220809249
2020/05/26 10:00,2.462138728
2020/05/26 11:00,0
2020/05/26 12:00,1.514758621
2020/05/26 13:00,4.783448276
2020/05/26 14:00,7.503918864
2020/05/26 15:00,8.431246595
2020/05/26 16:00,10.8792466
2020/05/26 17:00,7.838721708
2020/05/26 18:00,5.622087912
2020/05/26 19:00,1.136571429
2020/05/26 20:00,0
2020/05/26 21:00,0
2020/05/26 22:00,0
2020/05/26 23:00,0
2020/05/27 00:00,0
2020/05/27 01:00,0
2020/05/27 02:00,0
2020/05/27 03:00,0
2020/05/27 04:00,0
2020/05/27 05:00,0
2020/05/27 06:00,0
2020/05/27 07:00,1.603846154
2020/05/27 08:00,5.346153846
2020/05/27 09:00,6.998483943
2020/05/27 10:00,6.836068312
2020/05/27 11:00,7.97832054
2020/05/27 12:00,17.71194665
2020/05/27 13:00,6.805765351
2020/05/27 14:00,3.525062264
2020/05/27 15:00,1.884352941
2020/05/27 16:00,0
2020/05/27 17:00,0
2020/05/27 18:00,0
2020/05/27 19:00,0.048507463
2020/05/27 20:00,2.910447761
2020/05/27 21:00,0.291044776
2020/05/27 22:00,0
2020/05/27 23:00,0
2020/05/28 00:00,0
2020/05/28 01:00,0
2020/05/28 02:00,0
2020/05/28 03:00,0
2020/05/28 04:00,0
2020/05/28 05:00,0
2020/05/28 06:00,0
2020/05/28 07:00,0
2020/05/28 08:00,0
2020/05/28 09:00,0
2020/05/28 10:00,1.592063492
2020/05/28 11:00,4.776190476
2020/05/28 12:00,3.661746032
2020/05/28 13:00,0
2020/05/28 14:00,0
2020/05/28 15:00,4.400170455
2020/05/28 16:00,6.139772727
2020/05/28 17:00,6.139772727
2020/05/28 18:00,6.139772727
2020/05/28 19:00,6.139772727
2020/05/28 20:00,6.139772727
2020/05/28 21:00,0.920965909
2020/05/28 22:00,0
2020/05/28 23:00,0
2020/05/29 00:00,0
2020/05/29 01:00,0
2020/05/29 02:00,0
2020/05/29 03:00,0
2020/05/29 04:00,0
2020/05/29 05:00,0
2020/05/29 06:00,0
2020/05/29 07:00,7.543057325
2020/05/29 08:00,6.673949045
2020/05/29 09:00,6.343949045
2020/05/29 10:00,2.749044586
2020/05/29 11:00,2.668679245
2020/05/29 12:00,4.707169811
2020/05/29 13:00,2.892722372
2020/05/29 14:00,3.085714286
2020/05/29 15:00,7.477898194
2020/05/29 16:00,2.767816092
2020/05/29 17:00,0
2020/05/29 18:00,1.205182482
2020/05/29 19:00,6.573722628
2020/05/29 20:00,6.573722628
2020/05/29 21:00,0.657372263
2020/05/29 22:00,0
2020/05/29 23:00,0
2020/05/30 00:00,0
2020/05/30 01:00,0
2020/05/30 02:00,0
2020/05/30 03:00,0
2020/05/30 04:00,0
2020/05/30 05:00,0
2020/05/30 06:00,0
2020/05/30 07:00,0
2020/05/30 08:00,2.891081081
2020/05/30 09:00,15.28861221
2020/05/30 10:00,16.49652797
2020/05/30 11:00,13.47804092
2020/05/30 12:00,11.25357287
2020/05/30 13:00,3.650580274
2020/05/30 14:00,15.25037586
2020/05/30 15:00,8.834228951
2020/05/30 16:00,2.546979866
2020/05/30 17:00,0
2020/05/30 18:00,0
2020/05/30 19:00,0
2020/05/30 20:00,0
2020/05/30 21:00,0
2020/05/30 22:00,0
2020/05/30 23:00,0
2020/05/31 00:00,0
2020/05/31 01:00,0
2020/05/31 02:00,0
2020/05/31 03:00,0
2020/05/31 04:00,0
2020/05/31 05:00,0
2020/05/31 06:00,0
2020/05/31 07:00,3.792516129
2020/05/31 08:00,7.110967742
2020/05/31 09:00,10.32066923
2020/05/31 10:00,4.542115551
2020/05/31 11:00,3.760563026
2020/05/31 12:00,3.285148515
2020/05/31 13:00,2.661943247
2020/05/31 14:00,7.957919066
2020/05/31 15:00,9.498597032
2020/05/31 16:00,4.059560457
2020/05/31 17:00,0
2020/05/31 18:00,6.267460317
2020/05/31 19:00,1.182539683
2020/05/31 20:00,0
2020/05/31 21:00,0
2020/05/31 22:00,0
2020/05/31 23:00,0
2020/06/01 00:00,0
2020/06/01 01:00,0
2020/06/01 02:00,0
2020/06/01 03:00,0
2020/06/01 04:00,0
2020/06/01 05:00,0.654352941
2020/06/01 06:00,6.543529412
2020/06/01 07:00,3.652643963
2020/06/01 08:00,6.322105263
2020/06/01 09:00,6.322105263
2020/06/01 10:00,5.204715789
2020/06/01 11:00,2.177547368
2020/06/01 12:00,0
2020/06/01 13:00,0
2020/06/01 14:00,0
2020/06/01 15:00,0
2020/06/01 16:00,2.607214286
2020/06/01 17:00,3.476285714
2020/06/01 18:00,6.883632653
2020/06/01 19:00,4.140520408
2020/06/01 20:00,0
2020/06/01 21:00,0
2020/06/01 22:00,0
2020/06/01 23:00,0
2020/06/02 00:00,0
2020/06/02 01:00,0
2020/06/02 02:00,0
2020/06/02 03:00,0
2020/06/02 04:00,0
2020/06/02 05:00,0
2020/06/02 06:00,1.914081203
2020/06/02 07:00,7.575329323
2020/06/02 08:00,3.476589474
2020/06/02 09:00,0
2020/06/02 10:00,0
2020/06/02 11:00,4.23260241
2020/06/02 12:00,7.054337349
2020/06/02 13:00,8.748904016
2020/06/02 14:00,2.987156225
2020/06/02 15:00,0
2020/06/02 16:00,1.39377551
2020/06/02 17:00,5.912905478
2020/06/02 18:00,7.891852846
2020/06/02 19:00,7.613097744
2020/06/02 20:00,1.422368421
2020/06/02 21:00,0
2020/06/02 22:00,0
2020/06/02 23:00,0
2020/06/03 00:00,0
2020/06/03 01:00,0
2020/06/03 02:00,0
2020/06/03 03:00,0
2020/06/03 04:00,0
2020/06/03 05:00,0
2020/06/03 06:00,0
2020/06/03 07:00,1.056629213
2020/06/03 08:00,6.339775281
2020/06/03 09:00,6.896915632
2020/06/03 10:00,9.786742711
2020/06/03 11:00,9.597224911
2020/06/03 12:00,9.597224911
2020/06/03 13:00,5.569487341
2020/06/03 14:00,1.960176471
2020/06/03 15:00,2.813823529
2020/06/03 16:00,0
2020/06/03 17:00,0.571717842
2020/06/03 18:00,5.717178423
2020/06/03 19:00,5.717178423
2020/06/03 20:00,5.717178423
2020/06/03 21:00,5.240746888
2020/06/03 22:00,0
2020/06/03 23:00,0
2020/06/04 00:00,0
2020/06/04 01:00,0
2020/06/04 02:00,0
2020/06/04 03:00,0
2020/06/04 04:00,0
2020/06/04 05:00,0
2020/06/04 06:00,0
2020/06/04 07:00,1.092210811
2020/06/04 08:00,8.680367842
2020/06/04 09:00,12.9251143
2020/06/04 10:00,10.52928003
2020/06/04 11:00,4.655027015
2020/06/04 12:00,0
2020/06/04 13:00,0
2020/06/04 14:00,0
2020/06/04 15:00,0
2020/06/04 16:00,0
2020/06/04 17:00,0
2020/06/04 18:00,0
2020/06/04 19:00,0
2020/06/04 20:00,0
2020/06/04 21:00,0
2020/06/04 22:00,0
2020/06/04 23:00,0
2020/06/05 00:00,0
2020/06/05 01:00,0
2020/06/05 02:00,0
2020/06/05 03:00,0
2020/06/05 04:00,0
2020/06/05 05:00,0
2020/06/05 06:00,2.535924779
2020/06/05 07:00,8.772119791
2020/06/05 08:00,7.946868474
2020/06/05 09:00,6.581478261
2020/06/05 10:00,6.581478261
2020/06/05 11:00,11.32934212
2020/06/05 12:00,15.29910546
2020/06/05 13:00,6.583932853
2020/06/05 14:00,2.07075
2020/06/05 15:00,0
2020/06/05 16:00,0
2020/06/05 17:00,0
2020/06/05 18:00,0
2020/06/05 19:00,0
2020/06/05 20:00,0
2020/06/05 21:00,0
2020/06/05 22:00,0
2020/06/05 23:00,0
2020/06/06 00:00,0
2020/06/06 01:00,0
2020/06/06 02:00,0
2020/06/06 03:00,0
2020/06/06 04:00,0
2020/06/06 05:00,0
2020/06/06 06:00,0
2020/06/06 07:00,0
2020/06/06 08:00,0
2020/06/06 09:00,0
2020/06/06 10:00,2.118889831
2020/06/06 11:00,5.470987371
2020/06/06 12:00,6.800514955
2020/06/06 13:00,1.826607843
2020/06/06 14:00,0
2020/06/06 15:00,0
2020/06/06 16:00,0.360439655
2020/06/06 17:00,3.089482759
2020/06/06 18:00,2.523077586
2020/06/06 19:00,0
2020/06/06 20:00,0
2020/06/06 21:00,0
2020/06/06 22:00,0
2020/06/06 23:00,0
2020/06/07 00:00,0
2020/06/07 01:00,0
2020/06/07 02:00,0
2020/06/07 03:00,0
2020/06/07 04:00,0
2020/06/07 05:00,0
2020/06/07 06:00,0
2020/06/07 07:00,0
2020/06/07 08:00,0
2020/06/07 09:00,0
2020/06/07 10:00,0
2020/06/07 11:00,0
2020/06/07 12:00,3.015809917
2020/06/07 13:00,14.72853864
2020/06/07 14:00,8.020631273
2020/06/07 15:00,8.195718094
2020/06/07 16:00,12.12888886
2020/06/07 17:00,6.211442033
2020/06/07 18:00,3.742971182
2020/06/07 19:00,0
2020/06/07 20:00,2.753692308
2020/06/07 21:00,2.360307692
2020/06/07 22:00,0
2020/06/07 23:00,0
2020/06/08 00:00,0
2020/06/08 01:00,0
2020/06/08 02:00,0
2020/06/08 03:00,0
2020/06/08 04:00,0
2020/06/08 05:00,0
2020/06/08 06:00,0
2020/06/08 07:00,1.377277778
2020/06/08 08:00,7.789439394
2020/06/08 09:00,9.426893939
2020/06/08 10:00,6.356666667
2020/06/08 11:00,2.436722222
2020/06/08 12:00,0
2020/06/08 13:00,0
2020/06/08 14:00,0
2020/06/08 15:00,1.881043478
2020/06/08 16:00,0.822956522
2020/06/08 17:00,0
2020/06/08 18:00,0
2020/06/08 19:00,0
2020/06/08 20:00,0
2020/06/08 21:00,0
2020/06/08 22:00,0
2020/06/08 23:00,0
2020/06/09 00:00,0
2020/06/09 01:00,0
2020/06/09 02:00,0
2020/06/09 03:00,0
2020/06/09 04:00,0
2020/06/09 05:00,0
2020/06/09 06:00,0
2020/06/09 07:00,0
2020/06/09 08:00,0
2020/06/09 09:00,0
2020/06/09 10:00,0
2020/06/09 11:00,0.547541176
2020/06/09 12:00,5.204004902
2020/06/09 13:00,3.941870588
2020/06/09 14:00,6.165
2020/06/09 15:00,6.430454545
2020/06/09 16:00,0.697128788
2020/06/09 17:00,0
2020/06/09 18:00,6.444918033
2020/06/09 19:00,0.703081967
2020/06/09 20:00,0
2020/06/09 21:00,0
2020/06/09 22:00,0
2020/06/09 23:00,0
2020/06/10 00:00,0
2020/06/10 01:00,0
2020/06/10 02:00,0
2020/06/10 03:00,0
2020/06/10 04:00,0
2020/06/10 05:00,0.546292135
2020/06/10 06:00,6.555505618
2020/06/10 07:00,3.32143722
2020/06/10 08:00,15.59507009
2020/06/10 09:00,17.3617851
2020/06/10 10:00,22.78789641
2020/06/10 11:00,9.111829475
2020/06/10 12:00,17.12836857
2020/06/10 13:00,4.712781757
2020/06/10 14:00,7.397498108
2020/06/10 15:00,3.031344262
2020/06/10 16:00,4.620089807
2020/06/10 17:00,8.580631391
2020/06/10 18:00,7.589266875
2020/06/10 19:00,10.29469591
2020/06/10 20:00,3.429037332
2020/06/10 21:00,3.031344262
2020/06/10 22:00,3.031344262
2020/06/10 23:00,3.031344262
2020/06/11 00:00,3.031344262
2020/06/11 01:00,3.031344262
2020/06/11 02:00,3.031344262
2020/06/11 03:00,3.031344262
2020/06/11 04:00,1.263060109
2020/06/11 05:00,0
2020/06/11 06:00,0.928431818
2020/06/11 07:00,3.690506326
2020/06/11 08:00,4.79628866
2020/06/11 09:00,7.919443361
2020/06/11 10:00,5.430133959
2020/06/11 11:00,6.24367262
2020/06/11 12:00,5.891860465
2020/06/11 13:00,6.763180032
2020/06/11 14:00,3.231724138
2020/06/11 15:00,0.672665597
2020/06/11 16:00,7.244593023
2020/06/11 17:00,3.007360656
2020/06/11 18:00,0.637639344
2020/06/11 19:00,3.476666667
2020/06/11 20:00,0.695333333
2020/06/11 21:00,0
2020/06/11 22:00,0
2020/06/11 23:00,0
2020/06/12 00:00,0
2020/06/12 01:00,0
2020/06/12 02:00,0
2020/06/12 03:00,0
2020/06/12 04:00,0
2020/06/12 05:00,0.2038125
2020/06/12 06:00,7.696387175
2020/06/12 07:00,15.05308604
2020/06/12 08:00,7.402337662
2020/06/12 09:00,10.71662338
2020/06/12 10:00,15.74193485
2020/06/12 11:00,10.60634472
2020/06/12 12:00,9.845102248
2020/06/12 13:00,9.31369735
2020/06/12 14:00,9.211925128
2020/06/12 15:00,3.207364017
2020/06/12 16:00,2.28167526
2020/06/12 17:00,1.262709677
2020/06/12 18:00,0
2020/06/12 19:00,0
2020/06/12 20:00,0
2020/06/12 21:00,0
2020/06/12 22:00,0
2020/06/12 23:00,0
2020/06/13 00:00,0
2020/06/13 01:00,0
2020/06/13 02:00,0
2020/06/13 03:00,0
2020/06/13 04:00,0
2020/06/13 05:00,0
2020/06/13 06:00,0
2020/06/13 07:00,0
2020/06/13 08:00,0
2020/06/13 09:00,4.987690955
2020/06/13 10:00,10.62694957
2020/06/13 11:00,15.14614289
2020/06/13 12:00,13.39530769
2020/06/13 13:00,9.144934164
2020/06/13 14:00,6.616391864
2020/06/13 15:00,8.819288771
2020/06/13 16:00,6.333969184
2020/06/13 17:00,7.092716606
2020/06/13 18:00,7.388677955
2020/06/13 19:00,3.043283582
2020/06/13 20:00,3.043283582
2020/06/13 21:00,1.572363184
2020/06/13 22:00,0
2020/06/13 23:00,0
2020/06/14 00:00,0
2020/06/14 01:00,0
2020/06/14 02:00,0
2020/06/14 03:00,0
2020/06/14 04:00,0
2020/06/14 05:00,0
2020/06/14 06:00,0
2020/06/14 07:00,0
2020/06/14 08:00,1.284046875
2020/06/14 09:00,2.288953125
2020/06/14 10:00,3.834452833
2020/06/14 11:00,9.01867365
2020/06/14 12:00,5.987873518
2020/06/14 13:00,0
2020/06/14 14:00,0
2020/06/14 15:00,1.421301075
2020/06/14 16:00,6.759556989
2020/06/14 17:00,7.929023656
2020/06/14 18:00,5.27911828
2020/06/14 19:00,0
2020/06/14 20:00,0
2020/06/14 21:00,0
2020/06/14 22:00,0
2020/06/14 23:00,0
2020/06/15 00:00,0
2020/06/15 01:00,0
2020/06/15 02:00,0
2020/06/15 03:00,0
2020/06/15 04:00,0
2020/06/15 05:00,0
2020/06/15 06:00,0
2020/06/15 07:00,0
2020/06/15 08:00,4.218181818
2020/06/15 09:00,6.327272727
2020/06/15 10:00,6.327272727
2020/06/15 11:00,2.847272727
2020/06/15 12:00,0
2020/06/15 13:00,0
2020/06/15 14:00,0
2020/06/15 15:00,0
2020/06/15 16:00,0
2020/06/15 17:00,0
2020/06/15 18:00,0
2020/06/15 19:00,0
2020/06/15 20:00,0
2020/06/15 21:00,0
2020/06/15 22:00,0
2020/06/15 23:00,0
2020/06/16 00:00,0
2020/06/16 01:00,0
2020/06/16 02:00,0
2020/06/16 03:00,0
2020/06/16 04:00,0
2020/06/16 05:00,0
2020/06/16 06:00,0.2366
2020/06/16 07:00,8.388130005
2020/06/16 08:00,8.835257649
2020/06/16 09:00,8.369827342
2020/06/16 10:00,7.959787945
2020/06/16 11:00,3.470397059
2020/06/16 12:00,0
2020/06/16 13:00,0
2020/06/16 14:00,0
2020/06/16 15:00,1.572567568
2020/06/16 16:00,6.29027027
2020/06/16 17:00,10.32907027
2020/06/16 18:00,11.33877027
2020/06/16 19:00,7.29997027
2020/06/16 20:00,4.298351351
2020/06/16 21:00,0
2020/06/16 22:00,0
2020/06/16 23:00,0
2020/06/17 00:00,0
2020/06/17 01:00,0
2020/06/17 02:00,0
2020/06/17 03:00,0
2020/06/17 04:00,0
2020/06/17 05:00,0
2020/06/17 06:00,4.332571429
2020/06/17 07:00,2.204428571
2020/06/17 08:00,0.823181818
2020/06/17 09:00,4.753985893
2020/06/17 10:00,6.539968652
2020/06/17 11:00,3.215863636
2020/06/17 12:00,0
2020/06/17 13:00,1.311673469
2020/06/17 14:00,6.053877551
2020/06/17 15:00,8.309276252
2020/06/17 16:00,5.002172727
2020/06/17 17:00,1.965970149
2020/06/17 18:00,3.217080698
2020/06/17 19:00,2.855449153
2020/06/17 20:00,4.361547619
2020/06/17 21:00,0.960952381
2020/06/17 22:00,0
2020/06/17 23:00,0
2020/06/18 00:00,0
2020/06/18 01:00,0
2020/06/18 02:00,0
2020/06/18 03:00,0
2020/06/18 04:00,0
2020/06/18 05:00,0
2020/06/18 06:00,0.099073529
2020/06/18 07:00,6.900128528
2020/06/18 08:00,7.064959793
2020/06/18 09:00,10.7379714
2020/06/18 10:00,8.516830251
2020/06/18 11:00,4.896350365
2020/06/18 12:00,4.896350365
2020/06/18 13:00,6.624054069
2020/06/18 14:00,5.912646661
2020/06/18 15:00,3.585190592
2020/06/18 16:00,6.191111111
2020/06/18 17:00,9.96829776
2020/06/18 18:00,11.68121835
2020/06/18 19:00,9.630192713
2020/06/18 20:00,8.851618661
2020/06/18 21:00,8.76090932
2020/06/18 22:00,5.987490347
2020/06/18 23:00,5.987490347
2020/06/19 00:00,5.987490347
2020/06/19 01:00,5.987490347
2020/06/19 02:00,5.987490347
2020/06/19 03:00,5.987490347
2020/06/19 04:00,5.987490347
2020/06/19 05:00,1.596664093
2020/06/19 06:00,0
2020/06/19 07:00,0
2020/06/19 08:00,0
2020/06/19 09:00,0
2020/06/19 10:00,0
2020/06/19 11:00,0
2020/06/19 12:00,3.245892473
2020/06/19 13:00,6.955483871
2020/06/19 14:00,0.579623656
2020/06/19 15:00,0.209904762
2020/06/19 16:00,0.892095238
2020/06/19 17:00,0
2020/06/19 18:00,0
2020/06/19 19:00,0
2020/06/19 20:00,0
2020/06/19 21:00,0
2020/06/19 22:00,0
2020/06/19 23:00,0
2020/06/20 00:00,0
2020/06/20 01:00,0
2020/06/20 02:00,0
2020/06/20 03:00,0
2020/06/20 04:00,0
2020/06/20 05:00,0
2020/06/20 06:00,2.346
2020/06/20 07:00,6.12
2020/06/20 08:00,9.483741379
2020/06/20 09:00,10.41413793
2020/06/20 10:00,10.25117661
2020/06/20 11:00,8.680436274
2020/06/20 12:00,9.27606317
2020/06/20 13:00,7.075230011
2020/06/20 14:00,14.1045457
2020/06/20 15:00,7.296641089
2020/06/20 16:00,6.409961089
2020/06/20 17:00,6.409961089
2020/06/20 18:00,5.331678118
2020/06/20 19:00,5.457348066
2020/06/20 20:00,6.733284237
2020/06/20 21:00,5.156179852
2020/06/20 22:00,0
2020/06/20 23:00,0
2020/06/21 00:00,0
2020/06/21 01:00,0
2020/06/21 02:00,0
2020/06/21 03:00,0
2020/06/21 04:00,0
2020/06/21 05:00,0
2020/06/21 06:00,0
2020/06/21 07:00,0
2020/06/21 08:00,7.633322755
2020/06/21 09:00,4.152677245
2020/06/21 10:00,3.828715232
2020/06/21 11:00,6.756556291
2020/06/21 12:00,6.418728477
2020/06/21 13:00,5.443428571
2020/06/21 14:00,6.37654329
2020/06/21 15:00,10.27917359
2020/06/21 16:00,9.494678721
2020/06/21 17:00,13.85554085
2020/06/21 18:00,11.89008191
2020/06/21 19:00,5.67236662
2020/06/21 20:00,5.963186441
2020/06/21 21:00,0
2020/06/21 22:00,0
2020/06/21 23:00,0
2020/06/22 00:00,0
2020/06/22 01:00,0
2020/06/22 02:00,0
2020/06/22 03:00,0
2020/06/22 04:00,0
2020/06/22 05:00,0
2020/06/22 06:00,0
2020/06/22 07:00,1.057281553
2020/06/22 08:00,6.34368932
2020/06/22 09:00,6.34368932
2020/06/22 10:00,6.34368932
2020/06/22 11:00,1.691650485
2020/06/22 12:00,0
2020/06/22 13:00,1.608910891
2020/06/22 14:00,3.712871287
2020/06/22 15:00,2.596252305
2020/06/22 16:00,3.091757917
2020/06/22 17:00,11.44815778
2020/06/22 18:00,10.10209163
2020/06/22 19:00,12.17940113
2020/06/22 20:00,4.569557062
2020/06/22 21:00,0
2020/06/22 22:00,0
2020/06/22 23:00,0
2020/06/23 00:00,0
2020/06/23 01:00,0
2020/06/23 02:00,0
2020/06/23 03:00,0
2020/06/23 04:00,0
2020/06/23 05:00,0
2020/06/23 06:00,0
2020/06/23 07:00,3.294397959
2020/06/23 08:00,9.675686456
2020/06/23 09:00,5.934155844
2020/06/23 10:00,2.27475974
2020/06/23 11:00,0
2020/06/23 12:00,0
2020/06/23 13:00,0
2020/06/23 14:00,2.898432432
2020/06/23 15:00,4.497567568
2020/06/23 16:00,0
2020/06/23 17:00,0
2020/06/23 18:00,5.871327103
2020/06/23 19:00,4.776672897
2020/06/23 20:00,0
2020/06/23 21:00,0
2020/06/23 22:00,0
2020/06/23 23:00,0
2020/06/24 00:00,0
2020/06/24 01:00,0
2020/06/24 02:00,0
2020/06/24 03:00,0
2020/06/24 04:00,0
2020/06/24 05:00,0
2020/06/24 06:00,1.725454545
2020/06/24 07:00,1.121545455
2020/06/24 08:00,2.021933333
2020/06/24 09:00,2.644066667
2020/06/24 10:00,0.91639726
2020/06/24 11:00,6.109315068
2020/06/24 12:00,0.407287671
2020/06/24 13:00,0
2020/06/24 14:00,1.172947368
2020/06/24 15:00,2.879052632
2020/06/24 16:00,0
2020/06/24 17:00,3.185596047
2020/06/24 18:00,7.15326638
2020/06/24 19:00,5.699542802
2020/06/24 20:00,0.795594771
2020/06/24 21:00,0
2020/06/24 22:00,0
2020/06/24 23:00,0
2020/06/25 00:00,0
2020/06/25 01:00,0
2020/06/25 02:00,0
2020/06/25 03:00,0
2020/06/25 04:00,0
2020/06/25 05:00,0
2020/06/25 06:00,0
2020/06/25 07:00,5.570556366
2020/06/25 08:00,11.40136311
2020/06/25 09:00,16.10028272
2020/06/25 10:00,15.47040098
2020/06/25 11:00,7.201771825
2020/06/25 12:00,6.19125
2020/06/25 13:00,7.782632603
2020/06/25 14:00,8.791650268
2020/06/25 15:00,7.297900268
2020/06/25 16:00,2.58319186
2020/06/25 17:00,4.848781319
2020/06/25 18:00,13.47341042
2020/06/25 19:00,9.1958756
2020/06/25 20:00,1.686932657
2020/06/25 21:00,0
2020/06/25 22:00,0
2020/06/25 23:00,0
2020/06/26 00:00,0
2020/06/26 01:00,0
2020/06/26 02:00,0
2020/06/26 03:00,0
2020/06/26 04:00,0
2020/06/26 05:00,0
2020/06/26 06:00,5.799406385
2020/06/26 07:00,11.76542162
2020/06/26 08:00,7.782994489
2020/06/26 09:00,5.302180095
2020/06/26 10:00,5.302180095
2020/06/26 11:00,2.732804333
2020/06/26 12:00,4.076625333
2020/06/26 13:00,12.92472165
2020/06/26 14:00,8.624416582
2020/06/26 15:00,7.203696877
2020/06/26 16:00,4.527903226
2020/06/26 17:00,4.527903226
2020/06/26 18:00,4.527903226
2020/06/26 19:00,0.830115591
2020/06/26 20:00,0
2020/06/26 21:00,0
2020/06/26 22:00,0
2020/06/26 23:00,0
2020/06/27 00:00,0
2020/06/27 01:00,0
2020/06/27 02:00,0
2020/06/27 03:00,0
2020/06/27 04:00,0
2020/06/27 05:00,0
2020/06/27 06:00,3.361085106
2020/06/27 07:00,1.425914894
2020/06/27 08:00,0
2020/06/27 09:00,3.393303797
2020/06/27 10:00,1.309696203
2020/06/27 11:00,1.411064516
2020/06/27 12:00,7.858082543
2020/06/27 13:00,5.034329132
2020/06/27 14:00,4.946440476
2020/06/27 15:00,3.38875
2020/06/27 16:00,3.38875
2020/06/27 17:00,2.684916667
2020/06/27 18:00,5.309303704
2020/06/27 19:00,4.363196581
2020/06/27 20:00,4.625089459
2020/06/27 21:00,2.435076923
2020/06/27 22:00,0
2020/06/27 23:00,0
2020/06/28 00:00,0
2020/06/28 01:00,0
2020/06/28 02:00,0
2020/06/28 03:00,0
2020/06/28 04:00,0
2020/06/28 05:00,0
2020/06/28 06:00,1.852071429
2020/06/28 07:00,6.911738916
2020/06/28 08:00,2.283048351
2020/06/28 09:00,6.666195652
2020/06/28 10:00,6.666195652
2020/06/28 11:00,5.11075
2020/06/28 12:00,2.119090909
2020/06/28 13:00,10.98812413
2020/06/28 14:00,12.09566221
2020/06/28 15:00,7.352934933
2020/06/28 16:00,5.934635545
2020/06/28 17:00,12.13684091
2020/06/28 18:00,13.93760561
2020/06/28 19:00,16.01844251
2020/06/28 20:00,8.006722059
2020/06/28 21:00,2.113941176
2020/06/28 22:00,0
2020/06/28 23:00,0
2020/06/29 00:00,0
2020/06/29 01:00,0
2020/06/29 02:00,0
2020/06/29 03:00,0
2020/06/29 04:00,0
2020/06/29 05:00,0
2020/06/29 06:00,0.160016529
2020/06/29 07:00,3.93966976
2020/06/29 08:00,9.430845875
2020/06/29 09:00,6.337192982
2020/06/29 10:00,4.647274854
2020/06/29 11:00,0
2020/06/29 12:00,0
2020/06/29 13:00,8.137456571
2020/06/29 14:00,11.46265628
2020/06/29 15:00,5.804948642
2020/06/29 16:00,12.01590074
2020/06/29 17:00,10.60848811
2020/06/29 18:00,4.838493236
2020/06/29 19:00,0
2020/06/29 20:00,0
2020/06/29 21:00,0
2020/06/29 22:00,0
2020/06/29 23:00,0
2020/06/30 00:00,0
2020/06/30 01:00,0
2020/06/30 02:00,0
2020/06/30 03:00,0
2020/06/30 04:00,0
2020/06/30 05:00,0
2020/06/30 06:00,0
2020/06/30 07:00,0.84688
2020/06/30 08:00,6.3516
2020/06/30 09:00,5.898334815
2020/06/30 10:00,4.707777778
2020/06/30 11:00,4.707777778
2020/06/30 12:00,7.363947009
2020/06/30 13:00,8.232285185
2020/06/30 14:00,8.520737305
2020/06/30 15:00,9.069364146
2020/06/30 16:00,8.994295985
2020/06/30 17:00,7.67957997
2020/06/30 18:00,13.85719144
2020/06/30 19:00,10.75517443
2020/06/30 20:00,5.421613206
2020/06/30 21:00,4.448432746
2020/06/30 22:00,4.9808867
2020/06/30 23:00,4.9808867
2020/07/01 00:00,4.9808867
2020/07/01 01:00,0.083014778
2020/07/01 02:00,0
2020/07/01 03:00,0
2020/07/01 04:00,0
2020/07/01 05:00,0
2020/07/01 06:00,0.4164
2020/07/01 07:00,4.45510929
2020/07/01 08:00,7.813796721
2020/07/01 09:00,6.148196721
2020/07/01 10:00,5.123497268
2020/07/01 11:00,0
2020/07/01 12:00,2.102598131
2020/07/01 13:00,3.71046729
2020/07/01 14:00,0.803934579
2020/07/01 15:00,3.238551724
2020/07/01 16:00,5.888275862
2020/07/01 17:00,10.48609549
2020/07/01 18:00,5.981025641
2020/07/01 19:00,10.40411314
2020/07/01 20:00,5.159761746
2020/07/01 21:00,4.778291457
2020/07/01 22:00,4.778291457
2020/07/01 23:00,4.778291457
2020/07/02 00:00,0.159276382
2020/07/02 01:00,0
2020/07/02 02:00,0
2020/07/02 03:00,0
2020/07/02 04:00,0
2020/07/02 05:00,0
2020/07/02 06:00,1.4938
2020/07/02 07:00,1.2222
2020/07/02 08:00,3.811954545
2020/07/02 09:00,9.370476827
2020/07/02 10:00,3.643627451
2020/07/02 11:00,3.497755856
2020/07/02 12:00,7.001690192
2020/07/02 13:00,12.14637908
2020/07/02 14:00,6.446948696
2020/07/02 15:00,6.20426433
2020/07/02 16:00,11.18244444
2020/07/02 17:00,8.800736178
2020/07/02 18:00,6.891151468
2020/07/02 19:00,11.91567493
2020/07/02 20:00,11.91567493
2020/07/02 21:00,6.162049414
2020/07/02 22:00,5.983014706
2020/07/02 23:00,5.983014706
2020/07/03 00:00,5.983014706
2020/07/03 01:00,5.983014706
2020/07/03 02:00,5.983014706
2020/07/03 03:00,5.983014706
2020/07/03 04:00,5.983014706
2020/07/03 05:00,5.983014706
2020/07/03 06:00,5.448351533
2020/07/03 07:00,2.041893891
2020/07/03 08:00,11.68564796
2020/07/03 09:00,9.023686918
2020/07/03 10:00,9.526446037
2020/07/03 11:00,9.99423032
2020/07/03 12:00,4.405440994
2020/07/03 13:00,5.847037182
2020/07/03 14:00,5.60538865
2020/07/03 15:00,4.93260274
2020/07/03 16:00,0
2020/07/03 17:00,2.49906383
2020/07/03 18:00,6.247659574
2020/07/03 19:00,5.935276596
2020/07/03 20:00,3.515714286
2020/07/03 21:00,6.026938776
2020/07/03 22:00,0.301346939
2020/07/03 23:00,0
2020/07/04 00:00,0
2020/07/04 01:00,0
2020/07/04 02:00,0
2020/07/04 03:00,0
2020/07/04 04:00,0
2020/07/04 05:00,0
2020/07/04 06:00,0
2020/07/04 07:00,0
2020/07/04 08:00,0
2020/07/04 09:00,0
2020/07/04 10:00,0
2020/07/04 11:00,0
2020/07/04 12:00,1.29152
2020/07/04 13:00,5.535085714
2020/07/04 14:00,6.033104582
2020/07/04 15:00,10.83594087
2020/07/04 16:00,7.01214273
2020/07/04 17:00,6.182290076
2020/07/04 18:00,2.472916031
2020/07/04 19:00,0
2020/07/04 20:00,0
2020/07/04 21:00,0
2020/07/04 22:00,0
2020/07/04 23:00,0
2020/07/05 00:00,0
2020/07/05 01:00,0
2020/07/05 02:00,0
2020/07/05 03:00,0
2020/07/05 04:00,0
2020/07/05 05:00,0
2020/07/05 06:00,0
2020/07/05 07:00,0
2020/07/05 08:00,0.106275229
2020/07/05 09:00,6.67713812
2020/07/05 10:00,9.659499426
2020/07/05 11:00,9.283612181
2020/07/05 12:00,5.233321859
2020/07/05 13:00,5.233321859
2020/07/05 14:00,8.505758223
2020/07/05 15:00,12.95440963
2020/07/05 16:00,15.41432419
2020/07/05 17:00,19.8548689
2020/07/05 18:00,20.20708312
2020/07/05 19:00,10.14424441
2020/07/05 20:00,0
2020/07/05 21:00,0
2020/07/05 22:00,0
2020/07/05 23:00,0
2020/07/06 00:00,0
2020/07/06 01:00,0
2020/07/06 02:00,0
2020/07/06 03:00,0
2020/07/06 04:00,0
2020/07/06 05:00,0
2020/07/06 06:00,1.51272
2020/07/06 07:00,2.68928
2020/07/06 08:00,0
2020/07/06 09:00,2.41847482
2020/07/06 10:00,6.309064748
2020/07/06 11:00,9.123035144
2020/07/06 12:00,11.51593233
2020/07/06 13:00,3.153757421
2020/07/06 14:00,2.988099174
2020/07/06 15:00,4.73985205
2020/07/06 16:00,8.722626419
2020/07/06 17:00,11.77878928
2020/07/06 18:00,9.247350348
2020/07/06 19:00,4.936164384
2020/07/06 20:00,3.619853881
2020/07/06 21:00,0
2020/07/06 22:00,0
2020/07/06 23:00,0
2020/07/07 00:00,0
2020/07/07 01:00,0
2020/07/07 02:00,0
2020/07/07 03:00,0
2020/07/07 04:00,0
2020/07/07 05:00,0
2020/07/07 06:00,2.06085
2020/07/07 07:00,2.93515
2020/07/07 08:00,3.460765957
2020/07/07 09:00,0
2020/07/07 10:00,3.847253886
2020/07/07 11:00,5.770880829
2020/07/07 12:00,5.770880829
2020/07/07 13:00,3.173984456
2020/07/07 14:00,4.603139241
2020/07/07 15:00,4.603139241
2020/07/07 16:00,5.33667991
2020/07/07 17:00,9.00438326
2020/07/07 18:00,14.57933803
2020/07/07 19:00,13.05957441
2020/07/07 20:00,11.07687735
2020/07/07 21:00,8.473020654
2020/07/07 22:00,3.194708661
2020/07/07 23:00,0
2020/07/08 00:00,0
2020/07/08 01:00,0
2020/07/08 02:00,0
2020/07/08 03:00,0
2020/07/08 04:00,0
2020/07/08 05:00,0
2020/07/08 06:00,0
2020/07/08 07:00,0.427304348
2020/07/08 08:00,5.371550725
2020/07/08 09:00,4.219014493
2020/07/08 10:00,0.534130435
2020/07/08 11:00,0
2020/07/08 12:00,0
2020/07/08 13:00,0
2020/07/08 14:00,0
2020/07/08 15:00,0
2020/07/08 16:00,1.24775
2020/07/08 17:00,3.74325
2020/07/08 18:00,0.191272727
2020/07/08 19:00,1.912727273
2020/07/08 20:00,0
2020/07/08 21:00,0
2020/07/08 22:00,0
2020/07/08 23:00,0
2020/07/09 00:00,0
2020/07/09 01:00,0
2020/07/09 02:00,0
2020/07/09 03:00,0
2020/07/09 04:00,0
2020/07/09 05:00,0
2020/07/09 06:00,2.057333333
2020/07/09 07:00,6.80662963
2020/07/09 08:00,6.352444444
2020/07/09 09:00,3.705592593
2020/07/09 10:00,0
2020/07/09 11:00,2.478149254
2020/07/09 12:00,5.354773219
2020/07/09 13:00,13.00719971
2020/07/09 14:00,8.983252048
2020/07/09 15:00,5.288024316
2020/07/09 16:00,5.288024316
2020/07/09 17:00,8.39187538
2020/07/09 18:00,4.061823708
2020/07/09 19:00,5.38
2020/07/09 20:00,0.807
2020/07/09 21:00,0
2020/07/09 22:00,0
2020/07/09 23:00,0
2020/07/10 00:00,0
2020/07/10 01:00,0
2020/07/10 02:00,0
2020/07/10 03:00,0
2020/07/10 04:00,0
2020/07/10 05:00,0
2020/07/10 06:00,0.422930233
2020/07/10 07:00,9.510159021
2020/07/10 08:00,15.89977036
2020/07/10 09:00,10.29898835
2020/07/10 10:00,12.03904447
2020/07/10 11:00,7.184157609
2020/07/10 12:00,6.806692444
2020/07/10 13:00,5.222942444
2020/07/10 14:00,2.681315068
2020/07/10 15:00,0
2020/07/10 16:00,3.403642857
2020/07/10 17:00,11.53172881
2020/07/10 18:00,1.028628329
2020/07/10 19:00,0
2020/07/10 20:00,3.185914286
2020/07/10 21:00,3.572085714
2020/07/10 22:00,0
2020/07/10 23:00,0
2020/07/11 00:00,0
2020/07/11 01:00,0
2020/07/11 02:00,0
2020/07/11 03:00,0
2020/07/11 04:00,0
2020/07/11 05:00,0
2020/07/11 06:00,0
2020/07/11 07:00,4.339513514
2020/07/11 08:00,9.868859857
2020/07/11 09:00,13.45000145
2020/07/11 10:00,15.23070637
2020/07/11 11:00,23.93986093
2020/07/11 12:00,9.861143411
2020/07/11 13:00,12.46986475
2020/07/11 14:00,14.5817488
2020/07/11 15:00,20.64309247
2020/07/11 16:00,13.24997102
2020/07/11 17:00,11.88328148
2020/07/11 18:00,9.426254419
2020/07/11 19:00,9.127268808
2020/07/11 20:00,9.127268808
2020/07/11 21:00,2.856396477
2020/07/11 22:00,0
2020/07/11 23:00,0
2020/07/12 00:00,0
2020/07/12 01:00,0
2020/07/12 02:00,0
2020/07/12 03:00,0
2020/07/12 04:00,0
2020/07/12 05:00,0
2020/07/12 06:00,0
2020/07/12 07:00,0
2020/07/12 08:00,1.516721519
2020/07/12 09:00,7.000253165
2020/07/12 10:00,0.700025316
2020/07/12 11:00,0
2020/07/12 12:00,0
2020/07/12 13:00,9.290289062
2020/07/12 14:00,12.9850292
2020/07/12 15:00,11.77935255
2020/07/12 16:00,1.391329193
2020/07/12 17:00,0
2020/07/12 18:00,0
2020/07/12 19:00,0
2020/07/12 20:00,4.667230769
2020/07/12 21:00,1.927769231
2020/07/12 22:00,0
2020/07/12 23:00,0
2020/07/13 00:00,0
2020/07/13 01:00,0
2020/07/13 02:00,0
2020/07/13 03:00,0
2020/07/13 04:00,0
2020/07/13 05:00,0
2020/07/13 06:00,0
2020/07/13 07:00,2.989454148
2020/07/13 08:00,5.435371179
2020/07/13 09:00,5.435371179
2020/07/13 10:00,6.485048598
2020/07/13 11:00,3.974254895
2020/07/13 12:00,3.7925
2020/07/13 13:00,0
2020/07/13 14:00,0
2020/07/13 15:00,2.731516129
2020/07/13 16:00,3.440202972
2020/07/13 17:00,7.866157462
2020/07/13 18:00,3.68753723
2020/07/13 19:00,0.435586207
2020/07/13 20:00,0
2020/07/13 21:00,0
2020/07/13 22:00,0
2020/07/13 23:00,0
2020/07/14 00:00,0
2020/07/14 01:00,0
2020/07/14 02:00,0
2020/07/14 03:00,0
2020/07/14 04:00,0
2020/07/14 05:00,0
2020/07/14 06:00,8.732241735
2020/07/14 07:00,17.62728675
2020/07/14 08:00,15.87061105
2020/07/14 09:00,6.477424568
2020/07/14 10:00,6.629208371
2020/07/14 11:00,10.0149583
2020/07/14 12:00,12.52965958
2020/07/14 13:00,7.625742979
2020/07/14 14:00,3.949866667
2020/07/14 15:00,0
2020/07/14 16:00,7.592513636
2020/07/14 17:00,7.146486364
2020/07/14 18:00,0
2020/07/14 19:00,0
2020/07/14 20:00,0
2020/07/14 21:00,0
2020/07/14 22:00,0
2020/07/14 23:00,0
2020/07/15 00:00,0
2020/07/15 01:00,0
2020/07/15 02:00,0
2020/07/15 03:00,0
2020/07/15 04:00,0
2020/07/15 05:00,0
2020/07/15 06:00,0
2020/07/15 07:00,4.311731343
2020/07/15 08:00,6.309850746
2020/07/15 09:00,6.309850746
2020/07/15 10:00,6.148567164
2020/07/15 11:00,8.876363636
2020/07/15 12:00,3.210909091
2020/07/15 13:00,0.802727273
2020/07/15 14:00,0.612886792
2020/07/15 15:00,2.340113208
2020/07/15 16:00,0
2020/07/15 17:00,0
2020/07/15 18:00,2.674657534
2020/07/15 19:00,5.135342466
2020/07/15 20:00,0
2020/07/15 21:00,0
2020/07/15 22:00,0
2020/07/15 23:00,0
2020/07/16 00:00,0
2020/07/16 01:00,0
2020/07/16 02:00,0
2020/07/16 03:00,0
2020/07/16 04:00,0
2020/07/16 05:00,0
2020/07/16 06:00,2.153886792
2020/07/16 07:00,7.326692518
2020/07/16 08:00,5.918896552
2020/07/16 09:00,6.338408009
2020/07/16 10:00,5.519765356
2020/07/16 11:00,7.005350773
2020/07/16 12:00,0
2020/07/16 13:00,1.518844444
2020/07/16 14:00,7.758626144
2020/07/16 15:00,2.397529412
2020/07/16 16:00,0.22227027
2020/07/16 17:00,4.429297297
2020/07/16 18:00,7.337668661
2020/07/16 19:00,7.214458428
2020/07/16 20:00,3.016305344
2020/07/16 21:00,0
2020/07/16 22:00,0
2020/07/16 23:00,0
2020/07/17 00:00,0
2020/07/17 01:00,0
2020/07/17 02:00,0
2020/07/17 03:00,0
2020/07/17 04:00,0
2020/07/17 05:00,0
2020/07/17 06:00,4.426938776
2020/07/17 07:00,3.864661224
2020/07/17 08:00,4.584
2020/07/17 09:00,7.392636364
2020/07/17 10:00,5.738763636
2020/07/17 11:00,8.731215071
2020/07/17 12:00,9.556784929
2020/07/17 13:00,0
2020/07/17 14:00,3.484285714
2020/07/17 15:00,6.906565224
2020/07/17 16:00,15.54402731
2020/07/17 17:00,17.23241091
2020/07/17 18:00,18.22190732
2020/07/17 19:00,15.35806846
2020/07/17 20:00,6.015828221
2020/07/17 21:00,6.015828221
2020/07/17 22:00,0.100263804
2020/07/17 23:00,0
2020/07/18 00:00,0
2020/07/18 01:00,0
2020/07/18 02:00,0
2020/07/18 03:00,0
2020/07/18 04:00,0
2020/07/18 05:00,0
2020/07/18 06:00,4.907773585
2020/07/18 07:00,3.153408233
2020/07/18 08:00,9.325559019
2020/07/18 09:00,7.601895527
2020/07/18 10:00,8.139171717
2020/07/18 11:00,11.10919192
2020/07/18 12:00,0
2020/07/18 13:00,0
2020/07/18 14:00,8.119709707
2020/07/18 15:00,8.922470893
2020/07/18 16:00,10.19479498
2020/07/18 17:00,10.19479498
2020/07/18 18:00,10.19479498
2020/07/18 19:00,4.559434467
2020/07/18 20:00,0
2020/07/18 21:00,0
2020/07/18 22:00,0
2020/07/18 23:00,0
2020/07/19 00:00,0
2020/07/19 01:00,0
2020/07/19 02:00,0
2020/07/19 03:00,0
2020/07/19 04:00,0
2020/07/19 05:00,0
2020/07/19 06:00,1.92509434
2020/07/19 07:00,3.44490566
2020/07/19 08:00,0.664705882
2020/07/19 09:00,4.985294118
2020/07/19 10:00,0
2020/07/19 11:00,6.588022176
2020/07/19 12:00,8.618683707
2020/07/19 13:00,6.668620973
2020/07/19 14:00,8.98315371
2020/07/19 15:00,11.92707738
2020/07/19 16:00,12.71952634
2020/07/19 17:00,8.231357414
2020/07/19 18:00,1.305558304
2020/07/19 19:00,0
2020/07/19 20:00,0
2020/07/19 21:00,0
2020/07/19 22:00,0
2020/07/19 23:00,0
2020/07/20 00:00,0
2020/07/20 01:00,0
2020/07/20 02:00,0
2020/07/20 03:00,0
2020/07/20 04:00,0
2020/07/20 05:00,0
2020/07/20 06:00,1.534210526
2020/07/20 07:00,9.025252284
2020/07/20 08:00,6.305950413
2020/07/20 09:00,7.846265348
2020/07/20 10:00,1.078385945
2020/07/20 11:00,7.54143898
2020/07/20 12:00,10.3644516
2020/07/20 13:00,11.65281392
2020/07/20 14:00,4.915230987
2020/07/20 15:00,5.510674157
2020/07/20 16:00,4.298325843
2020/07/20 17:00,0
2020/07/20 18:00,0
2020/07/20 19:00,0
2020/07/20 20:00,1.187268293
2020/07/20 21:00,1.130731707
2020/07/20 22:00,0
2020/07/20 23:00,0
2020/07/21 00:00,0
2020/07/21 01:00,0
2020/07/21 02:00,0
2020/07/21 03:00,0
2020/07/21 04:00,0
2020/07/21 05:00,0
2020/07/21 06:00,0
2020/07/21 07:00,3.290055838
2020/07/21 08:00,5.061624365
2020/07/21 09:00,5.061624365
2020/07/21 10:00,8.483224843
2020/07/21 11:00,4.835730704
2020/07/21 12:00,6.692601156
2020/07/21 13:00,13.95320481
2020/07/21 14:00,18.168985
2020/07/21 15:00,12.01717559
2020/07/21 16:00,11.44082438
2020/07/21 17:00,12.74757302
2020/07/21 18:00,8.745887034
2020/07/21 19:00,0.210488889
2020/07/21 20:00,0
2020/07/21 21:00,0
2020/07/21 22:00,0
2020/07/21 23:00,0
2020/07/22 00:00,0
2020/07/22 01:00,0
2020/07/22 02:00,0
2020/07/22 03:00,0
2020/07/22 04:00,0
2020/07/22 05:00,0.546797753
2020/07/22 06:00,9.68946893
2020/07/22 07:00,7.186733317
2020/07/22 08:00,0
2020/07/22 09:00,0
2020/07/22 10:00,0.744709677
2020/07/22 11:00,1.617580645
2020/07/22 12:00,6.561269296
2020/07/22 13:00,9.621332689
2020/07/22 14:00,6.360923077
2020/07/22 15:00,1.836382418
2020/07/22 16:00,5.641978022
2020/07/22 17:00,2.350824176
2020/07/22 18:00,0
2020/07/22 19:00,0
2020/07/22 20:00,0
2020/07/22 21:00,0
2020/07/22 22:00,0
2020/07/22 23:00,0
2020/07/23 00:00,0
2020/07/23 01:00,0
2020/07/23 02:00,0
2020/07/23 03:00,0
2020/07/23 04:00,0
2020/07/23 05:00,0
2020/07/23 06:00,5.556964286
2020/07/23 07:00,5.168840949
2020/07/23 08:00,14.55482959
2020/07/23 09:00,18.44210722
2020/07/23 10:00,17.17663974
2020/07/23 11:00,14.87048395
2020/07/23 12:00,6.521985662
2020/07/23 13:00,9.483514
2020/07/23 14:00,14.87072223
2020/07/23 15:00,11.3730982
2020/07/23 16:00,2.236814159
2020/07/23 17:00,2.029090909
2020/07/23 18:00,4.666909091
2020/07/23 19:00,4.854428571
2020/07/23 20:00,6.197142857
2020/07/23 21:00,2.685428571
2020/07/23 22:00,0
2020/07/23 23:00,0
2020/07/24 00:00,0
2020/07/24 01:00,0
2020/07/24 02:00,0
2020/07/24 03:00,0
2020/07/24 04:00,0
2020/07/24 05:00,1.766904215
2020/07/24 06:00,10.0769339
2020/07/24 07:00,20.29563986
2020/07/24 08:00,15.65043042
2020/07/24 09:00,8.160253044
2020/07/24 10:00,3.906726457
2020/07/24 11:00,3.515652648
2020/07/24 12:00,8.111411411
2020/07/24 13:00,17.95303618
2020/07/24 14:00,11.14711997
2020/07/24 15:00,1.698800983
2020/07/24 16:00,5.617090909
2020/07/24 17:00,4.578876404
2020/07/24 18:00,4.477123596
2020/07/24 19:00,2.707207792
2020/07/24 20:00,5.414415584
2020/07/24 21:00,5.414415584
2020/07/24 22:00,5.414415584
2020/07/24 23:00,5.414415584
2020/07/25 00:00,5.414415584
2020/07/25 01:00,5.414415584
2020/07/25 02:00,5.414415584
2020/07/25 03:00,1.082883117
2020/07/25 04:00,0
2020/07/25 05:00,0
2020/07/25 06:00,0
2020/07/25 07:00,0
2020/07/25 08:00,3.280664063
2020/07/25 09:00,10.66241752
2020/07/25 10:00,9.231623335
2020/07/25 11:00,3.82259943
2020/07/25 12:00,11.57221817
2020/07/25 13:00,9.160825311
2020/07/25 14:00,0.441652174
2020/07/25 15:00,0
2020/07/25 16:00,0
2020/07/25 17:00,0
2020/07/25 18:00,0
2020/07/25 19:00,0
2020/07/25 20:00,0
2020/07/25 21:00,0
2020/07/25 22:00,0
2020/07/25 23:00,0
2020/07/26 00:00,0
2020/07/26 01:00,0
2020/07/26 02:00,0
2020/07/26 03:00,0
2020/07/26 04:00,0
2020/07/26 05:00,0
2020/07/26 06:00,0
2020/07/26 07:00,0
2020/07/26 08:00,0
2020/07/26 09:00,0
2020/07/26 10:00,4.15294314
2020/07/26 11:00,6.813527146
2020/07/26 12:00,17.36394811
2020/07/26 13:00,10.14362916
2020/07/26 14:00,10.70034599
2020/07/26 15:00,7.641083133
2020/07/26 16:00,6.480728133
2020/07/26 17:00,4.325783133
2020/07/26 18:00,4.325783133
2020/07/26 19:00,4.325783133
2020/07/26 20:00,1.081445783
2020/07/26 21:00,0
2020/07/26 22:00,0
2020/07/26 23:00,0
2020/07/27 00:00,0
2020/07/27 01:00,0
2020/07/27 02:00,0
2020/07/27 03:00,0
2020/07/27 04:00,0
2020/07/27 05:00,0.109
2020/07/27 06:00,6.54
2020/07/27 07:00,7.343861878
2020/07/27 08:00,8.639450276
2020/07/27 09:00,12.9675217
2020/07/27 10:00,2.406761885
2020/07/27 11:00,4.965957447
2020/07/27 12:00,3.150191706
2020/07/27 13:00,5.703734966
2020/07/27 14:00,6.391287053
2020/07/27 15:00,5.833233083
2020/07/27 16:00,5.024285714
2020/07/27 17:00,8.58687395
2020/07/27 18:00,8.421811479
2020/07/27 19:00,4.140028857
2020/07/27 20:00,0
2020/07/27 21:00,0
2020/07/27 22:00,0
2020/07/27 23:00,0
2020/07/28 00:00,0
2020/07/28 01:00,0
2020/07/28 02:00,0
2020/07/28 03:00,0
2020/07/28 04:00,0
2020/07/28 05:00,0
2020/07/28 06:00,0
2020/07/28 07:00,5.55804918
2020/07/28 08:00,6.292131148
2020/07/28 09:00,4.22097199
2020/07/28 10:00,9.129951695
2020/07/28 11:00,10.10205169
2020/07/28 12:00,12.82786036
2020/07/28 13:00,11.76258417
2020/07/28 14:00,5.653399768
2020/07/28 15:00,0
2020/07/28 16:00,6.177230996
2020/07/28 17:00,10.70810482
2020/07/28 18:00,7.904184864
2020/07/28 19:00,7.629184864
2020/07/28 20:00,5.088294458
2020/07/28 21:00,0
2020/07/28 22:00,0
2020/07/28 23:00,0
2020/07/29 00:00,0
2020/07/29 01:00,0
2020/07/29 02:00,0
2020/07/29 03:00,0
2020/07/29 04:00,0
2020/07/29 05:00,0
2020/07/29 06:00,2.561538462
2020/07/29 07:00,9.102799928
2020/07/29 08:00,8.017985145
2020/07/29 09:00,11.04020822
2020/07/29 10:00,12.07385624
2020/07/29 11:00,8.486686085
2020/07/29 12:00,5.481206349
2020/07/29 13:00,7.435495087
2020/07/29 14:00,7.576438109
2020/07/29 15:00,10.11114834
2020/07/29 16:00,5.707505684
2020/07/29 17:00,3.357352941
2020/07/29 18:00,7.273238221
2020/07/29 19:00,14.20447328
2020/07/29 20:00,8.304116655
2020/07/29 21:00,5.484433962
2020/07/29 22:00,5.484433962
2020/07/29 23:00,5.484433962
2020/07/30 00:00,5.484433962
2020/07/30 01:00,5.484433962
2020/07/30 02:00,5.484433962
2020/07/30 03:00,5.484433962
2020/07/30 04:00,5.484433962
2020/07/30 05:00,1.00547956
2020/07/30 06:00,1.40629889
2020/07/30 07:00,11.10509869
2020/07/30 08:00,9.105487037
2020/07/30 09:00,4.170115385
2020/07/30 10:00,4.690184739
2020/07/30 11:00,5.98746988
2020/07/30 12:00,12.04201533
2020/07/30 13:00,15.60662139
2020/07/30 14:00,11.7311632
2020/07/30 15:00,0.412
2020/07/30 16:00,6.18
2020/07/30 17:00,3.296
2020/07/30 18:00,0
2020/07/30 19:00,0
2020/07/30 20:00,0
2020/07/30 21:00,0
2020/07/30 22:00,0
2020/07/30 23:00,0
2020/07/31 00:00,0
2020/07/31 01:00,0
2020/07/31 02:00,0
2020/07/31 03:00,0
2020/07/31 04:00,0
2020/07/31 05:00,0
2020/07/31 06:00,0
2020/07/31 07:00,9.448953721
2020/07/31 08:00,10.81748669
2020/07/31 09:00,11.86627782
2020/07/31 10:00,10.71693112
2020/07/31 11:00,3.187350649
2020/07/31 12:00,0
2020/07/31 13:00,5.09745
2020/07/31 14:00,0.89955
2020/07/31 15:00,1.582631579
2020/07/31 16:00,1.424368421
2020/07/31 17:00,0
2020/07/31 18:00,0.241808511
2020/07/31 19:00,2.031191489
2020/07/31 20:00,4.795067788
2020/07/31 21:00,9.051116208
2020/07/31 22:00,2.542816004
2020/07/31 23:00,0
